dataset_type,train_number,train_type,station_sequence,current_delay,current_speed,distance_to_next_station,distance_from_origin,journey_time,station_halt_duration,time_of_day,day_of_week,signal_status,signal_waiting_time,block_status,track_occupancy,section_restriction,construction_active,maintenance_active,engineering_block,temporary_speed_restriction,affected_section,restriction_duration,congestion_level,preceding_train_delay,train_density,previous_station_delay,temperature,humidity,precipitation,rain,showers,weather_code,cloud_cover,visibility,wind_speed,wind_direction,wind_gusts,weather_impact,actual_additional_delay_minutes
SIMULATED TRAINING DATA — PROTOTYPE ONLY,43403,EMU Local,12,4.6,32.8,1.2,22.549999999999997,45.2,0.5,20,3,Warning,2.0,Occupied,0.71,0,0,0,0,0,0,0,0.85,1.0,5,3.1,34.5,66.0,0.0,0.0,0.0,0,58.2,6854.0,7.9,151,12.2,0,4.5
SIMULATED TRAINING DATA — PROTOTYPE ONLY,43221,EMU Local,4,3.8,45.9,1.8,6.1499999999999995,14.9,0.5,13,6,Normal,0.9,Clear,0.46,0,0,0,0,0,0,0,0.09,0.4,1,2.4,32.5,64.1,0.0,0.0,0.0,0,32.9,7383.0,32.5,211,40.8,1,2.7
SIMULATED TRAINING DATA — PROTOTYPE ONLY,43245,EMU Local,3,5.9,53.6,1.5,4.1,13.3,1.5,10,4,Normal,0.1,Clear,0.44,0,1,0,0,20,1,65,0.58,3.9,1,6.4,31.1,54.4,3.3000000000000003,3.2,0.0,61,85.8,5108.0,33.5,357,56.9,2,14.4
SIMULATED TRAINING DATA — PROTOTYPE ONLY,43409,EMU Local,17,2.4,68.3,1.9,32.8,61.4,0.5,7,1,Warning,4.5,Occupied,0.97,0,0,1,0,30,1,78,0.29,4.3,2,4.0,31.4,83.2,0.0,0.0,0.0,0,38.3,8357.0,32.9,329,51.9,2,15.3
SIMULATED TRAINING DATA — PROTOTYPE ONLY,43209,Fast Local,18,2.6,17.9,1.9,34.849999999999994,65.3,0.5,13,5,Normal,0.3,Clear,0.31,0,0,1,0,20,1,52,0.45,0.3,1,2.3,25.7,79.1,0.0,0.0,0.0,0,59.0,8039.0,23.1,109,35.1,1,11.8
SIMULATED TRAINING DATA — PROTOTYPE ONLY,43207,MEMU,18,4.1,52.9,1.7,34.849999999999994,66.8,1.0,10,2,Warning,3.1,Occupied,0.82,0,0,0,0,0,0,0,0.94,2.0,5,5.4,28.2,67.2,0.0,0.0,0.0,0,35.1,7143.0,14.7,189,23.1,0,6.7
SIMULATED TRAINING DATA — PROTOTYPE ONLY,43245,Fast Local,17,0.5,55.3,2.0,32.8,59.5,1.5,14,6,Normal,1.0,Clear,0.5,0,0,0,0,0,0,0,0.38,1.8,1,0.0,37.6,75.9,7.1000000000000005,6.4,1.5,63,85.5,9876.0,33.2,144,52.2,2,9.7
SIMULATED TRAINING DATA — PROTOTYPE ONLY,43223,EMU Local,12,2.3,30.2,2.5,22.549999999999997,42.9,1.0,11,1,Normal,0.1,Clear,0.11,0,0,1,1,30,1,77,0.24,0.7,1,2.0,32.3,67.0,5.800000000000001,3.2,0.0,61,99.2,5866.0,34.6,319,46.1,2,9.1
SIMULATED TRAINING DATA — PROTOTYPE ONLY,43403,EMU Local,21,14.3,36.6,2.9,41.0,88.1,0.5,11,0,Normal,0.1,Clear,0.29,0,0,0,0,0,0,0,0.2,0.0,1,14.2,34.2,69.3,0.0,0.0,0.0,0,19.4,7909.0,35.3,122,43.1,1,2.4
SIMULATED TRAINING DATA — PROTOTYPE ONLY,43425,EMU Local,4,0.2,17.5,1.9,6.1499999999999995,11.3,1.5,8,6,Warning,5.9,Occupied,0.9,0,0,0,0,0,0,0,0.75,1.1,5,0.0,29.0,78.1,0.0,0.0,0.0,0,28.9,7793.0,27.3,164,33.4,1,10.1
SIMULATED TRAINING DATA — PROTOTYPE ONLY,43219,EMU Local,12,1.5,34.5,2.1,22.549999999999997,42.1,1.0,8,5,Normal,0.1,Clear,0.49,0,0,0,0,0,0,0,0.73,4.0,5,0.5,35.0,71.8,0.0,0.0,0.0,0,32.4,5539.0,22.7,65,32.5,1,4.7
SIMULATED TRAINING DATA — PROTOTYPE ONLY,43511,MEMU,21,1.5,45.5,2.4,41.0,75.3,0.5,10,4,Normal,0.0,Clear,0.23,0,0,1,0,20,1,80,0.75,1.8,4,1.1,30.4,72.2,0.0,0.0,0.0,0,42.8,7370.0,5.1,211,6.7,0,8.5
SIMULATED TRAINING DATA — PROTOTYPE ONLY,43209,EMU Local,20,4.0,65.9,1.4,38.949999999999996,74.1,1.0,7,6,Normal,0.3,Clear,0.1,0,0,0,0,0,0,0,0.49,2.0,2,1.6,25.8,49.1,0.0,0.0,0.0,0,40.8,5241.0,9.1,315,13.2,0,3.5
SIMULATED TRAINING DATA — PROTOTYPE ONLY,43209,EMU Local,15,0.4,67.3,2.0,28.699999999999996,52.1,1.0,5,2,Normal,0.1,Clear,0.33,0,0,1,0,20,1,32,0.21,0.8,1,1.2,31.2,81.9,0.0,0.0,0.0,0,19.3,7124.0,21.1,142,35.9,1,8.3
SIMULATED TRAINING DATA — PROTOTYPE ONLY,43237,EMU Local,16,4.0,26.6,1.8,30.749999999999996,59.4,1.0,22,1,Normal,0.2,Clear,0.45,0,1,0,0,20,1,56,0.05,0.5,1,4.0,36.7,87.6,0.0,0.0,0.0,2,16.3,5090.0,28.9,92,41.1,1,8.7
SIMULATED TRAINING DATA — PROTOTYPE ONLY,43223,EMU Local,5,0.4,63.9,2.7,8.2,15.2,1.5,5,6,Normal,0.2,Clear,0.23,0,0,0,0,0,0,0,0.32,2.2,1,1.8,23.2,84.3,2.8,0.8,0.0,61,74.1,5748.0,6.6,198,9.4,0,0.8
SIMULATED TRAINING DATA — PROTOTYPE ONLY,43401,MEMU,21,0.4,12.8,3.2,41.0,74.2,1.0,19,1,Warning,6.0,Occupied,0.76,0,0,0,0,0,0,0,0.71,1.0,3,0.3,34.4,65.6,4.4,1.2,0.0,61,72.9,7304.0,22.8,35,27.5,0,8.6
SIMULATED TRAINING DATA — PROTOTYPE ONLY,43207,EMU Local,15,5.2,33.2,1.6,28.699999999999996,56.9,1.5,15,2,Warning,2.8,Occupied,0.64,0,0,0,0,0,0,0,0.51,1.2,1,3.0,32.1,83.7,0.0,0.0,0.0,0,40.8,8733.0,20.1,47,32.2,1,7.2
SIMULATED TRAINING DATA — PROTOTYPE ONLY,43237,EMU Local,17,1.6,37.5,2.9,32.8,60.6,1.0,18,0,Normal,0.0,Clear,0.34,0,0,0,0,0,0,0,0.76,1.7,4,2.0,41.9,77.2,0.0,0.0,0.0,0,40.7,7531.0,9.7,219,16.2,0,2.9
SIMULATED TRAINING DATA — PROTOTYPE ONLY,43203,EMU Local,18,15.2,45.8,1.2,34.849999999999994,77.9,0.5,13,0,Warning,3.7,Occupied,0.73,0,0,0,0,0,0,0,0.05,0.1,2,14.4,40.7,61.6,14.8,13.8,2.3,63,71.6,7654.0,18.8,344,30.4,1,6.4
SIMULATED TRAINING DATA — PROTOTYPE ONLY,43227,EMU Local,5,0.2,43.6,2.2,8.2,15.0,1.0,9,6,Normal,0.2,Clear,0.24,0,0,0,0,0,0,0,0.88,3.0,5,1.5,24.4,68.4,13.5,11.3,2.9,63,76.6,6899.0,16.7,183,21.6,1,4.9
SIMULATED TRAINING DATA — PROTOTYPE ONLY,43223,MEMU,13,2.4,47.5,2.3,24.599999999999998,46.7,0.5,16,1,Normal,0.6,Clear,0.24,0,0,1,0,15,1,100,0.28,0.3,2,2.1,37.0,70.8,0.0,0.0,0.0,0,38.7,8022.0,32.0,236,49.2,2,14.8
SIMULATED TRAINING DATA — PROTOTYPE ONLY,43201,Fast Local,19,0.5,39.3,1.2,36.9,66.9,0.5,9,3,Warning,5.9,Occupied,0.65,0,0,0,0,0,0,0,0.59,0.4,1,2.9,29.9,44.0,0.0,0.0,0.0,0,60.0,9102.0,11.5,196,15.9,0,7.3
SIMULATED TRAINING DATA — PROTOTYPE ONLY,43237,Fast Local,13,1.7,56.4,1.6,24.599999999999998,46.0,1.0,5,2,Warning,5.3,Occupied,0.87,0,0,0,0,0,0,0,0.26,0.1,2,0.6,30.7,74.3,9.600000000000001,9.3,3.1,63,84.2,9539.0,37.5,157,48.0,2,12.1
SIMULATED TRAINING DATA — PROTOTYPE ONLY,43211,MEMU,18,25.3,52.4,1.5,34.849999999999994,88.0,1.0,17,5,Normal,0.7,Clear,0.14,0,0,0,0,0,0,0,0.87,1.0,3,25.6,29.2,58.5,0.0,0.0,0.0,0,47.9,9969.0,34.8,285,54.8,2,10.2
SIMULATED TRAINING DATA — PROTOTYPE ONLY,43247,EMU Local,14,8.8,37.7,1.3,26.65,56.8,0.5,21,6,Warning,5.3,Occupied,0.68,0,0,1,0,30,1,114,0.8,1.8,5,9.5,28.7,59.3,0.0,0.0,0.0,0,22.8,8760.0,29.1,97,37.4,1,13.4
SIMULATED TRAINING DATA — PROTOTYPE ONLY,43503,EMU Local,4,0.2,54.6,1.0,6.1499999999999995,11.3,0.5,9,0,Normal,0.1,Clear,0.37,0,0,0,0,0,0,0,0.51,0.2,2,0.0,36.8,73.9,0.0,0.0,0.0,0,35.9,5571.0,31.4,49,37.8,1,4.0
SIMULATED TRAINING DATA — PROTOTYPE ONLY,43201,EMU Local,4,3.3,73.0,2.0,6.1499999999999995,14.4,0.5,22,5,Warning,3.9,Occupied,0.85,0,0,0,0,0,0,0,0.26,1.0,2,1.7,22.1,67.9,7.3,6.1,3.7,63,73.2,5732.0,8.2,112,10.8,1,7.7
SIMULATED TRAINING DATA — PROTOTYPE ONLY,43251,EMU Local,20,4.2,31.9,2.0,38.949999999999996,74.3,1.5,17,0,Normal,0.0,Clear,0.47,0,1,0,0,15,1,26,0.93,6.6,5,4.0,28.8,60.0,5.199999999999999,3.3,0.0,61,84.2,7491.0,30.4,144,37.2,1,15.2
SIMULATED TRAINING DATA — PROTOTYPE ONLY,43435,MEMU,20,0.9,67.1,2.0,38.949999999999996,71.0,0.5,16,0,Warning,2.3,Occupied,0.85,0,0,0,0,0,0,0,0.08,0.2,1,0.0,34.2,73.8,9.5,9.2,1.7,63,85.0,8377.0,11.6,132,18.3,1,6.1
SIMULATED TRAINING DATA — PROTOTYPE ONLY,43223,EMU Local,19,0.6,33.2,2.6,36.9,67.0,1.0,11,4,Normal,0.8,Clear,0.35,0,0,0,0,0,0,0,0.16,1.2,2,0.0,23.3,61.7,0.0,0.0,0.0,0,48.9,5641.0,34.2,230,41.9,1,4.2
SIMULATED TRAINING DATA — PROTOTYPE ONLY,43501,Fast Local,13,9.4,63.2,1.0,24.599999999999998,53.7,1.0,8,6,Normal,0.1,Clear,0.34,0,0,0,0,0,0,0,0.68,0.4,1,9.2,30.6,61.7,0.0,0.0,0.0,0,51.2,6991.0,18.2,333,22.7,0,0.6
SIMULATED TRAINING DATA — PROTOTYPE ONLY,43211,EMU Local,12,13.9,33.8,1.9,22.549999999999997,54.5,0.5,16,5,Normal,0.6,Clear,0.39,0,0,0,0,0,0,0,0.23,0.1,1,15.1,26.7,86.1,0.0,0.0,0.0,2,19.0,7914.0,27.7,319,35.5,1,3.4
SIMULATED TRAINING DATA — PROTOTYPE ONLY,43425,EMU Local,7,19.3,53.5,3.6,12.299999999999999,41.4,0.5,9,3,Normal,1.0,Clear,0.15,0,0,0,0,0,0,0,0.91,5.4,5,19.6,32.4,73.9,0.0,0.0,0.0,0,16.5,6002.0,30.5,264,38.1,1,7.0
SIMULATED TRAINING DATA — PROTOTYPE ONLY,43227,EMU Local,12,6.2,44.7,2.6,22.549999999999997,46.8,0.5,22,0,Normal,1.6,Clear,0.46,0,1,0,1,20,1,96,0.22,2.8,1,5.7,31.7,76.0,0.0,0.0,0.0,0,57.4,8495.0,21.9,192,31.4,1,11.5
SIMULATED TRAINING DATA — PROTOTYPE ONLY,43245,Fast Local,21,4.4,15.2,2.6,41.0,78.2,1.0,14,3,Warning,4.4,Occupied,1.0,0,0,0,1,0,1,100,0.23,0.3,1,3.8,35.2,90.8,0.0,0.0,0.0,2,46.1,6693.0,18.9,18,28.7,0,8.2
SIMULATED TRAINING DATA — PROTOTYPE ONLY,43211,EMU Local,4,1.7,70.7,1.5,6.1499999999999995,12.8,1.0,19,1,Warning,6.5,Occupied,0.64,0,0,0,0,0,0,0,0.79,3.0,4,1.0,22.2,69.2,0.0,0.0,0.0,0,17.0,6357.0,18.9,32,25.9,0,9.1
SIMULATED TRAINING DATA — PROTOTYPE ONLY,43423,EMU Local,2,0.8,28.6,2.0,2.05,4.5,1.0,8,1,Normal,0.3,Clear,0.35,0,0,1,0,30,1,82,0.69,2.6,1,1.9,33.2,64.4,0.0,0.0,0.0,0,14.1,5365.0,33.7,122,45.9,2,10.8
SIMULATED TRAINING DATA — PROTOTYPE ONLY,43217,EMU Local,2,0.3,23.0,1.0,2.05,4.0,1.0,15,4,Warning,4.6,Occupied,0.91,0,0,0,0,0,0,0,0.22,0.9,1,0.0,28.5,64.6,0.0,0.0,0.0,0,29.3,8413.0,37.2,327,51.8,2,12.4
SIMULATED TRAINING DATA — PROTOTYPE ONLY,43239,EMU Local,5,4.7,32.4,2.5,8.2,19.5,0.5,20,3,Normal,0.4,Clear,0.12,0,0,0,0,0,0,0,0.65,1.9,2,3.7,37.3,94.2,0.0,0.0,0.0,2,15.6,6085.0,28.2,1,43.7,1,3.4
SIMULATED TRAINING DATA — PROTOTYPE ONLY,43239,EMU Local,10,6.1,75.0,2.9,18.45,39.3,0.5,5,2,Normal,0.5,Clear,0.16,0,0,0,0,0,0,0,0.56,0.6,1,4.3,29.7,70.9,0.0,0.0,0.0,0,45.5,5594.0,20.3,197,24.8,0,1.5
SIMULATED TRAINING DATA — PROTOTYPE ONLY,43249,MEMU,10,7.0,23.2,1.2,18.45,40.2,1.5,13,4,Warning,6.3,Occupied,0.74,0,1,0,0,20,1,23,0.1,0.0,2,7.7,28.2,60.8,0.0,0.0,0.0,0,19.1,6517.0,12.8,37,21.7,0,9.7
SIMULATED TRAINING DATA — PROTOTYPE ONLY,43505,EMU Local,9,9.8,44.7,1.4,16.4,39.3,1.0,18,0,Normal,0.4,Clear,0.45,0,0,0,0,0,0,0,0.81,0.0,4,11.6,29.3,73.6,0.0,0.0,0.0,0,34.7,8648.0,21.7,156,36.5,1,2.7
SIMULATED TRAINING DATA — PROTOTYPE ONLY,43251,EMU Local,13,8.5,25.2,2.1,24.599999999999998,52.8,1.0,22,1,Warning,3.3,Occupied,0.69,0,1,1,0,20,1,83,0.19,0.1,1,9.2,33.8,64.5,0.0,0.0,0.0,0,28.3,6414.0,9.4,173,13.6,0,9.1
SIMULATED TRAINING DATA — PROTOTYPE ONLY,43435,EMU Local,7,33.0,27.7,2.2,12.299999999999999,55.1,1.0,23,6,Warning,4.7,Occupied,0.72,0,0,0,0,0,0,0,0.28,0.1,1,33.8,34.3,67.1,0.0,0.0,0.0,0,41.1,5151.0,34.2,59,42.7,1,6.5
SIMULATED TRAINING DATA — PROTOTYPE ONLY,43435,EMU Local,5,1.1,18.0,1.8,8.2,15.9,0.5,20,1,Normal,1.5,Clear,0.22,0,0,0,0,0,0,0,0.58,0.1,1,0.5,31.4,91.5,0.0,0.0,0.0,2,56.3,8042.0,32.5,6,48.0,2,6.4
SIMULATED TRAINING DATA — PROTOTYPE ONLY,43215,MEMU,10,5.8,46.7,1.6,18.45,39.0,0.5,22,2,Normal,0.3,Clear,0.46,0,0,0,0,0,0,0,0.1,0.0,1,6.4,27.6,73.5,0.0,0.0,0.0,0,31.0,7902.0,30.6,213,48.7,2,5.3
SIMULATED TRAINING DATA — PROTOTYPE ONLY,43409,EMU Local,10,3.5,39.6,1.6,18.45,36.7,1.0,22,4,Normal,0.1,Clear,0.19,0,0,0,0,0,0,0,0.28,0.0,2,2.6,26.8,56.7,7.2,7.2,3.6,63,86.6,9342.0,9.0,171,13.6,1,1.7
SIMULATED TRAINING DATA — PROTOTYPE ONLY,43247,EMU Local,6,1.2,25.0,2.1,10.25,19.6,1.5,16,3,Critical,12.6,Restricted,0.92,1,1,0,0,30,1,94,0.26,0.7,1,0.5,34.2,66.7,0.0,0.0,0.0,0,53.3,5827.0,22.2,320,35.5,1,23.4
SIMULATED TRAINING DATA — PROTOTYPE ONLY,43247,EMU Local,19,16.0,55.1,2.5,36.9,82.4,0.5,16,6,Normal,0.2,Clear,0.2,0,0,0,0,0,0,0,0.15,0.0,2,16.0,33.6,49.8,0.0,0.0,0.0,0,41.6,9742.0,19.9,169,26.6,0,0.0
SIMULATED TRAINING DATA — PROTOTYPE ONLY,43409,Fast Local,21,9.1,56.7,2.1,41.0,82.9,0.5,19,1,Normal,0.8,Clear,0.4,0,0,0,0,0,0,0,0.77,15.0,3,9.2,33.1,62.9,8.0,7.6,1.5,63,96.5,5251.0,12.6,359,16.1,1,10.6
SIMULATED TRAINING DATA — PROTOTYPE ONLY,43247,MEMU,8,0.6,48.1,2.0,14.349999999999998,26.4,0.5,6,0,Normal,0.0,Clear,0.27,0,1,0,0,15,1,53,0.72,1.8,3,2.8,37.8,84.0,0.0,0.0,0.0,0,11.4,7841.0,26.9,314,38.5,1,11.0
SIMULATED TRAINING DATA — PROTOTYPE ONLY,43219,EMU Local,1,0.1,59.6,1.0,0.0,0.1,0.5,7,2,Normal,0.2,Clear,0.15,0,0,0,0,0,0,0,0.43,3.5,2,1.1,28.3,63.3,0.0,0.0,0.0,0,56.6,8903.0,35.0,117,44.2,1,3.8
SIMULATED TRAINING DATA — PROTOTYPE ONLY,43211,EMU Local,17,4.7,36.8,2.6,32.8,63.7,1.0,10,2,Warning,5.8,Occupied,0.75,0,0,0,0,0,0,0,0.41,1.0,2,4.8,39.4,98.0,0.0,0.0,0.0,2,20.1,8816.0,23.9,348,38.5,1,11.0
SIMULATED TRAINING DATA — PROTOTYPE ONLY,43511,EMU Local,7,3.7,46.8,2.1,12.299999999999999,25.8,2.0,6,5,Normal,0.0,Clear,0.37,0,0,0,0,0,0,0,0.41,0.2,2,5.8,32.8,40.6,0.0,0.0,0.0,0,55.6,8287.0,35.2,336,48.1,2,8.2
SIMULATED TRAINING DATA — PROTOTYPE ONLY,43221,MEMU,14,11.0,36.8,1.8,26.65,59.0,1.0,12,2,Critical,13.8,Restricted,0.92,1,0,0,0,0,0,0,0.12,0.8,2,13.9,29.5,66.7,0.0,0.0,0.0,0,31.8,9814.0,32.9,180,51.4,2,24.0
SIMULATED TRAINING DATA — PROTOTYPE ONLY,43251,EMU Local,21,1.1,19.4,2.3,41.0,74.9,1.5,11,0,Normal,0.2,Clear,0.34,0,0,0,0,0,0,0,0.06,0.1,1,1.1,31.3,73.4,6.6,5.2,2.3,63,88.8,7144.0,18.7,293,30.9,1,1.0
SIMULATED TRAINING DATA — PROTOTYPE ONLY,43423,EMU Local,21,0.4,45.3,1.6,41.0,74.2,1.0,21,2,Normal,1.0,Clear,0.18,0,0,0,0,0,0,0,0.22,0.0,1,0.9,26.7,72.7,0.0,0.0,0.0,0,59.6,8290.0,6.7,298,8.7,0,1.5
SIMULATED TRAINING DATA — PROTOTYPE ONLY,43203,EMU Local,17,1.2,44.4,1.9,32.8,60.2,0.5,17,3,Normal,0.4,Clear,0.28,0,0,0,0,0,0,0,0.67,0.5,2,0.0,27.4,78.8,0.0,0.0,0.0,0,35.7,5610.0,20.0,275,26.5,0,1.5
SIMULATED TRAINING DATA — PROTOTYPE ONLY,43205,EMU Local,9,0.1,41.5,2.2,16.4,29.6,2.0,23,5,Critical,9.6,Restricted,0.79,1,0,0,0,0,0,0,0.23,0.7,2,0.3,31.0,68.7,0.0,0.0,0.0,0,58.7,6778.0,20.1,31,25.2,0,14.0
SIMULATED TRAINING DATA — PROTOTYPE ONLY,43219,EMU Local,17,0.1,47.6,1.7,32.8,59.1,0.5,8,3,Normal,0.6,Clear,0.27,0,0,0,0,0,0,0,0.54,1.1,2,0.0,34.6,87.0,0.0,0.0,0.0,2,41.9,5588.0,17.5,217,21.1,0,2.8
SIMULATED TRAINING DATA — PROTOTYPE ONLY,43403,MEMU,5,9.9,63.2,1.1,8.2,24.7,1.5,6,6,Normal,0.5,Clear,0.18,0,0,0,0,0,0,0,0.3,0.2,1,7.6,28.7,57.2,0.0,0.0,0.0,0,48.5,7840.0,12.3,178,15.1,0,0.8
SIMULATED TRAINING DATA — PROTOTYPE ONLY,43223,EMU Local,20,1.7,38.9,1.0,38.949999999999996,71.8,1.0,13,4,Normal,0.8,Clear,0.28,0,0,0,0,0,0,0,0.54,1.4,2,2.9,40.1,69.1,0.0,0.0,0.0,0,13.3,9416.0,21.2,157,27.5,0,1.9
SIMULATED TRAINING DATA — PROTOTYPE ONLY,66015,EMU Local,8,2.1,27.6,2.4,14.349999999999998,27.9,0.5,14,4,Normal,0.5,Clear,0.38,0,0,0,0,0,0,0,0.17,1.8,1,2.2,31.3,58.6,0.0,0.0,0.0,0,10.7,6790.0,30.0,50,50.1,2,7.0
SIMULATED TRAINING DATA — PROTOTYPE ONLY,43403,EMU Local,6,0.1,38.3,2.1,10.25,18.6,1.0,20,6,Normal,0.1,Clear,0.49,0,0,0,0,0,0,0,0.74,3.4,4,0.0,29.1,66.1,1.5,0.5,0.0,0,90.0,8480.0,21.9,235,32.5,1,4.3
SIMULATED TRAINING DATA — PROTOTYPE ONLY,66069,Fast Local,11,1.3,39.9,2.1,20.5,38.2,0.5,11,6,Normal,0.6,Clear,0.42,0,0,1,1,20,1,116,0.16,0.0,1,0.0,26.4,68.9,0.0,0.0,0.0,0,35.3,6258.0,16.1,175,25.8,0,6.4
SIMULATED TRAINING DATA — PROTOTYPE ONLY,43401,EMU Local,19,6.5,56.8,1.4,36.9,72.9,0.5,12,3,Normal,0.2,Clear,0.16,0,0,0,0,0,0,0,0.83,1.1,4,5.8,29.4,79.4,0.0,0.0,0.0,0,49.9,7782.0,9.3,276,15.4,0,3.2
SIMULATED TRAINING DATA — PROTOTYPE ONLY,43423,MEMU,4,3.8,43.6,2.1,6.1499999999999995,14.9,0.5,11,0,Normal,0.3,Clear,0.21,0,1,0,0,15,1,41,0.18,0.7,1,3.0,37.3,59.8,0.0,0.0,0.0,0,18.9,5724.0,27.2,278,33.3,1,12.5
SIMULATED TRAINING DATA — PROTOTYPE ONLY,43435,EMU Local,18,5.6,24.8,1.9,34.849999999999994,68.3,1.5,23,5,Warning,2.3,Occupied,0.83,0,0,0,0,0,0,0,0.05,0.0,1,5.5,38.4,68.7,0.0,0.0,0.0,0,50.8,5050.0,33.6,25,47.8,2,9.2
SIMULATED TRAINING DATA — PROTOTYPE ONLY,43213,EMU Local,1,2.4,54.1,1.7,0.0,2.4,1.0,5,4,Normal,0.2,Clear,0.15,0,0,0,0,0,0,0,0.23,0.6,2,0.3,34.0,72.3,3.0,3.0,0.0,61,99.3,9953.0,21.7,249,29.9,0,0.0
SIMULATED TRAINING DATA — PROTOTYPE ONLY,66069,EMU Local,13,1.5,51.7,2.1,24.599999999999998,45.8,0.5,7,2,Normal,0.5,Clear,0.2,0,0,0,0,0,0,0,0.55,1.5,1,2.0,31.7,73.7,0.0,0.0,0.0,0,22.7,9196.0,9.4,268,13.4,0,2.4
SIMULATED TRAINING DATA — PROTOTYPE ONLY,43425,EMU Local,14,2.6,43.6,2.3,26.65,50.6,0.5,19,6,Normal,0.2,Clear,0.18,0,1,0,1,30,1,109,0.82,0.3,5,3.4,25.8,58.7,0.0,0.0,0.0,0,55.5,8153.0,12.6,108,15.9,0,6.9
SIMULATED TRAINING DATA — PROTOTYPE ONLY,66015,EMU Local,1,1.6,56.2,3.1,0.0,1.6,1.0,12,3,Normal,0.0,Clear,0.19,0,0,1,0,20,1,42,0.56,1.8,1,0.0,21.2,74.8,0.0,0.0,0.0,0,58.5,6330.0,28.4,49,48.0,2,17.1
SIMULATED TRAINING DATA — PROTOTYPE ONLY,43425,MEMU,11,7.3,58.7,2.4,20.5,44.2,0.5,12,1,Normal,0.3,Clear,0.19,0,0,0,0,0,0,0,0.22,1.8,2,5.3,32.3,86.0,0.0,0.0,0.0,2,33.0,8725.0,9.5,119,14.2,0,1.8
SIMULATED TRAINING DATA — PROTOTYPE ONLY,43223,EMU Local,17,1.4,36.3,2.6,32.8,60.4,1.0,8,0,Normal,0.5,Clear,0.22,0,0,0,0,0,0,0,0.54,2.0,1,2.6,29.9,85.9,0.0,0.0,0.0,2,32.6,5511.0,21.8,106,36.6,1,4.7
SIMULATED TRAINING DATA — PROTOTYPE ONLY,43201,EMU Local,4,4.3,28.5,2.8,6.1499999999999995,15.4,1.0,6,0,Normal,0.3,Clear,0.15,0,0,0,0,0,0,0,0.69,6.0,2,4.1,29.3,68.7,0.0,0.0,0.0,0,38.6,8163.0,6.0,357,8.6,0,4.3
SIMULATED TRAINING DATA — PROTOTYPE ONLY,43221,EMU Local,12,0.6,41.8,1.6,22.549999999999997,41.2,0.5,17,3,Normal,0.2,Clear,0.21,0,1,0,0,30,1,65,0.88,2.9,3,1.4,33.1,78.2,0.0,0.0,0.0,0,45.8,9019.0,14.8,147,20.0,0,8.5
SIMULATED TRAINING DATA — PROTOTYPE ONLY,43435,Fast Local,10,4.6,50.0,1.9,18.45,37.8,0.5,18,1,Normal,0.9,Clear,0.38,0,0,0,0,0,0,0,0.81,4.0,3,4.7,26.1,70.1,0.0,0.0,0.0,0,45.1,8366.0,10.9,344,16.9,0,3.5
SIMULATED TRAINING DATA — PROTOTYPE ONLY,43409,MEMU,6,9.8,40.4,1.6,10.25,28.2,1.0,9,0,Critical,8.2,Restricted,0.85,1,0,0,0,0,0,0,0.55,4.3,2,9.7,37.3,84.8,0.0,0.0,0.0,0,36.6,8806.0,19.3,209,25.2,0,14.3
SIMULATED TRAINING DATA — PROTOTYPE ONLY,43435,EMU Local,1,3.8,27.2,1.7,0.0,3.8,0.5,19,5,Critical,10.7,Restricted,0.89,1,0,0,0,0,0,0,0.45,1.0,2,5.0,39.0,80.1,0.0,0.0,0.0,0,55.9,5370.0,26.7,251,43.0,1,19.5
SIMULATED TRAINING DATA — PROTOTYPE ONLY,43403,Fast Local,7,3.3,44.4,1.8,12.299999999999999,25.4,0.5,13,4,Warning,6.9,Occupied,0.93,0,0,0,0,0,0,0,0.05,0.0,1,4.3,34.3,58.1,0.0,0.0,0.0,0,18.1,5199.0,17.4,76,29.2,0,6.4
SIMULATED TRAINING DATA — PROTOTYPE ONLY,43211,EMU Local,21,13.0,11.5,1.7,41.0,86.8,0.5,17,5,Normal,1.3,Clear,0.3,0,0,0,1,0,1,107,0.77,0.3,3,13.5,30.3,70.2,0.0,0.0,0.0,0,20.0,7158.0,27.1,274,37.7,1,8.7
SIMULATED TRAINING DATA — PROTOTYPE ONLY,43245,EMU Local,16,3.9,37.1,2.2,30.749999999999996,59.2,0.5,15,1,Normal,0.3,Clear,0.44,0,0,0,0,0,0,0,0.17,1.8,2,4.4,29.1,64.1,3.1999999999999997,0.3,0.0,0,76.4,8958.0,20.7,192,29.4,0,0.0
SIMULATED TRAINING DATA — PROTOTYPE ONLY,43207,MEMU,14,1.2,54.8,2.4,26.65,49.2,1.5,12,5,Warning,4.7,Occupied,0.97,0,0,0,0,0,0,0,0.4,1.1,1,0.7,30.3,70.9,0.0,0.0,0.0,0,47.1,6503.0,30.2,294,38.3,1,7.9
SIMULATED TRAINING DATA — PROTOTYPE ONLY,43409,MEMU,20,1.4,55.6,1.3,38.949999999999996,71.5,1.0,22,2,Normal,0.1,Clear,0.32,0,0,0,0,0,0,0,0.34,1.4,1,2.1,32.8,58.2,4.1,4.0,0.0,61,94.0,8694.0,9.5,81,15.4,1,5.3
SIMULATED TRAINING DATA — PROTOTYPE ONLY,43203,EMU Local,20,4.9,0.0,1.9,38.949999999999996,75.0,1.0,15,6,Normal,0.1,Clear,0.36,0,0,0,0,0,0,0,0.1,0.3,2,6.8,35.5,70.6,0.0,0.0,0.0,0,24.9,5359.0,26.1,280,36.7,1,0.9
SIMULATED TRAINING DATA — PROTOTYPE ONLY,43213,EMU Local,6,5.3,39.1,1.9,10.25,23.8,0.5,16,6,Normal,0.9,Clear,0.34,0,0,1,0,30,1,70,0.07,0.2,1,6.5,33.3,70.1,0.0,0.0,0.0,0,12.3,8277.0,33.9,300,47.3,2,10.4
SIMULATED TRAINING DATA — PROTOTYPE ONLY,43217,EMU Local,5,1.4,51.0,1.2,8.2,16.2,0.5,16,4,Normal,1.2,Clear,0.45,0,0,0,0,0,0,0,0.24,0.7,2,0.0,36.5,70.5,0.0,0.0,0.0,0,29.3,9619.0,34.9,297,45.8,2,7.8
SIMULATED TRAINING DATA — PROTOTYPE ONLY,43401,Fast Local,21,1.7,24.4,1.6,41.0,75.5,0.5,20,1,Warning,3.3,Occupied,0.88,0,0,0,0,0,0,0,0.62,1.4,2,2.2,33.7,75.0,0.0,0.0,0.0,0,22.4,7301.0,34.8,213,58.8,2,9.5
SIMULATED TRAINING DATA — PROTOTYPE ONLY,66069,EMU Local,18,18.9,36.4,2.6,34.849999999999994,81.6,1.0,5,3,Warning,6.8,Occupied,0.6,0,0,0,0,0,0,0,0.45,3.4,2,19.5,35.6,53.5,0.0,0.0,0.0,0,51.7,5287.0,35.2,35,52.1,2,11.7
SIMULATED TRAINING DATA — PROTOTYPE ONLY,43207,EMU Local,15,0.4,60.1,2.6,28.699999999999996,52.1,0.5,23,0,Warning,3.2,Occupied,0.64,0,0,0,0,0,0,0,0.4,0.2,2,1.8,31.4,81.4,0.0,0.0,0.0,0,34.5,8605.0,34.3,15,55.3,2,7.7
SIMULATED TRAINING DATA — PROTOTYPE ONLY,43401,EMU Local,6,2.1,34.7,1.1,10.25,20.6,1.0,12,4,Warning,2.6,Occupied,0.99,0,0,0,0,0,0,0,0.23,1.0,1,3.6,26.9,82.1,7.8,5.6,3.6,63,91.4,9419.0,30.6,217,43.0,1,6.3
SIMULATED TRAINING DATA — PROTOTYPE ONLY,43201,EMU Local,19,0.3,66.0,2.4,36.9,66.7,0.5,11,3,Normal,0.7,Clear,0.48,0,0,1,0,20,1,85,0.16,0.6,2,0.9,36.6,88.9,0.0,0.0,0.0,2,47.1,6814.0,11.5,223,17.0,0,8.5
SIMULATED TRAINING DATA — PROTOTYPE ONLY,43247,EMU Local,1,6.9,30.9,1.2,0.0,6.9,1.5,10,1,Warning,6.0,Occupied,0.71,0,0,0,0,0,0,0,0.84,0.2,3,5.4,40.2,70.8,1.4000000000000001,0.1,0.0,0,85.9,6860.0,21.6,209,26.9,0,7.9
SIMULATED TRAINING DATA — PROTOTYPE ONLY,43503,Fast Local,1,0.4,63.1,1.9,0.0,0.4,1.5,8,2,Normal,0.3,Clear,0.17,0,0,0,0,0,0,0,0.87,0.7,3,0.3,32.7,75.1,2.9000000000000004,1.1,0.0,61,94.3,6651.0,14.0,253,20.2,0,3.7
SIMULATED TRAINING DATA — PROTOTYPE ONLY,43227,EMU Local,13,4.5,42.5,2.0,24.599999999999998,48.8,0.5,22,0,Normal,0.4,Clear,0.21,0,0,0,0,0,0,0,0.08,0.4,1,3.5,29.3,84.6,0.8,0.2,0.0,0,99.7,5531.0,16.3,119,22.2,0,0.0
SIMULATED TRAINING DATA — PROTOTYPE ONLY,43505,EMU Local,3,0.2,28.8,2.6,4.1,7.6,1.0,6,0,Normal,1.1,Clear,0.41,0,0,0,0,0,0,0,0.16,0.1,2,0.0,33.4,63.6,1.7999999999999998,0.4,0.0,0,71.9,6531.0,34.4,221,47.5,2,7.8
SIMULATED TRAINING DATA — PROTOTYPE ONLY,43401,EMU Local,10,4.5,63.2,2.0,18.45,37.7,0.5,16,4,Normal,0.0,Clear,0.29,0,0,1,0,20,1,118,0.53,1.6,1,6.2,30.1,77.9,0.0,0.0,0.0,0,52.9,7123.0,36.5,212,46.2,2,11.8
SIMULATED TRAINING DATA — PROTOTYPE ONLY,43227,Fast Local,21,7.4,23.9,1.5,41.0,81.2,1.0,9,3,Critical,9.4,Restricted,0.71,1,0,0,0,0,0,0,0.81,0.2,4,6.8,31.6,63.2,10.1,7.7,2.9,63,97.8,7092.0,8.6,88,13.2,1,17.4
SIMULATED TRAINING DATA — PROTOTYPE ONLY,43245,EMU Local,3,2.0,30.1,1.4,4.1,9.4,0.5,14,6,Normal,1.3,Clear,0.34,0,0,0,0,0,0,0,0.24,0.2,1,4.4,31.8,78.2,2.4,1.8,0.0,61,85.0,6031.0,20.8,60,26.1,0,1.1
SIMULATED TRAINING DATA — PROTOTYPE ONLY,43249,EMU Local,9,3.0,49.3,2.2,16.4,32.5,0.5,7,1,Normal,0.1,Clear,0.14,0,1,0,0,20,1,118,0.05,0.4,2,2.5,28.5,76.7,0.0,0.0,0.0,0,42.6,7777.0,15.8,248,26.4,0,8.6
SIMULATED TRAINING DATA — PROTOTYPE ONLY,66069,MEMU,8,2.1,43.2,1.7,14.349999999999998,27.9,0.5,6,1,Normal,0.9,Clear,0.44,0,0,0,0,0,0,0,0.31,0.5,2,1.2,28.6,61.2,8.1,6.1,2.6,63,86.5,7702.0,15.7,207,21.8,1,3.1
SIMULATED TRAINING DATA — PROTOTYPE ONLY,43425,Fast Local,3,1.4,46.1,1.9,4.1,8.8,1.5,7,3,Normal,0.6,Clear,0.45,0,0,0,0,0,0,0,0.06,0.3,2,2.1,31.2,78.1,7.3,5.0,0.0,61,97.2,6909.0,24.1,200,36.1,1,4.7
SIMULATED TRAINING DATA — PROTOTYPE ONLY,43211,MEMU,13,6.5,36.5,2.7,24.599999999999998,50.8,1.0,6,0,Normal,0.0,Clear,0.29,0,1,0,0,15,1,71,0.22,0.5,2,6.4,30.7,66.7,0.0,0.0,0.0,0,31.4,9674.0,20.6,162,30.4,1,13.2
SIMULATED TRAINING DATA — PROTOTYPE ONLY,43201,Fast Local,6,1.3,24.0,2.4,10.25,19.8,0.5,16,3,Warning,3.4,Occupied,0.62,0,0,0,1,0,1,87,0.15,0.2,2,1.6,33.8,70.1,0.0,0.0,0.0,0,29.9,9827.0,37.9,287,62.7,2,11.6
SIMULATED TRAINING DATA — PROTOTYPE ONLY,43505,EMU Local,13,5.1,32.2,3.1,24.599999999999998,49.4,1.0,18,5,Normal,0.5,Clear,0.36,0,0,0,0,0,0,0,0.73,2.1,5,4.5,32.6,81.8,6.5,2.7,0.0,61,98.0,8398.0,28.3,312,34.8,1,6.0
SIMULATED TRAINING DATA — PROTOTYPE ONLY,43247,MEMU,20,0.9,61.8,1.5,38.949999999999996,71.0,0.5,15,6,Normal,0.3,Clear,0.18,0,0,0,0,0,0,0,0.31,0.8,1,0.3,33.9,84.9,0.0,0.0,0.0,0,34.4,6425.0,37.2,73,53.5,2,3.9
SIMULATED TRAINING DATA — PROTOTYPE ONLY,43401,EMU Local,20,1.1,21.9,1.7,38.949999999999996,71.2,0.5,18,1,Normal,0.4,Clear,0.15,0,0,0,0,0,0,0,0.86,12.6,4,0.5,30.9,77.0,4.1,3.4,0.0,61,81.3,9691.0,8.8,151,12.7,1,10.9
SIMULATED TRAINING DATA — PROTOTYPE ONLY,43213,MEMU,12,1.6,66.7,2.2,22.549999999999997,42.2,1.5,14,3,Normal,0.1,Clear,0.11,0,0,1,0,20,1,111,0.36,0.5,1,0.3,28.3,72.2,0.0,0.0,0.0,0,14.6,8606.0,23.9,33,39.0,1,8.9
SIMULATED TRAINING DATA — PROTOTYPE ONLY,43249,MEMU,13,3.6,46.7,3.2,24.599999999999998,47.9,0.5,14,0,Normal,0.6,Clear,0.47,0,0,0,0,0,0,0,0.32,1.2,2,4.8,27.3,80.5,0.0,0.0,0.0,0,24.4,7203.0,37.1,358,57.8,2,4.9
SIMULATED TRAINING DATA — PROTOTYPE ONLY,43215,MEMU,2,2.4,33.0,1.6,2.05,6.1,1.0,16,4,Warning,6.1,Occupied,0.74,0,1,0,0,15,1,23,0.18,0.7,2,2.6,35.5,68.1,0.0,0.0,0.0,0,12.6,9395.0,15.9,221,25.8,0,12.3
SIMULATED TRAINING DATA — PROTOTYPE ONLY,43409,EMU Local,21,5.5,12.0,2.1,41.0,79.3,0.5,15,5,Warning,3.7,Occupied,0.95,0,0,0,0,0,0,0,0.45,1.6,1,5.7,29.6,82.7,10.7,9.1,2.4,63,90.0,5771.0,22.2,317,36.5,1,8.4
SIMULATED TRAINING DATA — PROTOTYPE ONLY,43207,EMU Local,16,1.0,13.9,2.9,30.749999999999996,56.4,0.5,9,0,Normal,0.2,Clear,0.29,0,0,0,0,0,0,0,0.47,1.1,2,1.8,29.0,64.6,0.0,0.0,0.0,0,31.0,8326.0,29.5,103,36.4,1,4.6
SIMULATED TRAINING DATA — PROTOTYPE ONLY,43213,EMU Local,6,0.0,36.7,2.1,10.25,18.4,0.5,23,2,Normal,0.6,Clear,0.13,0,1,0,0,15,1,95,0.05,0.3,1,0.4,36.6,69.4,0.0,0.0,0.0,0,58.4,6390.0,30.6,335,50.5,2,14.4
SIMULATED TRAINING DATA — PROTOTYPE ONLY,43511,Fast Local,19,6.0,34.8,2.7,36.9,72.4,1.5,22,2,Normal,0.0,Clear,0.13,0,0,1,0,30,1,42,0.55,2.8,1,8.7,29.9,60.9,0.0,0.0,0.0,0,25.2,7756.0,33.4,349,44.4,1,9.4
SIMULATED TRAINING DATA — PROTOTYPE ONLY,43435,Fast Local,21,6.9,43.8,3.3,41.0,80.7,1.0,22,3,Normal,0.1,Clear,0.3,0,0,0,0,0,0,0,0.32,3.6,2,7.4,22.8,71.0,0.0,0.0,0.0,0,23.8,6452.0,29.6,354,41.8,1,4.7
SIMULATED TRAINING DATA — PROTOTYPE ONLY,43423,EMU Local,13,0.2,67.8,2.3,24.599999999999998,44.5,0.5,6,6,Normal,0.1,Clear,0.3,0,0,0,0,0,0,0,0.48,6.3,1,0.0,32.4,90.2,0.0,0.0,0.0,2,27.7,7898.0,37.3,293,61.0,2,9.6
SIMULATED TRAINING DATA — PROTOTYPE ONLY,43247,EMU Local,17,3.8,50.1,2.4,32.8,62.8,1.0,19,6,Normal,0.1,Clear,0.33,0,0,0,0,0,0,0,0.85,0.7,5,3.2,29.3,90.3,0.0,0.0,0.0,2,34.0,7150.0,29.5,313,36.2,1,4.5
SIMULATED TRAINING DATA — PROTOTYPE ONLY,43207,EMU Local,9,1.9,40.1,2.5,16.4,31.4,1.5,12,0,Warning,4.3,Occupied,0.85,0,0,0,0,0,0,0,0.68,2.5,2,0.8,28.6,91.5,9.0,1.3,0.0,61,73.7,7915.0,6.9,202,8.8,0,7.7
SIMULATED TRAINING DATA — PROTOTYPE ONLY,43223,MEMU,17,6.3,60.3,1.6,32.8,65.3,0.5,17,0,Normal,0.5,Clear,0.37,0,0,0,0,0,0,0,0.68,4.6,1,6.9,30.9,64.3,0.0,0.0,0.0,0,27.9,5381.0,29.0,42,39.2,1,4.8
SIMULATED TRAINING DATA — PROTOTYPE ONLY,43215,MEMU,2,8.3,44.3,1.2,2.05,12.0,0.5,6,1,Normal,0.7,Clear,0.27,0,0,0,0,0,0,0,0.31,3.6,2,7.8,23.3,98.0,0.0,0.0,0.0,2,43.5,5016.0,17.2,133,27.5,0,2.3
SIMULATED TRAINING DATA — PROTOTYPE ONLY,43407,EMU Local,19,7.6,66.0,2.2,36.9,74.0,0.5,6,4,Normal,0.5,Clear,0.36,0,0,0,0,0,0,0,0.18,0.1,1,8.2,24.1,86.2,8.299999999999999,8.2,3.3,63,98.0,8917.0,21.6,17,30.5,1,2.5
SIMULATED TRAINING DATA — PROTOTYPE ONLY,66069,EMU Local,19,6.0,31.9,1.7,36.9,72.4,0.5,23,5,Normal,0.3,Clear,0.22,0,0,0,0,0,0,0,0.18,1.9,2,5.2,29.7,84.2,0.0,0.0,0.0,0,47.1,6375.0,19.4,300,26.3,0,0.3
SIMULATED TRAINING DATA — PROTOTYPE ONLY,43409,MEMU,7,1.3,24.8,2.7,12.299999999999999,23.4,1.0,10,0,Normal,0.0,Clear,0.28,0,0,1,0,30,1,52,0.75,0.7,5,1.5,33.7,75.0,0.0,0.0,0.0,0,52.3,8476.0,23.9,6,37.2,1,8.3
SIMULATED TRAINING DATA — PROTOTYPE ONLY,43223,MEMU,10,6.7,12.0,2.3,18.45,39.9,0.5,22,5,Warning,4.8,Occupied,0.74,0,0,0,0,0,0,0,0.08,0.2,1,6.1,30.4,53.3,0.0,0.0,0.0,0,17.7,5195.0,34.4,311,55.2,2,10.4
SIMULATED TRAINING DATA — PROTOTYPE ONLY,43237,EMU Local,10,3.0,40.4,2.7,18.45,36.2,0.5,6,3,Normal,0.1,Clear,0.23,0,0,0,0,0,0,0,0.41,1.5,2,2.6,30.3,64.5,0.0,0.0,0.0,0,47.3,8308.0,10.8,78,15.5,0,2.9
SIMULATED TRAINING DATA — PROTOTYPE ONLY,43425,EMU Local,20,0.2,23.5,1.4,38.949999999999996,70.3,0.5,4,1,Normal,0.6,Clear,0.2,0,0,0,0,0,0,0,0.18,1.3,1,0.5,31.5,67.0,0.0,0.0,0.0,0,24.8,8579.0,31.0,106,37.8,1,4.0
SIMULATED TRAINING DATA — PROTOTYPE ONLY,43423,EMU Local,9,2.4,23.3,2.7,16.4,31.9,0.5,15,6,Normal,1.2,Clear,0.13,0,0,0,0,0,0,0,0.42,2.4,2,2.9,35.1,70.2,0.0,0.0,0.0,0,46.3,8541.0,36.7,28,58.9,2,8.9
SIMULATED TRAINING DATA — PROTOTYPE ONLY,43435,EMU Local,17,11.4,57.5,1.0,32.8,70.4,1.0,9,5,Normal,0.6,Clear,0.3,0,0,0,0,0,0,0,0.63,6.0,2,13.1,31.7,66.9,0.0,0.0,0.0,0,11.5,9254.0,27.5,357,41.9,1,6.9
SIMULATED TRAINING DATA — PROTOTYPE ONLY,43435,EMU Local,15,8.8,16.2,1.4,28.699999999999996,60.5,1.0,10,5,Normal,0.1,Clear,0.31,0,0,0,0,0,0,0,0.87,4.7,3,10.2,31.3,71.7,6.4,1.0,0.0,61,91.1,9316.0,29.4,118,42.9,1,6.6
SIMULATED TRAINING DATA — PROTOTYPE ONLY,43435,EMU Local,2,0.4,43.6,2.5,2.05,4.1,0.5,5,5,Normal,0.2,Clear,0.23,0,0,0,0,0,0,0,0.37,0.5,2,1.5,29.3,77.7,0.0,0.0,0.0,0,34.1,6002.0,17.7,259,25.7,0,0.7
SIMULATED TRAINING DATA — PROTOTYPE ONLY,43407,Fast Local,4,5.5,40.8,1.8,6.1499999999999995,16.6,0.5,21,5,Normal,0.0,Clear,0.49,0,0,1,0,15,1,117,0.05,0.0,2,6.0,29.9,72.9,0.0,0.0,0.0,0,39.6,7893.0,21.8,284,29.0,0,6.0
SIMULATED TRAINING DATA — PROTOTYPE ONLY,66015,EMU Local,19,6.6,43.4,1.9,36.9,73.0,0.5,18,5,Normal,0.5,Clear,0.32,0,0,0,0,0,0,0,0.74,0.4,3,6.0,32.2,69.6,0.0,0.0,0.0,0,57.3,5103.0,29.3,15,42.8,1,4.5
SIMULATED TRAINING DATA — PROTOTYPE ONLY,43245,MEMU,17,1.3,62.8,2.2,32.8,60.3,1.5,18,6,Critical,8.5,Restricted,0.85,1,1,0,0,20,1,41,0.89,0.3,3,2.0,36.8,68.9,0.0,0.0,0.0,0,22.3,5443.0,22.7,62,35.4,1,23.3
SIMULATED TRAINING DATA — PROTOTYPE ONLY,43409,EMU Local,5,2.6,29.6,3.0,8.2,17.4,0.5,13,1,Normal,0.6,Clear,0.33,0,1,1,0,20,1,116,0.17,1.6,1,4.0,32.5,89.0,16.4,16.0,1.8,65,77.1,3112.0,6.0,271,7.4,2,13.0
SIMULATED TRAINING DATA — PROTOTYPE ONLY,43407,EMU Local,7,5.0,62.8,1.0,12.299999999999999,27.1,0.5,20,3,Normal,0.0,Clear,0.18,0,0,1,0,20,1,65,0.51,1.2,1,6.4,28.2,67.4,0.0,0.0,0.0,0,34.6,5192.0,25.7,305,32.9,1,8.6
SIMULATED TRAINING DATA — PROTOTYPE ONLY,43501,EMU Local,18,2.3,15.6,2.8,34.849999999999994,65.0,0.5,21,5,Normal,0.9,Clear,0.49,0,0,0,0,0,0,0,0.51,6.0,2,2.3,30.3,81.3,0.0,0.0,0.0,0,44.6,6730.0,36.5,4,54.8,2,9.5
SIMULATED TRAINING DATA — PROTOTYPE ONLY,43423,EMU Local,21,0.5,51.8,2.9,41.0,74.3,0.5,21,5,Normal,0.7,Clear,0.45,0,0,0,1,0,1,86,0.33,1.7,1,0.1,35.9,72.3,0.0,0.0,0.0,0,22.2,8198.0,28.4,145,35.7,1,5.7
SIMULATED TRAINING DATA — PROTOTYPE ONLY,43403,MEMU,7,4.9,64.1,1.8,12.299999999999999,27.0,0.5,18,3,Normal,0.1,Clear,0.29,0,1,0,0,30,1,67,0.44,4.7,1,5.9,31.8,49.6,2.4000000000000004,2.2,0.0,61,76.6,9077.0,34.5,212,53.5,2,9.7
SIMULATED TRAINING DATA — PROTOTYPE ONLY,66015,Fast Local,17,9.7,0.0,1.7,32.8,68.7,1.0,9,0,Normal,0.2,Clear,0.2,0,1,0,0,20,1,97,0.7,5.0,1,6.8,26.0,98.0,5.800000000000001,2.2,0.0,61,86.8,7177.0,12.0,88,18.3,0,10.4
SIMULATED TRAINING DATA — PROTOTYPE ONLY,43237,EMU Local,7,4.2,41.5,2.0,12.299999999999999,26.3,1.0,12,0,Normal,0.5,Clear,0.19,0,0,0,0,0,0,0,0.28,0.9,1,6.1,33.2,86.8,1.1,0.9,0.0,61,98.2,7427.0,21.9,320,30.7,1,2.6
SIMULATED TRAINING DATA — PROTOTYPE ONLY,43501,EMU Local,4,5.9,40.2,1.7,6.1499999999999995,17.0,0.5,14,6,Warning,4.0,Occupied,0.82,0,1,1,1,20,1,62,0.53,0.5,2,7.4,28.9,98.0,0.0,0.0,0.0,2,45.2,5030.0,19.3,227,30.7,1,12.4
SIMULATED TRAINING DATA — PROTOTYPE ONLY,43211,MEMU,8,1.8,43.1,2.3,14.349999999999998,27.6,1.0,18,1,Normal,0.1,Clear,0.13,0,1,0,0,20,1,118,0.82,0.8,3,1.5,26.9,82.6,0.0,0.0,0.0,0,43.7,9332.0,26.1,42,35.3,1,11.6
SIMULATED TRAINING DATA — PROTOTYPE ONLY,43207,EMU Local,13,0.8,67.7,2.4,24.599999999999998,45.1,1.0,6,1,Warning,3.7,Occupied,0.9,0,0,0,0,0,0,0,0.46,0.7,2,0.4,31.8,72.7,7.4,5.4,2.4,63,91.0,9921.0,9.7,197,16.3,1,7.5
SIMULATED TRAINING DATA — PROTOTYPE ONLY,43237,EMU Local,4,4.1,30.5,1.2,6.1499999999999995,15.2,0.5,22,4,Warning,5.5,Occupied,0.61,0,0,0,0,0,0,0,0.41,0.0,1,6.6,28.1,78.9,0.0,0.0,0.0,0,38.0,7255.0,19.5,67,23.6,0,5.8
SIMULATED TRAINING DATA — PROTOTYPE ONLY,43249,MEMU,6,1.6,24.2,1.5,10.25,20.0,0.5,4,1,Normal,0.1,Clear,0.17,0,0,0,0,0,0,0,0.46,1.8,1,0.4,34.8,66.3,2.9,1.5,0.0,61,78.7,6518.0,27.9,259,35.0,1,2.5
SIMULATED TRAINING DATA — PROTOTYPE ONLY,43209,EMU Local,5,7.9,43.2,1.4,8.2,22.7,0.5,20,6,Normal,0.1,Clear,0.38,0,0,0,0,0,0,0,0.61,1.7,1,7.6,31.9,61.8,0.0,0.0,0.0,0,54.5,5879.0,22.4,224,33.5,1,4.2
SIMULATED TRAINING DATA — PROTOTYPE ONLY,43219,EMU Local,12,0.5,58.9,2.2,22.549999999999997,41.1,1.5,14,3,Normal,0.9,Clear,0.38,0,0,1,0,15,1,109,0.56,0.2,2,2.6,36.9,97.1,0.0,0.0,0.0,2,42.8,8624.0,9.1,258,13.9,0,11.0
SIMULATED TRAINING DATA — PROTOTYPE ONLY,43217,EMU Local,4,2.3,50.4,2.6,6.1499999999999995,13.4,1.0,21,5,Normal,0.5,Clear,0.24,0,0,0,0,0,0,0,0.38,2.3,2,1.0,32.9,68.6,0.0,0.0,0.0,0,13.9,7057.0,22.8,59,38.7,1,3.7
SIMULATED TRAINING DATA — PROTOTYPE ONLY,43207,MEMU,9,2.0,42.5,1.5,16.4,31.5,0.5,14,3,Normal,0.5,Clear,0.29,0,0,1,0,30,1,24,0.29,1.8,1,2.2,29.5,73.7,0.0,0.0,0.0,0,34.9,6692.0,29.3,313,38.7,1,6.2
SIMULATED TRAINING DATA — PROTOTYPE ONLY,43203,EMU Local,4,11.1,38.6,2.6,6.1499999999999995,22.2,0.5,10,6,Normal,0.3,Clear,0.43,0,1,0,1,15,1,50,0.61,0.3,1,10.8,29.5,77.7,0.0,0.0,0.0,0,32.4,7952.0,26.9,51,42.7,1,13.9
SIMULATED TRAINING DATA — PROTOTYPE ONLY,43203,EMU Local,19,0.7,11.9,1.5,36.9,67.1,1.0,4,4,Warning,5.7,Occupied,0.97,0,1,0,0,15,1,24,0.08,0.1,1,3.2,30.1,69.2,0.0,0.0,0.0,0,14.7,9057.0,31.0,262,40.7,1,14.4
SIMULATED TRAINING DATA — PROTOTYPE ONLY,43501,MEMU,14,0.0,50.8,2.5,26.65,48.0,0.5,15,2,Normal,0.5,Clear,0.35,0,0,1,0,20,1,41,0.34,0.3,1,0.0,33.5,83.6,0.0,0.0,0.0,0,28.3,8544.0,16.4,79,27.5,0,8.8
SIMULATED TRAINING DATA — PROTOTYPE ONLY,43239,EMU Local,5,1.1,52.6,1.9,8.2,15.9,1.0,7,6,Normal,1.7,Clear,0.27,0,0,0,0,0,0,0,0.67,1.7,2,0.0,25.7,70.8,5.7,2.6,0.0,61,97.8,9056.0,30.8,150,43.7,1,5.3
SIMULATED TRAINING DATA — PROTOTYPE ONLY,43205,MEMU,18,6.9,31.6,1.8,34.849999999999994,69.6,0.5,11,6,Normal,0.1,Clear,0.16,0,0,0,0,0,0,0,0.31,3.1,1,7.2,32.6,98.0,0.0,0.0,0.0,2,12.2,7655.0,24.8,64,30.4,1,3.3
SIMULATED TRAINING DATA — PROTOTYPE ONLY,43505,EMU Local,10,0.9,35.0,2.8,18.45,34.1,2.0,18,2,Normal,0.1,Clear,0.5,0,0,0,0,0,0,0,0.53,2.0,2,0.2,27.8,49.1,1.4,1.2,0.0,61,92.0,7879.0,29.4,312,38.6,1,4.5
SIMULATED TRAINING DATA — PROTOTYPE ONLY,43403,Fast Local,19,1.1,26.3,3.2,36.9,67.5,1.0,14,3,Warning,3.3,Occupied,0.75,0,0,0,0,0,0,0,0.21,0.8,1,1.8,40.5,64.0,0.0,0.0,0.0,0,23.9,5066.0,20.0,235,27.8,0,3.8
SIMULATED TRAINING DATA — PROTOTYPE ONLY,43425,EMU Local,12,0.6,55.0,1.0,22.549999999999997,41.2,0.5,11,2,Normal,0.5,Clear,0.23,0,0,0,0,0,0,0,0.09,0.1,1,1.1,33.7,84.9,0.0,0.0,0.0,0,14.6,7153.0,11.4,202,15.6,0,1.7
SIMULATED TRAINING DATA — PROTOTYPE ONLY,66015,EMU Local,18,5.0,36.5,2.5,34.849999999999994,67.7,1.0,15,6,Normal,0.4,Clear,0.39,0,0,0,0,0,0,0,0.5,1.7,2,3.6,34.1,53.2,0.0,0.0,0.0,0,52.1,9016.0,37.7,128,53.1,2,9.7
SIMULATED TRAINING DATA — PROTOTYPE ONLY,43435,EMU Local,17,0.3,39.8,2.2,32.8,59.3,0.5,6,6,Warning,5.8,Occupied,0.94,0,1,1,0,30,1,74,0.54,0.4,2,2.5,31.8,74.4,0.0,0.0,0.0,0,58.8,8104.0,31.8,333,48.1,2,14.8
SIMULATED TRAINING DATA — PROTOTYPE ONLY,43403,EMU Local,11,1.6,51.4,2.5,20.5,38.5,0.5,7,2,Warning,2.6,Occupied,0.85,0,0,0,0,0,0,0,0.43,1.9,2,0.9,25.1,68.0,0.0,0.0,0.0,0,33.2,8458.0,30.2,129,40.8,1,5.9
SIMULATED TRAINING DATA — PROTOTYPE ONLY,66015,Fast Local,3,1.3,46.9,1.2,4.1,8.7,1.0,15,6,Warning,5.5,Occupied,0.85,0,0,0,0,0,0,0,0.3,0.3,2,0.7,31.6,70.6,2.6,2.4,0.0,61,91.7,5744.0,35.3,249,43.3,1,7.7
SIMULATED TRAINING DATA — PROTOTYPE ONLY,43207,Fast Local,17,3.2,50.4,1.4,32.8,62.2,0.5,11,4,Warning,4.7,Occupied,0.61,0,0,0,0,0,0,0,0.19,0.0,1,3.9,33.1,86.5,0.0,0.0,0.0,2,57.5,9571.0,37.2,351,53.1,2,11.9
SIMULATED TRAINING DATA — PROTOTYPE ONLY,43211,EMU Local,1,5.2,44.6,1.7,0.0,5.2,1.0,13,6,Normal,1.5,Clear,0.34,0,1,0,0,20,1,79,0.08,0.2,1,7.2,29.2,73.7,0.0,0.0,0.0,0,47.5,8746.0,17.3,93,24.5,0,5.9
SIMULATED TRAINING DATA — PROTOTYPE ONLY,43201,EMU Local,15,3.0,45.0,2.2,28.699999999999996,54.7,0.5,4,6,Normal,0.6,Clear,0.29,0,0,0,1,0,1,71,0.23,0.3,2,1.5,31.2,63.0,0.0,0.0,0.0,0,35.5,9487.0,7.9,31,11.5,0,5.4
SIMULATED TRAINING DATA — PROTOTYPE ONLY,43501,MEMU,9,10.7,44.8,1.7,16.4,40.2,1.0,16,5,Normal,0.0,Clear,0.23,0,0,0,0,0,0,0,0.42,1.5,2,10.1,34.0,84.2,0.0,0.0,0.0,0,31.3,6442.0,28.0,271,38.3,1,3.9
SIMULATED TRAINING DATA — PROTOTYPE ONLY,43215,Fast Local,15,12.1,48.8,1.9,28.699999999999996,63.8,0.5,10,1,Normal,0.1,Clear,0.43,0,1,0,0,20,1,19,0.69,3.3,1,13.2,31.9,74.8,0.0,0.0,0.0,0,47.3,7922.0,33.5,90,40.3,1,10.9
SIMULATED TRAINING DATA — PROTOTYPE ONLY,43511,EMU Local,3,1.8,49.5,2.6,4.1,9.2,1.0,23,1,Normal,0.0,Clear,0.36,0,0,0,0,0,0,0,0.44,2.6,2,1.1,32.6,55.4,2.8000000000000003,0.2,0.0,0,71.8,9018.0,27.8,292,38.6,1,3.6
SIMULATED TRAINING DATA — PROTOTYPE ONLY,43511,EMU Local,19,6.0,23.6,3.3,36.9,72.4,0.5,6,2,Warning,5.0,Occupied,0.72,0,1,0,0,15,1,95,0.24,3.4,1,6.2,33.6,64.0,4.300000000000001,2.7,0.0,61,72.6,7079.0,23.3,29,31.1,1,21.7
SIMULATED TRAINING DATA — PROTOTYPE ONLY,43247,EMU Local,13,5.4,33.0,2.6,24.599999999999998,49.7,0.5,19,0,Normal,0.3,Clear,0.27,0,0,0,0,0,0,0,0.48,1.4,2,4.9,36.4,71.0,0.0,0.0,0.0,0,13.6,6700.0,23.0,256,33.3,1,4.9
SIMULATED TRAINING DATA — PROTOTYPE ONLY,43237,EMU Local,12,8.9,38.9,2.6,22.549999999999997,49.5,0.5,15,4,Warning,2.7,Occupied,0.63,0,1,0,1,20,1,119,0.5,1.2,1,9.5,28.2,81.2,11.3,9.9,3.5,63,99.6,7025.0,9.6,74,11.9,1,12.7
SIMULATED TRAINING DATA — PROTOTYPE ONLY,43205,EMU Local,20,2.4,48.8,2.0,38.949999999999996,72.5,0.5,8,5,Normal,0.7,Clear,0.24,0,0,0,1,0,1,18,0.82,0.8,4,0.9,39.3,70.5,3.8000000000000003,1.1,0.0,61,73.5,8185.0,12.0,352,18.7,0,7.1
SIMULATED TRAINING DATA — PROTOTYPE ONLY,43203,EMU Local,1,3.0,66.0,1.6,0.0,3.0,0.5,21,5,Normal,0.4,Clear,0.31,0,0,0,0,0,0,0,0.06,0.3,1,3.4,39.2,83.5,0.0,0.0,0.0,0,46.7,6846.0,10.6,242,16.8,0,1.2
SIMULATED TRAINING DATA — PROTOTYPE ONLY,43211,EMU Local,21,2.1,29.8,1.9,41.0,75.9,0.5,11,2,Normal,0.8,Clear,0.47,0,0,0,0,0,0,0,0.34,0.8,1,2.7,29.3,72.9,13.0,12.6,3.8,63,89.9,6100.0,18.5,284,28.5,1,4.5
SIMULATED TRAINING DATA — PROTOTYPE ONLY,43207,MEMU,17,7.6,55.2,2.1,32.8,66.6,2.0,15,0,Normal,0.6,Clear,0.13,0,0,0,0,0,0,0,0.23,0.3,1,8.4,34.2,63.9,0.0,0.0,0.0,0,42.8,7535.0,22.4,219,35.6,1,3.2
SIMULATED TRAINING DATA — PROTOTYPE ONLY,43227,EMU Local,13,1.0,33.5,1.4,24.599999999999998,45.3,0.5,6,0,Normal,0.1,Clear,0.14,0,0,1,0,20,1,17,0.37,0.7,2,0.4,38.8,72.7,0.0,0.0,0.0,0,46.2,5342.0,21.5,220,28.9,0,5.6
SIMULATED TRAINING DATA — PROTOTYPE ONLY,43239,EMU Local,1,1.1,62.6,2.6,0.0,1.1,1.0,19,5,Normal,0.4,Clear,0.5,0,0,0,0,0,0,0,0.75,1.2,5,2.8,37.3,80.8,2.1,1.7,0.0,61,70.3,9524.0,14.4,173,18.2,0,2.7
SIMULATED TRAINING DATA — PROTOTYPE ONLY,43203,EMU Local,10,1.9,70.7,3.0,18.45,35.1,1.0,13,4,Normal,0.4,Clear,0.49,0,0,0,0,0,0,0,0.56,7.5,1,0.0,24.6,69.8,22.2,22.0,1.4,65,83.0,2568.0,11.4,138,14.8,2,9.4
SIMULATED TRAINING DATA — PROTOTYPE ONLY,43501,EMU Local,15,1.0,15.8,2.2,28.699999999999996,52.7,0.5,20,1,Critical,18.2,Restricted,0.92,1,0,0,0,0,0,0,0.87,0.8,3,0.2,30.9,58.8,0.0,0.0,0.0,0,48.9,9921.0,24.7,145,39.9,1,26.5
SIMULATED TRAINING DATA — PROTOTYPE ONLY,43203,EMU Local,7,3.3,37.1,2.8,12.299999999999999,25.4,1.0,13,5,Normal,0.1,Clear,0.29,0,0,0,0,0,0,0,0.17,0.3,2,6.2,29.5,74.4,0.0,0.0,0.0,0,52.9,8784.0,15.8,180,25.9,0,0.7
SIMULATED TRAINING DATA — PROTOTYPE ONLY,43205,EMU Local,18,0.6,6.7,2.8,34.849999999999994,63.3,1.5,6,6,Normal,0.1,Clear,0.3,0,0,0,0,0,0,0,0.19,0.2,1,0.6,34.9,61.1,0.0,0.0,0.0,0,58.8,9012.0,8.1,188,9.9,0,0.6
SIMULATED TRAINING DATA — PROTOTYPE ONLY,43409,EMU Local,16,1.5,16.7,1.5,30.749999999999996,56.8,0.5,5,5,Normal,0.2,Clear,0.2,0,0,0,0,0,0,0,0.24,0.2,2,2.8,35.3,90.0,4.3,2.5,0.0,61,79.9,9194.0,24.7,278,41.6,1,3.3
SIMULATED TRAINING DATA — PROTOTYPE ONLY,43213,EMU Local,14,9.8,17.6,1.1,26.65,57.8,1.5,17,6,Normal,0.0,Clear,0.27,0,0,0,0,0,0,0,0.84,1.0,3,10.0,26.8,85.7,4.2,3.6,0.0,61,78.1,5866.0,31.1,34,48.1,2,9.0
SIMULATED TRAINING DATA — PROTOTYPE ONLY,43203,EMU Local,18,2.1,51.4,1.8,34.849999999999994,64.8,0.5,12,3,Warning,2.6,Occupied,0.61,0,0,0,0,0,0,0,0.39,0.9,1,4.2,28.7,69.2,0.0,0.0,0.0,0,50.7,6027.0,6.9,99,11.7,0,3.4
SIMULATED TRAINING DATA — PROTOTYPE ONLY,43501,EMU Local,7,5.5,48.6,2.2,12.299999999999999,27.6,1.0,20,0,Warning,5.2,Occupied,0.95,0,0,0,0,0,0,0,0.63,2.2,1,5.3,25.2,77.5,0.0,0.0,0.0,0,22.9,9100.0,16.0,137,20.7,0,7.6
SIMULATED TRAINING DATA — PROTOTYPE ONLY,43205,MEMU,17,0.5,54.0,1.4,32.8,59.5,0.5,7,3,Warning,6.3,Occupied,0.7,0,0,0,0,0,0,0,0.13,0.4,2,0.8,31.1,70.9,5.3,2.0,0.0,61,77.6,7085.0,11.4,57,18.4,0,6.4
SIMULATED TRAINING DATA — PROTOTYPE ONLY,43425,EMU Local,18,1.1,51.1,3.0,34.849999999999994,63.8,0.5,18,3,Normal,0.4,Clear,0.29,0,1,0,0,15,1,76,0.91,4.7,5,2.1,30.3,90.0,7.6,7.3,2.1,63,96.0,8959.0,28.0,22,44.1,1,15.8
SIMULATED TRAINING DATA — PROTOTYPE ONLY,43511,MEMU,12,6.6,49.3,3.3,22.549999999999997,47.2,1.0,16,4,Normal,0.6,Clear,0.37,0,0,0,0,0,0,0,0.14,0.0,1,8.4,33.4,52.7,1.7,0.2,0.0,0,94.5,5723.0,34.1,333,57.6,2,6.6
SIMULATED TRAINING DATA — PROTOTYPE ONLY,43249,EMU Local,8,5.8,43.7,2.2,14.349999999999998,31.6,0.5,22,5,Warning,4.8,Occupied,0.82,0,1,0,0,15,1,102,0.13,0.2,1,3.6,38.7,74.3,0.0,0.0,0.0,0,52.6,5244.0,11.0,301,13.8,0,13.4
SIMULATED TRAINING DATA — PROTOTYPE ONLY,43213,EMU Local,2,2.0,40.0,1.5,2.05,5.7,0.5,12,1,Critical,8.6,Restricted,0.62,1,0,0,0,0,0,0,0.05,0.1,2,2.6,32.6,60.6,11.7,7.7,3.9,63,94.3,6987.0,35.6,185,57.2,2,17.7
SIMULATED TRAINING DATA — PROTOTYPE ONLY,43403,EMU Local,7,12.4,57.3,2.4,12.299999999999999,34.5,0.5,7,6,Critical,12.0,Restricted,0.91,1,1,0,0,20,1,109,0.69,2.8,2,11.4,30.3,77.1,0.0,0.0,0.0,0,56.2,6357.0,14.3,273,21.0,0,26.4
SIMULATED TRAINING DATA — PROTOTYPE ONLY,43239,EMU Local,4,9.7,42.2,1.5,6.1499999999999995,20.8,1.0,11,6,Normal,0.2,Clear,0.26,0,1,0,0,20,1,28,0.25,0.2,1,9.6,34.7,49.4,0.0,0.0,0.0,0,55.0,9059.0,11.3,206,16.4,0,6.1
SIMULATED TRAINING DATA — PROTOTYPE ONLY,66015,MEMU,18,13.1,49.9,2.8,34.849999999999994,75.8,1.0,18,4,Normal,1.0,Clear,0.33,0,0,0,0,0,0,0,0.91,0.8,5,12.5,30.1,75.9,0.0,0.0,0.0,0,26.4,9585.0,37.2,43,46.5,2,9.1
SIMULATED TRAINING DATA — PROTOTYPE ONLY,43409,MEMU,6,2.2,7.0,2.0,10.25,20.6,0.5,17,0,Normal,1.0,Clear,0.18,0,0,0,1,0,1,46,0.87,0.3,5,0.0,30.8,95.3,2.5,1.4,0.0,61,70.3,8269.0,30.7,141,43.4,1,8.3
SIMULATED TRAINING DATA — PROTOTYPE ONLY,43409,MEMU,9,0.9,24.4,2.5,16.4,30.4,0.5,6,1,Warning,6.3,Occupied,0.78,0,0,1,0,15,1,117,0.07,0.2,2,2.2,32.2,65.5,9.4,8.8,1.9,63,96.0,5527.0,16.7,1,24.4,1,16.8
SIMULATED TRAINING DATA — PROTOTYPE ONLY,43425,EMU Local,9,3.9,56.7,2.6,16.4,33.4,1.0,20,5,Warning,5.4,Occupied,0.85,0,0,1,0,30,1,55,0.71,3.2,5,2.3,26.7,53.9,5.6,4.2,0.0,61,92.6,5076.0,23.9,205,33.2,1,13.1
SIMULATED TRAINING DATA — PROTOTYPE ONLY,43505,EMU Local,14,4.6,32.0,2.4,26.65,52.6,1.0,11,2,Warning,6.1,Occupied,0.68,0,0,0,0,0,0,0,0.17,0.7,2,4.5,30.3,79.9,0.0,0.0,0.0,0,50.4,8893.0,23.0,52,32.1,1,9.6
SIMULATED TRAINING DATA — PROTOTYPE ONLY,43435,EMU Local,8,0.5,21.1,3.2,14.349999999999998,26.3,0.5,17,1,Normal,0.1,Clear,0.46,0,0,0,0,0,0,0,0.53,2.5,1,0.4,28.3,68.2,0.0,0.0,0.0,0,21.6,9358.0,9.5,26,12.7,0,0.7
SIMULATED TRAINING DATA — PROTOTYPE ONLY,43407,EMU Local,19,6.2,51.6,2.2,36.9,72.6,0.5,16,6,Normal,0.3,Clear,0.35,0,0,0,0,0,0,0,0.5,0.3,2,5.2,34.7,83.3,0.0,0.0,0.0,0,49.7,9739.0,36.0,347,59.6,2,6.0
SIMULATED TRAINING DATA — PROTOTYPE ONLY,43219,EMU Local,3,0.1,42.0,1.8,4.1,7.5,0.5,18,4,Normal,0.3,Clear,0.16,0,0,0,0,0,0,0,0.68,2.1,2,0.9,27.4,85.2,2.1,2.0,0.0,61,95.0,8588.0,23.9,201,32.3,1,5.7
SIMULATED TRAINING DATA — PROTOTYPE ONLY,43249,EMU Local,18,2.6,35.9,1.0,34.849999999999994,65.3,1.5,14,4,Normal,0.1,Clear,0.29,0,0,1,0,20,1,100,0.53,0.2,1,2.2,27.7,84.4,0.0,0.0,0.0,0,34.2,5159.0,29.3,325,38.5,1,5.9
SIMULATED TRAINING DATA — PROTOTYPE ONLY,43251,EMU Local,5,1.6,64.6,1.0,8.2,16.4,1.0,18,3,Normal,0.6,Clear,0.41,0,0,0,0,0,0,0,0.77,9.2,4,0.7,28.7,71.7,0.0,0.0,0.0,0,12.8,7394.0,31.3,347,52.7,2,12.0
SIMULATED TRAINING DATA — PROTOTYPE ONLY,43403,EMU Local,14,5.4,62.1,2.5,26.65,53.4,0.5,15,5,Warning,3.3,Occupied,0.88,0,0,0,0,0,0,0,0.4,0.2,1,3.7,28.4,93.9,4.2,4.2,0.0,61,82.8,7450.0,23.7,119,28.5,1,8.9
SIMULATED TRAINING DATA — PROTOTYPE ONLY,43217,MEMU,4,1.5,39.2,2.0,6.1499999999999995,12.6,1.0,12,2,Normal,1.0,Clear,0.45,0,0,0,0,0,0,0,0.71,5.2,3,0.4,38.2,81.5,0.0,0.0,0.0,0,22.3,5214.0,16.2,301,25.8,0,4.5
SIMULATED TRAINING DATA — PROTOTYPE ONLY,43221,Fast Local,7,7.0,52.8,1.6,12.299999999999999,29.1,0.5,18,5,Normal,0.1,Clear,0.4,0,0,0,0,0,0,0,0.66,0.1,1,7.5,35.8,63.3,1.0,0.5,0.0,0,74.4,9554.0,22.8,349,29.9,0,2.1
SIMULATED TRAINING DATA — PROTOTYPE ONLY,43245,Fast Local,20,3.6,8.4,1.4,38.949999999999996,73.7,0.5,4,1,Normal,0.2,Clear,0.12,0,0,0,0,0,0,0,0.35,0.9,1,1.2,33.5,64.2,0.0,0.0,0.0,0,45.7,8819.0,37.3,167,49.1,2,4.7
SIMULATED TRAINING DATA — PROTOTYPE ONLY,43251,EMU Local,12,6.3,58.4,2.5,22.549999999999997,46.9,1.5,15,2,Normal,0.5,Clear,0.15,0,0,0,0,0,0,0,0.24,1.6,1,8.3,29.9,87.7,0.0,0.0,0.0,2,11.5,6026.0,31.5,309,49.9,2,5.1
SIMULATED TRAINING DATA — PROTOTYPE ONLY,43401,EMU Local,2,18.2,25.7,1.5,2.05,21.9,1.5,9,5,Normal,0.5,Clear,0.36,0,0,0,0,0,0,0,0.88,3.1,4,18.0,31.2,80.0,0.0,0.0,0.0,0,23.2,8261.0,38.0,314,52.1,2,10.4
SIMULATED TRAINING DATA — PROTOTYPE ONLY,43247,EMU Local,11,4.5,20.2,3.1,20.5,41.4,1.0,4,3,Critical,7.3,Restricted,0.66,1,0,0,0,0,0,0,0.16,0.4,2,3.5,37.8,63.3,0.0,0.0,0.0,0,17.5,9064.0,9.6,307,15.3,0,11.4
SIMULATED TRAINING DATA — PROTOTYPE ONLY,43205,MEMU,14,16.8,15.2,3.5,26.65,64.8,0.5,22,2,Normal,0.9,Clear,0.34,0,0,0,0,0,0,0,0.1,0.0,2,17.5,30.3,67.7,0.0,0.0,0.0,0,19.2,9271.0,8.3,35,12.2,0,0.2
SIMULATED TRAINING DATA — PROTOTYPE ONLY,43511,EMU Local,16,0.1,14.1,1.6,30.749999999999996,55.4,0.5,16,2,Normal,0.5,Clear,0.42,0,1,1,0,20,1,109,0.29,1.1,2,0.0,27.2,71.2,0.0,0.0,0.0,0,39.1,9340.0,28.3,258,45.0,1,9.7
SIMULATED TRAINING DATA — PROTOTYPE ONLY,43403,EMU Local,20,1.7,58.2,2.5,38.949999999999996,71.8,1.5,9,1,Warning,5.5,Occupied,0.75,0,0,0,0,0,0,0,0.74,2.4,3,2.8,34.8,81.8,0.0,0.0,0.0,0,13.2,8923.0,26.9,114,33.3,1,10.0
SIMULATED TRAINING DATA — PROTOTYPE ONLY,43407,MEMU,6,0.5,51.5,2.4,10.25,19.0,1.0,20,2,Normal,1.0,Clear,0.27,0,0,0,0,0,0,0,0.66,1.4,2,0.0,30.6,69.3,0.0,0.0,0.0,0,45.3,8096.0,15.5,107,24.2,0,3.0
SIMULATED TRAINING DATA — PROTOTYPE ONLY,43409,EMU Local,4,1.2,30.5,1.5,6.1499999999999995,12.3,0.5,16,3,Normal,0.4,Clear,0.36,0,0,0,0,0,0,0,0.54,0.5,2,0.0,30.8,87.8,0.0,0.0,0.0,2,21.7,5431.0,19.4,299,29.0,0,2.1
SIMULATED TRAINING DATA — PROTOTYPE ONLY,43209,EMU Local,15,7.3,54.8,1.5,28.699999999999996,59.0,0.5,12,0,Normal,1.2,Clear,0.16,0,0,1,0,20,1,110,0.5,0.4,1,8.0,30.6,76.3,0.0,0.0,0.0,0,58.0,6306.0,11.0,235,17.8,0,7.2
SIMULATED TRAINING DATA — PROTOTYPE ONLY,43245,EMU Local,1,0.1,33.1,2.0,0.0,0.1,1.5,11,0,Normal,0.9,Clear,0.39,0,1,0,0,20,1,37,0.42,5.2,2,1.5,30.9,88.4,0.0,0.0,0.0,2,56.7,7664.0,17.4,194,22.5,0,11.1
SIMULATED TRAINING DATA — PROTOTYPE ONLY,43401,EMU Local,7,2.9,46.9,1.4,12.299999999999999,25.0,1.5,18,4,Normal,1.6,Clear,0.38,0,0,0,0,0,0,0,0.55,6.5,1,3.1,33.5,58.2,0.0,0.0,0.0,0,46.6,6838.0,35.6,299,52.6,2,11.2
SIMULATED TRAINING DATA — PROTOTYPE ONLY,43407,EMU Local,12,3.3,34.8,2.8,22.549999999999997,43.9,1.0,21,0,Normal,1.0,Clear,0.31,0,0,0,0,0,0,0,0.24,2.3,2,3.6,30.3,90.0,0.0,0.0,0.0,2,49.4,8556.0,17.0,27,25.8,0,1.4
SIMULATED TRAINING DATA — PROTOTYPE ONLY,43251,EMU Local,10,3.3,40.2,2.0,18.45,36.5,1.0,5,1,Warning,2.5,Occupied,0.95,0,0,1,0,30,1,73,0.43,1.1,2,2.3,32.7,86.0,0.0,0.0,0.0,2,46.0,5592.0,11.8,143,14.4,0,5.8
SIMULATED TRAINING DATA — PROTOTYPE ONLY,43403,EMU Local,5,2.6,28.4,1.4,8.2,17.4,0.5,5,4,Normal,0.3,Clear,0.42,0,0,0,0,0,0,0,0.12,1.9,1,2.0,35.7,72.9,0.0,0.0,0.0,0,46.3,9717.0,13.7,266,21.2,0,2.0
SIMULATED TRAINING DATA — PROTOTYPE ONLY,43239,EMU Local,12,6.3,30.6,2.0,22.549999999999997,46.9,1.0,14,0,Normal,0.1,Clear,0.3,0,0,0,0,0,0,0,0.39,0.5,1,5.5,37.4,65.7,0.0,0.0,0.0,0,19.0,6695.0,21.6,31,32.3,1,4.2
SIMULATED TRAINING DATA — PROTOTYPE ONLY,43219,MEMU,18,0.6,50.2,2.4,34.849999999999994,63.3,1.0,4,0,Normal,1.2,Clear,0.12,0,0,0,0,0,0,0,0.43,0.8,1,2.2,27.9,87.6,0.0,0.0,0.0,2,56.3,7588.0,20.7,281,29.8,0,2.5
SIMULATED TRAINING DATA — PROTOTYPE ONLY,43227,EMU Local,10,1.5,52.6,1.7,18.45,34.7,0.5,21,4,Normal,0.6,Clear,0.47,0,0,0,0,0,0,0,0.19,0.1,1,3.2,35.6,66.5,0.0,0.0,0.0,0,50.1,6676.0,8.2,173,10.2,0,0.9
SIMULATED TRAINING DATA — PROTOTYPE ONLY,43435,EMU Local,6,3.8,35.8,1.0,10.25,22.2,1.0,10,1,Normal,0.2,Clear,0.41,0,0,0,1,0,1,96,0.73,1.6,3,4.4,36.0,71.9,0.0,0.0,0.0,0,38.6,8993.0,8.6,34,13.6,0,5.7
SIMULATED TRAINING DATA — PROTOTYPE ONLY,43201,EMU Local,12,4.7,19.1,2.2,22.549999999999997,45.3,1.5,20,4,Warning,2.1,Occupied,0.73,0,0,0,0,0,0,0,0.85,0.6,4,7.1,36.5,78.1,0.0,0.0,0.0,0,18.3,5770.0,12.9,44,20.1,0,4.4
SIMULATED TRAINING DATA — PROTOTYPE ONLY,43505,Fast Local,7,2.1,75.0,1.4,12.299999999999999,24.2,0.5,19,6,Normal,0.6,Clear,0.27,0,1,0,0,20,1,23,0.36,0.1,1,2.8,31.7,58.4,0.0,0.0,0.0,0,48.8,6773.0,29.1,33,42.4,1,7.6
SIMULATED TRAINING DATA — PROTOTYPE ONLY,43407,EMU Local,18,8.3,42.6,1.6,34.849999999999994,71.0,1.0,10,6,Normal,0.3,Clear,0.48,0,0,0,0,0,0,0,0.83,0.0,5,9.7,30.5,69.8,0.0,0.0,0.0,0,55.4,8076.0,19.9,27,25.9,0,3.9
SIMULATED TRAINING DATA — PROTOTYPE ONLY,43247,EMU Local,2,2.1,46.7,2.4,2.05,5.8,1.0,10,1,Warning,5.7,Occupied,0.63,0,0,0,0,0,0,0,0.82,1.4,5,1.8,25.3,60.9,0.0,0.0,0.0,0,33.6,5229.0,8.9,58,12.5,0,7.4
SIMULATED TRAINING DATA — PROTOTYPE ONLY,43423,Fast Local,10,2.1,23.1,1.7,18.45,35.3,1.0,5,1,Normal,0.1,Clear,0.31,0,0,1,0,30,1,36,0.63,5.0,1,1.9,31.9,53.3,0.0,0.0,0.0,0,14.3,8053.0,27.5,239,40.5,1,11.5
SIMULATED TRAINING DATA — PROTOTYPE ONLY,43223,MEMU,15,0.1,60.2,2.0,28.699999999999996,51.8,1.0,8,5,Normal,0.7,Clear,0.36,0,1,0,0,20,1,89,0.7,1.4,1,0.0,38.6,97.0,0.0,0.0,0.0,2,58.4,8481.0,5.4,331,7.8,0,9.6
SIMULATED TRAINING DATA — PROTOTYPE ONLY,43503,EMU Local,12,3.2,62.5,3.0,22.549999999999997,43.8,0.5,17,3,Normal,0.2,Clear,0.21,0,0,0,0,0,0,0,0.7,2.5,2,2.1,32.8,64.1,0.0,0.0,0.0,0,18.5,9752.0,24.7,90,33.7,1,6.8
SIMULATED TRAINING DATA — PROTOTYPE ONLY,43435,MEMU,17,4.9,16.4,1.9,32.8,63.9,1.0,11,0,Normal,0.4,Clear,0.18,0,0,1,1,30,1,36,0.28,1.7,2,4.4,30.6,79.5,0.0,0.0,0.0,0,49.7,9876.0,16.4,144,21.9,0,5.3
SIMULATED TRAINING DATA — PROTOTYPE ONLY,43435,EMU Local,4,0.5,40.5,3.3,6.1499999999999995,11.6,0.5,15,5,Normal,0.7,Clear,0.21,0,0,0,1,0,1,28,0.23,0.6,1,0.9,33.8,97.1,0.0,0.0,0.0,2,59.2,6306.0,6.6,280,8.7,0,4.1
SIMULATED TRAINING DATA — PROTOTYPE ONLY,43211,EMU Local,7,1.5,39.3,2.5,12.299999999999999,23.6,1.0,10,0,Normal,0.7,Clear,0.22,0,0,0,0,0,0,0,0.85,2.5,5,0.8,26.8,64.4,0.0,0.0,0.0,0,24.6,8344.0,9.1,12,12.4,0,5.6
SIMULATED TRAINING DATA — PROTOTYPE ONLY,43211,EMU Local,9,6.1,75.0,1.5,16.4,35.6,0.5,9,5,Normal,0.1,Clear,0.4,0,0,0,0,0,0,0,0.84,2.2,3,6.8,30.4,56.9,2.5,0.1,0.0,0,92.1,5418.0,29.7,79,41.8,1,3.9
SIMULATED TRAINING DATA — PROTOTYPE ONLY,43221,EMU Local,19,1.8,63.7,1.8,36.9,68.2,0.5,16,2,Normal,0.1,Clear,0.16,0,0,0,0,0,0,0,0.29,0.1,1,0.9,34.8,93.1,5.0,3.3,0.0,61,89.2,8608.0,13.1,133,20.1,1,1.6
SIMULATED TRAINING DATA — PROTOTYPE ONLY,43247,MEMU,7,1.1,20.2,1.3,12.299999999999999,23.2,0.5,15,6,Normal,0.4,Clear,0.41,0,1,0,0,30,1,64,0.46,1.6,1,0.2,33.7,60.8,2.7,2.1,0.0,61,76.7,6666.0,14.0,23,16.9,0,7.0
SIMULATED TRAINING DATA — PROTOTYPE ONLY,43247,EMU Local,2,4.5,31.1,2.5,2.05,8.2,0.5,20,4,Normal,0.7,Clear,0.31,0,0,0,1,0,1,19,0.92,4.1,4,4.5,29.5,67.1,0.0,0.0,0.0,0,36.4,6063.0,21.1,91,33.7,1,10.3
SIMULATED TRAINING DATA — PROTOTYPE ONLY,43209,EMU Local,6,0.9,28.6,2.9,10.25,19.3,0.5,19,5,Normal,0.1,Clear,0.25,0,0,0,0,0,0,0,0.78,0.0,3,0.0,38.6,65.2,0.0,0.0,0.0,0,46.5,5090.0,10.2,89,12.7,0,1.4
SIMULATED TRAINING DATA — PROTOTYPE ONLY,43251,MEMU,18,9.0,47.6,1.9,34.849999999999994,71.7,0.5,4,6,Normal,0.2,Clear,0.22,0,0,0,0,0,0,0,0.24,0.1,1,10.3,25.7,73.9,0.0,0.0,0.0,0,42.0,7629.0,37.0,310,47.5,2,2.7
SIMULATED TRAINING DATA — PROTOTYPE ONLY,43425,MEMU,6,0.4,65.6,1.0,10.25,18.8,1.0,10,3,Normal,1.0,Clear,0.31,0,0,0,0,0,0,0,0.85,2.3,5,1.2,32.8,50.1,0.0,0.0,0.0,0,38.3,5896.0,17.5,142,26.2,0,4.3
SIMULATED TRAINING DATA — PROTOTYPE ONLY,43511,EMU Local,13,4.9,43.6,2.3,24.599999999999998,49.2,1.5,6,0,Normal,1.4,Clear,0.23,0,0,0,0,0,0,0,0.6,3.8,2,5.9,34.9,79.5,0.0,0.0,0.0,0,22.5,7899.0,19.7,319,24.0,0,4.3
SIMULATED TRAINING DATA — PROTOTYPE ONLY,43435,EMU Local,19,2.8,49.5,1.6,36.9,69.2,1.5,9,2,Normal,0.3,Clear,0.27,0,0,0,0,0,0,0,0.8,2.1,4,3.7,36.4,77.6,0.0,0.0,0.0,0,25.8,7555.0,7.4,180,12.0,0,4.0
SIMULATED TRAINING DATA — PROTOTYPE ONLY,43423,EMU Local,2,8.2,32.0,1.7,2.05,11.9,1.5,6,3,Normal,0.0,Clear,0.4,0,0,0,0,0,0,0,0.25,0.5,2,8.1,32.0,82.4,0.0,0.0,0.0,0,27.9,8093.0,23.4,160,37.2,1,2.7
SIMULATED TRAINING DATA — PROTOTYPE ONLY,43403,MEMU,12,0.5,49.4,2.3,22.549999999999997,41.1,1.0,6,1,Normal,0.1,Clear,0.35,0,1,0,0,30,1,69,0.42,4.1,2,0.8,34.6,82.1,10.6,8.7,1.1,63,70.2,6222.0,31.3,153,48.9,2,10.4
SIMULATED TRAINING DATA — PROTOTYPE ONLY,43247,EMU Local,15,4.5,34.9,2.8,28.699999999999996,56.2,0.5,11,0,Normal,0.1,Clear,0.4,0,0,1,0,30,1,31,0.13,0.0,1,5.0,31.5,77.4,0.0,0.0,0.0,0,44.0,5590.0,18.9,248,24.1,0,5.2
SIMULATED TRAINING DATA — PROTOTYPE ONLY,43501,Fast Local,14,3.4,17.4,2.5,26.65,51.4,1.0,17,6,Warning,3.1,Occupied,0.7,0,0,0,1,0,1,23,0.62,0.3,1,1.7,38.2,68.3,0.0,0.0,0.0,0,18.8,8914.0,10.5,298,14.1,0,7.9
SIMULATED TRAINING DATA — PROTOTYPE ONLY,43501,EMU Local,6,2.6,48.5,2.4,10.25,21.0,1.0,12,5,Normal,0.3,Clear,0.43,0,0,0,0,0,0,0,0.3,1.2,1,2.8,32.8,72.7,0.0,0.0,0.0,0,11.1,9956.0,5.8,10,9.2,0,1.5
SIMULATED TRAINING DATA — PROTOTYPE ONLY,43423,EMU Local,18,2.7,41.9,2.0,34.849999999999994,65.4,0.5,8,4,Critical,18.6,Restricted,0.95,1,0,0,0,0,0,0,0.61,0.2,2,2.2,36.1,64.2,0.0,0.0,0.0,0,13.7,6899.0,16.5,35,23.3,0,24.0
SIMULATED TRAINING DATA — PROTOTYPE ONLY,43239,EMU Local,5,5.1,25.5,1.3,8.2,19.9,1.0,18,3,Warning,6.1,Occupied,0.83,0,0,0,0,0,0,0,0.33,0.2,1,7.3,26.9,74.3,0.0,0.0,0.0,0,44.2,6937.0,33.4,321,48.0,2,10.7
SIMULATED TRAINING DATA — PROTOTYPE ONLY,43247,EMU Local,18,11.1,66.7,2.3,34.849999999999994,73.8,0.5,20,6,Critical,19.7,Restricted,0.8,1,0,0,0,0,0,0,0.55,4.0,1,10.9,31.0,62.5,0.0,0.0,0.0,0,14.7,9329.0,8.3,203,10.6,0,27.0
SIMULATED TRAINING DATA — PROTOTYPE ONLY,43423,EMU Local,3,0.4,30.5,2.5,4.1,7.8,1.5,13,2,Warning,6.9,Occupied,0.89,0,0,1,0,20,1,29,0.32,0.3,1,0.2,33.7,73.6,0.0,0.0,0.0,0,25.6,5871.0,36.5,228,60.8,2,18.5
SIMULATED TRAINING DATA — PROTOTYPE ONLY,43221,Fast Local,3,0.1,51.1,1.7,4.1,7.5,1.0,11,4,Normal,0.5,Clear,0.37,0,0,0,0,0,0,0,0.25,0.9,1,0.0,33.6,66.7,0.0,0.0,0.0,0,37.5,6729.0,33.8,299,57.2,2,5.5
SIMULATED TRAINING DATA — PROTOTYPE ONLY,43407,EMU Local,10,6.6,36.6,1.9,18.45,39.8,2.0,21,1,Normal,2.2,Clear,0.33,0,0,0,1,0,1,51,0.36,0.6,2,6.1,29.2,62.2,3.6,2.7,0.0,61,89.6,6394.0,6.4,231,10.0,0,6.1
SIMULATED TRAINING DATA — PROTOTYPE ONLY,66015,EMU Local,19,0.5,65.2,2.8,36.9,66.9,0.5,9,4,Normal,0.5,Clear,0.5,0,0,0,0,0,0,0,0.95,0.5,5,0.0,24.1,84.6,0.0,0.0,0.0,0,36.9,5632.0,7.7,348,12.1,0,3.2
SIMULATED TRAINING DATA — PROTOTYPE ONLY,43203,MEMU,3,17.3,38.4,1.9,4.1,24.7,0.5,20,6,Warning,4.1,Occupied,0.76,0,0,0,0,0,0,0,0.61,1.0,2,19.5,24.5,81.5,0.0,0.0,0.0,0,56.0,7718.0,19.7,72,25.4,0,5.7
SIMULATED TRAINING DATA — PROTOTYPE ONLY,43403,EMU Local,12,3.9,16.9,1.9,22.549999999999997,44.5,2.0,7,6,Normal,0.2,Clear,0.27,0,0,0,0,0,0,0,0.53,1.0,1,4.6,27.7,72.7,0.0,0.0,0.0,0,32.2,8135.0,7.6,0,10.6,0,1.5
SIMULATED TRAINING DATA — PROTOTYPE ONLY,43503,MEMU,16,4.2,54.2,2.0,30.749999999999996,59.6,0.5,18,2,Normal,0.1,Clear,0.15,0,0,0,0,0,0,0,0.51,1.8,1,3.8,42.6,51.1,0.0,0.0,0.0,0,18.3,9393.0,36.5,64,49.5,2,9.0
SIMULATED TRAINING DATA — PROTOTYPE ONLY,43207,EMU Local,17,0.9,65.1,2.5,32.8,59.9,0.5,13,1,Normal,0.4,Clear,0.17,0,0,0,0,0,0,0,0.12,0.1,1,1.5,19.4,61.5,20.7,18.9,2.8,65,93.4,2836.0,5.8,63,7.4,2,3.6
SIMULATED TRAINING DATA — PROTOTYPE ONLY,43239,EMU Local,7,1.1,35.6,2.3,12.299999999999999,23.2,1.0,16,2,Normal,0.4,Clear,0.39,0,1,0,0,20,1,22,0.4,0.1,1,0.0,30.8,71.1,0.0,0.0,0.0,0,35.7,5252.0,36.1,246,48.5,2,14.7
SIMULATED TRAINING DATA — PROTOTYPE ONLY,66015,EMU Local,13,4.3,52.2,2.2,24.599999999999998,48.6,1.5,4,6,Normal,0.1,Clear,0.1,0,0,0,1,0,1,101,0.21,0.7,1,4.1,30.3,77.7,0.0,0.0,0.0,0,40.3,5244.0,26.4,261,43.4,1,5.8
SIMULATED TRAINING DATA — PROTOTYPE ONLY,43247,EMU Local,2,9.6,43.9,3.0,2.05,13.3,0.5,12,0,Normal,0.6,Clear,0.46,0,1,0,0,15,1,85,0.21,0.0,1,8.3,31.7,77.9,1.7000000000000002,1.1,0.0,61,78.7,5295.0,23.0,210,31.4,1,15.4
SIMULATED TRAINING DATA — PROTOTYPE ONLY,43205,Fast Local,4,16.2,36.3,1.9,6.1499999999999995,27.3,0.5,8,2,Normal,0.0,Clear,0.35,0,0,0,0,0,0,0,0.96,0.6,3,14.4,31.2,74.8,0.0,0.0,0.0,0,19.6,6265.0,26.6,89,35.5,1,4.0
SIMULATED TRAINING DATA — PROTOTYPE ONLY,43501,EMU Local,10,0.9,54.6,1.5,18.45,34.1,1.0,14,4,Warning,4.5,Occupied,0.66,0,0,0,0,0,0,0,0.11,1.5,1,1.8,27.6,72.4,0.0,0.0,0.0,0,12.1,6254.0,9.2,114,14.1,0,5.4
SIMULATED TRAINING DATA — PROTOTYPE ONLY,43219,EMU Local,7,0.6,30.0,2.7,12.299999999999999,22.7,0.5,7,6,Warning,3.6,Occupied,0.95,0,0,0,0,0,0,0,0.23,0.0,2,0.5,35.6,69.4,0.0,0.0,0.0,0,53.8,8879.0,29.7,192,39.3,1,6.8
SIMULATED TRAINING DATA — PROTOTYPE ONLY,43505,EMU Local,17,0.2,42.5,2.2,32.8,59.2,0.5,23,0,Warning,6.9,Occupied,0.96,0,0,0,0,0,0,0,0.26,0.9,1,0.0,25.0,64.5,0.2,0.1,0.0,0,82.3,5247.0,13.6,99,22.5,0,8.1
SIMULATED TRAINING DATA — PROTOTYPE ONLY,43211,EMU Local,20,8.1,45.9,1.7,38.949999999999996,78.2,1.5,19,0,Normal,0.3,Clear,0.47,0,0,0,0,0,0,0,0.78,0.4,4,7.1,39.0,91.9,0.0,0.0,0.0,2,15.3,8050.0,30.6,259,39.7,1,5.7
SIMULATED TRAINING DATA — PROTOTYPE ONLY,43237,Fast Local,6,1.4,45.3,1.9,10.25,19.8,1.0,21,3,Warning,4.4,Occupied,0.74,0,0,1,0,20,1,36,0.24,1.4,2,3.0,33.3,84.4,0.0,0.0,0.0,0,43.0,7982.0,32.3,15,54.0,2,19.0
SIMULATED TRAINING DATA — PROTOTYPE ONLY,43409,EMU Local,19,0.0,30.4,1.3,36.9,66.4,1.5,11,4,Normal,0.2,Clear,0.23,0,0,0,0,0,0,0,0.26,0.8,2,0.0,27.9,79.0,3.3,0.4,0.0,0,81.7,7563.0,19.3,87,30.4,1,4.1
SIMULATED TRAINING DATA — PROTOTYPE ONLY,43239,EMU Local,5,1.0,72.9,2.2,8.2,15.8,0.5,5,4,Warning,4.3,Occupied,0.95,0,0,0,0,0,0,0,0.19,0.4,2,1.7,28.7,58.4,0.0,0.0,0.0,0,40.6,5115.0,20.0,174,30.1,1,6.7
SIMULATED TRAINING DATA — PROTOTYPE ONLY,43227,Fast Local,10,1.7,60.9,1.2,18.45,34.9,1.0,20,1,Normal,0.0,Clear,0.23,0,0,0,0,0,0,0,0.67,1.4,1,0.8,36.1,57.8,7.8,3.5,0.0,61,92.4,9126.0,12.1,336,16.9,1,4.2
SIMULATED TRAINING DATA — PROTOTYPE ONLY,43251,EMU Local,9,18.8,56.9,2.5,16.4,48.3,2.0,13,2,Normal,0.6,Clear,0.17,0,0,0,0,0,0,0,0.66,2.6,2,19.1,26.1,71.6,0.0,0.0,0.0,0,52.5,6889.0,24.3,333,32.6,1,5.3
SIMULATED TRAINING DATA — PROTOTYPE ONLY,43251,Fast Local,13,3.0,63.5,1.8,24.599999999999998,47.3,1.0,16,5,Warning,5.1,Occupied,0.91,0,0,0,0,0,0,0,0.37,2.4,1,3.6,31.7,65.8,0.0,0.0,0.0,0,14.4,7241.0,7.8,283,11.9,0,5.9
SIMULATED TRAINING DATA — PROTOTYPE ONLY,43237,EMU Local,19,0.9,43.0,1.3,36.9,67.3,0.5,18,2,Normal,0.9,Clear,0.39,0,0,0,0,0,0,0,0.45,0.0,1,0.1,31.4,58.3,0.0,0.0,0.0,0,15.8,8351.0,14.6,14,19.4,0,1.3
SIMULATED TRAINING DATA — PROTOTYPE ONLY,66015,EMU Local,21,1.6,36.4,2.8,41.0,75.4,2.0,12,4,Normal,0.8,Clear,0.3,0,1,0,0,15,1,34,0.59,0.0,1,1.4,31.3,73.3,0.0,0.0,0.0,0,29.2,8317.0,10.5,239,16.5,0,12.0
SIMULATED TRAINING DATA — PROTOTYPE ONLY,43221,EMU Local,6,1.6,25.7,3.5,10.25,20.0,1.0,11,2,Normal,0.8,Clear,0.45,0,0,0,0,0,0,0,0.26,0.3,2,2.0,33.7,49.4,0.0,0.0,0.0,0,55.0,6382.0,34.3,209,57.7,2,6.6
SIMULATED TRAINING DATA — PROTOTYPE ONLY,43217,MEMU,4,0.1,31.4,2.4,6.1499999999999995,11.2,1.0,9,4,Normal,0.0,Clear,0.17,0,0,0,0,0,0,0,0.63,3.0,2,0.0,34.1,70.9,0.0,0.0,0.0,0,51.1,5057.0,28.1,96,37.7,1,5.5
SIMULATED TRAINING DATA — PROTOTYPE ONLY,43247,Fast Local,3,0.6,26.8,1.9,4.1,8.0,0.5,7,6,Normal,0.9,Clear,0.28,0,0,0,0,0,0,0,0.09,0.1,2,0.3,33.2,78.1,2.3000000000000003,2.1,0.0,61,92.8,9027.0,29.8,276,42.9,1,3.4
SIMULATED TRAINING DATA — PROTOTYPE ONLY,43217,EMU Local,3,4.8,34.1,1.5,4.1,12.2,1.0,21,0,Normal,0.1,Clear,0.38,0,0,0,0,0,0,0,0.52,1.0,2,3.7,36.0,77.7,13.5,11.9,1.7,63,87.9,8782.0,31.1,289,43.9,1,5.2
SIMULATED TRAINING DATA — PROTOTYPE ONLY,43425,EMU Local,4,0.5,46.1,2.3,6.1499999999999995,11.6,1.5,6,2,Normal,0.0,Clear,0.13,0,0,0,0,0,0,0,0.17,0.4,2,0.6,32.5,50.3,0.0,0.0,0.0,0,41.1,8206.0,9.5,8,13.6,0,0.0
SIMULATED TRAINING DATA — PROTOTYPE ONLY,43221,EMU Local,5,1.0,55.7,2.5,8.2,15.8,1.0,7,6,Normal,0.1,Clear,0.25,0,1,1,0,20,1,106,0.11,0.2,1,2.3,29.5,49.8,0.0,0.0,0.0,0,49.2,9674.0,33.8,329,47.7,2,11.0
SIMULATED TRAINING DATA — PROTOTYPE ONLY,43211,EMU Local,8,1.7,55.3,2.1,14.349999999999998,27.5,0.5,16,2,Normal,0.3,Clear,0.33,0,1,1,0,15,1,85,0.46,1.0,1,0.3,27.0,69.4,0.0,0.0,0.0,0,20.0,6022.0,26.5,131,38.0,1,11.8
SIMULATED TRAINING DATA — PROTOTYPE ONLY,43247,EMU Local,16,5.7,24.4,2.6,30.749999999999996,61.0,0.5,23,4,Normal,0.7,Clear,0.25,0,0,0,0,0,0,0,0.34,1.9,1,4.9,31.7,64.4,0.0,0.0,0.0,0,15.6,5518.0,11.6,93,14.8,0,1.1
SIMULATED TRAINING DATA — PROTOTYPE ONLY,43403,Fast Local,3,3.5,52.3,3.0,4.1,10.9,0.5,14,6,Normal,0.1,Clear,0.29,0,0,0,0,0,0,0,0.67,0.6,1,1.0,33.1,57.4,0.0,0.0,0.0,0,56.5,9994.0,35.9,293,47.9,2,6.7
SIMULATED TRAINING DATA — PROTOTYPE ONLY,43201,EMU Local,12,4.7,59.2,1.3,22.549999999999997,45.3,0.5,11,4,Normal,0.1,Clear,0.34,0,0,0,0,0,0,0,0.27,0.4,2,5.3,24.4,46.2,0.0,0.0,0.0,0,51.9,9342.0,19.5,80,31.5,1,1.4
SIMULATED TRAINING DATA — PROTOTYPE ONLY,43203,EMU Local,8,3.3,38.2,2.3,14.349999999999998,29.1,1.0,17,1,Normal,0.5,Clear,0.25,0,0,0,0,0,0,0,0.59,1.5,2,1.4,33.3,61.4,4.2,3.2,0.0,61,71.7,5208.0,16.9,299,21.7,1,4.7
SIMULATED TRAINING DATA — PROTOTYPE ONLY,43217,EMU Local,13,4.6,60.0,1.0,24.599999999999998,48.9,0.5,17,2,Normal,2.1,Clear,0.14,0,0,0,1,0,1,60,0.66,4.6,1,5.2,28.0,70.8,13.7,13.2,1.7,63,87.4,6651.0,14.4,312,20.1,1,9.5
SIMULATED TRAINING DATA — PROTOTYPE ONLY,43205,EMU Local,4,0.0,55.1,1.6,6.1499999999999995,11.1,0.5,19,3,Critical,11.6,Restricted,0.69,1,0,0,1,0,1,109,0.6,0.5,1,0.7,27.9,69.2,15.200000000000001,14.8,2.1,63,81.5,7589.0,26.2,22,33.0,1,21.9
SIMULATED TRAINING DATA — PROTOTYPE ONLY,43217,EMU Local,14,10.7,23.0,2.5,26.65,58.7,0.5,17,4,Warning,5.1,Occupied,0.8,0,0,0,0,0,0,0,0.42,1.1,1,11.8,32.1,57.6,0.0,0.0,0.0,0,10.8,8141.0,19.9,196,24.0,0,5.1
SIMULATED TRAINING DATA — PROTOTYPE ONLY,43237,EMU Local,14,0.5,74.9,2.1,26.65,48.5,0.5,4,3,Normal,0.4,Clear,0.17,0,0,0,0,0,0,0,0.36,2.6,2,0.9,23.1,60.0,7.1,6.3,2.1,63,88.5,7082.0,10.7,98,16.6,1,4.9
SIMULATED TRAINING DATA — PROTOTYPE ONLY,43217,Fast Local,13,2.1,31.3,1.1,24.599999999999998,46.4,1.0,5,0,Normal,0.8,Clear,0.46,0,0,1,0,20,1,47,0.18,0.1,1,0.3,37.3,67.9,0.0,0.0,0.0,0,33.6,5438.0,30.4,280,42.7,1,7.8
SIMULATED TRAINING DATA — PROTOTYPE ONLY,43239,EMU Local,6,5.9,56.4,2.7,10.25,24.4,1.0,23,0,Normal,1.9,Clear,0.43,0,0,0,0,0,0,0,0.05,0.2,2,5.7,35.1,62.0,0.0,0.0,0.0,0,39.3,7365.0,10.2,150,17.0,0,0.6
SIMULATED TRAINING DATA — PROTOTYPE ONLY,43217,EMU Local,17,2.3,55.8,1.8,32.8,61.3,1.5,4,3,Normal,0.4,Clear,0.24,0,0,0,1,0,1,83,0.34,0.3,1,2.5,26.7,75.9,0.0,0.0,0.0,0,51.1,7734.0,17.9,97,28.3,0,5.7
SIMULATED TRAINING DATA — PROTOTYPE ONLY,43201,EMU Local,4,11.7,23.6,2.6,6.1499999999999995,22.8,0.5,14,5,Normal,0.3,Clear,0.43,0,0,0,0,0,0,0,0.3,0.2,1,12.3,30.7,78.7,0.0,0.0,0.0,0,39.5,6573.0,23.7,334,38.6,1,3.0
SIMULATED TRAINING DATA — PROTOTYPE ONLY,43201,Fast Local,8,2.5,44.7,2.4,14.349999999999998,28.3,1.0,9,0,Warning,6.1,Occupied,0.64,0,0,0,0,0,0,0,0.84,0.8,5,3.2,32.1,77.4,0.0,0.0,0.0,0,39.7,5794.0,6.5,10,8.9,0,8.6
SIMULATED TRAINING DATA — PROTOTYPE ONLY,43435,MEMU,17,8.3,55.6,1.6,32.8,67.3,0.5,18,3,Normal,1.7,Clear,0.16,0,1,0,0,20,1,45,0.68,1.7,2,7.8,28.5,58.9,0.0,0.0,0.0,0,59.8,7590.0,28.2,55,43.0,1,10.1
SIMULATED TRAINING DATA — PROTOTYPE ONLY,43227,EMU Local,3,6.7,23.5,2.6,4.1,14.1,0.5,15,1,Normal,0.1,Clear,0.35,0,0,1,0,15,1,40,0.44,1.4,1,6.6,29.5,76.0,0.0,0.0,0.0,0,10.1,6389.0,7.4,54,9.0,0,10.9
SIMULATED TRAINING DATA — PROTOTYPE ONLY,43511,MEMU,17,15.9,43.5,2.3,32.8,74.9,1.0,8,1,Normal,0.4,Clear,0.37,0,0,0,0,0,0,0,0.93,0.7,5,15.8,31.0,76.3,0.0,0.0,0.0,0,27.4,6195.0,6.1,310,9.4,0,3.0
SIMULATED TRAINING DATA — PROTOTYPE ONLY,43205,EMU Local,9,10.4,56.9,2.2,16.4,39.9,1.0,15,0,Normal,0.8,Clear,0.13,0,1,0,0,30,1,72,0.5,0.2,2,8.9,31.5,89.8,0.0,0.0,0.0,2,56.5,8619.0,19.4,73,27.2,0,6.3
SIMULATED TRAINING DATA — PROTOTYPE ONLY,43251,EMU Local,2,9.1,57.9,1.8,2.05,12.8,0.5,17,6,Normal,0.4,Clear,0.23,0,0,0,1,0,1,99,0.42,0.9,2,7.9,31.0,95.7,2.4,1.5,0.0,61,74.5,7798.0,20.5,2,27.8,0,5.0
SIMULATED TRAINING DATA — PROTOTYPE ONLY,43501,EMU Local,13,5.3,36.0,1.4,24.599999999999998,49.6,0.5,17,3,Normal,0.3,Clear,0.1,0,0,0,0,0,0,0,0.85,0.2,5,5.2,31.7,86.9,0.0,0.0,0.0,2,22.0,8716.0,15.7,346,25.9,0,3.2
SIMULATED TRAINING DATA — PROTOTYPE ONLY,43501,EMU Local,20,1.8,65.2,1.8,38.949999999999996,71.9,1.0,22,3,Normal,0.5,Clear,0.23,0,0,0,0,0,0,0,0.53,1.4,2,0.8,33.0,66.5,7.1000000000000005,6.4,2.6,63,86.3,7240.0,18.3,182,31.1,1,3.9
SIMULATED TRAINING DATA — PROTOTYPE ONLY,43219,EMU Local,2,0.4,61.6,1.8,2.05,4.1,1.0,8,3,Normal,0.2,Clear,0.23,0,0,0,1,0,1,63,0.54,2.2,1,0.0,30.2,62.7,0.0,0.0,0.0,0,48.4,5387.0,7.7,265,11.8,0,5.6
SIMULATED TRAINING DATA — PROTOTYPE ONLY,43247,Fast Local,20,4.7,45.6,2.6,38.949999999999996,74.8,0.5,6,5,Normal,0.2,Clear,0.35,0,0,0,0,0,0,0,0.63,6.4,1,2.9,33.2,69.6,3.5,3.0,0.0,61,87.2,7463.0,25.5,137,34.4,1,6.3
SIMULATED TRAINING DATA — PROTOTYPE ONLY,43201,MEMU,11,15.4,32.1,1.1,20.5,52.3,1.0,21,0,Warning,2.2,Occupied,0.96,0,0,0,0,0,0,0,0.35,0.2,2,16.2,36.2,65.1,2.7,0.2,0.0,0,98.9,7976.0,29.7,256,48.8,2,6.9
SIMULATED TRAINING DATA — PROTOTYPE ONLY,43223,EMU Local,15,5.2,24.5,3.0,28.699999999999996,56.9,2.0,9,5,Warning,4.5,Occupied,0.75,0,0,1,0,30,1,76,0.69,1.4,1,5.6,33.3,97.1,0.0,0.0,0.0,2,15.9,8884.0,11.9,72,19.2,0,11.6
SIMULATED TRAINING DATA — PROTOTYPE ONLY,43211,EMU Local,11,10.6,47.7,3.0,20.5,47.5,0.5,12,3,Warning,6.6,Occupied,0.81,0,0,0,0,0,0,0,0.24,0.2,2,10.8,38.5,83.5,0.0,0.0,0.0,0,58.2,7915.0,10.9,286,18.1,0,6.9
SIMULATED TRAINING DATA — PROTOTYPE ONLY,43425,EMU Local,3,6.5,64.0,1.7,4.1,13.9,0.5,10,4,Normal,0.8,Clear,0.43,0,0,0,0,0,0,0,0.81,0.7,3,6.1,25.9,79.5,0.0,0.0,0.0,0,21.5,8979.0,6.2,6,8.5,0,2.6
SIMULATED TRAINING DATA — PROTOTYPE ONLY,43251,EMU Local,3,0.7,39.8,2.9,4.1,8.1,0.5,21,3,Normal,0.5,Clear,0.26,0,0,0,0,0,0,0,0.45,1.2,2,0.0,29.2,81.6,0.0,0.0,0.0,0,56.4,7563.0,20.5,208,26.9,0,1.8
SIMULATED TRAINING DATA — PROTOTYPE ONLY,43503,EMU Local,12,1.1,29.1,1.5,22.549999999999997,41.7,1.0,5,4,Critical,8.0,Restricted,0.62,1,0,0,0,0,0,0,0.06,0.0,2,0.0,33.0,88.5,0.0,0.0,0.0,2,30.2,8060.0,27.8,166,40.5,1,12.8
SIMULATED TRAINING DATA — PROTOTYPE ONLY,43251,EMU Local,5,1.7,54.4,2.8,8.2,16.5,0.5,23,1,Normal,0.2,Clear,0.29,0,0,0,0,0,0,0,0.07,0.0,2,2.4,32.5,79.4,0.0,0.0,0.0,0,59.4,5113.0,28.7,210,48.3,2,4.2
SIMULATED TRAINING DATA — PROTOTYPE ONLY,43511,EMU Local,20,0.7,44.6,1.6,38.949999999999996,70.8,2.0,13,4,Normal,0.5,Clear,0.4,0,0,0,0,0,0,0,0.21,0.1,2,0.2,30.0,69.7,17.299999999999997,16.9,1.3,65,88.3,2402.0,6.1,2,7.8,2,5.5
SIMULATED TRAINING DATA — PROTOTYPE ONLY,43401,MEMU,7,3.5,49.7,2.7,12.299999999999999,25.6,1.0,15,1,Normal,0.4,Clear,0.29,0,0,0,0,0,0,0,0.27,0.4,2,4.2,34.0,80.9,0.0,0.0,0.0,0,43.4,5828.0,37.0,289,55.5,2,5.4
SIMULATED TRAINING DATA — PROTOTYPE ONLY,43511,EMU Local,7,14.8,34.1,1.2,12.299999999999999,36.9,0.5,5,0,Normal,0.5,Clear,0.14,0,0,1,0,20,1,46,0.47,0.0,1,13.7,32.3,80.8,0.0,0.0,0.0,0,51.0,8696.0,37.5,204,46.8,2,14.5
SIMULATED TRAINING DATA — PROTOTYPE ONLY,43209,EMU Local,13,5.7,36.5,2.7,24.599999999999998,50.0,0.5,16,6,Normal,0.1,Clear,0.18,0,1,0,0,30,1,112,0.54,3.7,1,7.7,36.2,58.6,15.4,13.3,1.7,63,81.2,7224.0,32.3,239,43.8,1,9.9
SIMULATED TRAINING DATA — PROTOTYPE ONLY,43237,MEMU,9,2.2,34.1,2.9,16.4,31.7,1.0,11,6,Normal,0.2,Clear,0.18,0,0,0,0,0,0,0,0.29,0.9,1,2.4,27.3,98.0,7.2,1.2,0.0,61,86.4,9461.0,27.7,207,35.3,1,4.1
SIMULATED TRAINING DATA — PROTOTYPE ONLY,43239,EMU Local,21,0.0,49.5,1.2,41.0,73.8,0.5,10,5,Normal,0.2,Clear,0.3,0,1,0,0,20,1,105,0.68,0.1,1,0.0,31.7,64.6,0.0,0.0,0.0,0,14.9,6522.0,17.1,348,21.4,0,5.4
SIMULATED TRAINING DATA — PROTOTYPE ONLY,43217,EMU Local,13,1.5,36.9,3.2,24.599999999999998,45.8,1.5,6,5,Normal,0.5,Clear,0.11,0,0,0,0,0,0,0,0.32,0.3,2,0.3,29.7,90.5,0.0,0.0,0.0,2,21.3,9860.0,17.9,181,30.3,1,4.4
SIMULATED TRAINING DATA — PROTOTYPE ONLY,43249,EMU Local,12,3.0,50.9,2.7,22.549999999999997,43.6,0.5,11,1,Normal,1.8,Clear,0.21,0,0,0,1,0,1,81,0.54,2.1,1,3.2,34.9,70.1,0.0,0.0,0.0,0,12.7,8679.0,34.9,259,44.3,1,10.3
SIMULATED TRAINING DATA — PROTOTYPE ONLY,43503,EMU Local,13,1.6,32.7,1.0,24.599999999999998,45.9,0.5,4,1,Normal,1.5,Clear,0.34,0,0,0,0,0,0,0,0.6,0.1,1,2.3,33.7,85.9,0.0,0.0,0.0,2,53.4,8073.0,14.1,79,18.5,0,2.3
SIMULATED TRAINING DATA — PROTOTYPE ONLY,43237,MEMU,10,0.5,49.5,1.8,18.45,33.7,1.0,18,3,Normal,0.1,Clear,0.24,0,0,1,0,30,1,57,0.59,1.0,2,0.0,29.6,72.6,0.0,0.0,0.0,0,45.2,9704.0,33.9,218,43.9,1,8.4
SIMULATED TRAINING DATA — PROTOTYPE ONLY,43205,EMU Local,1,2.3,52.6,2.7,0.0,2.3,0.5,4,2,Normal,0.2,Clear,0.38,0,1,1,0,20,1,48,0.46,0.2,2,2.1,35.5,54.7,1.2999999999999998,0.7,0.0,61,74.4,7699.0,10.0,294,16.4,0,9.3
SIMULATED TRAINING DATA — PROTOTYPE ONLY,43221,EMU Local,8,1.2,47.0,2.5,14.349999999999998,27.0,1.0,15,1,Normal,0.0,Clear,0.26,0,0,0,0,0,0,0,0.25,0.4,2,1.1,31.4,84.8,0.0,0.0,0.0,0,44.8,6818.0,15.7,160,21.9,0,1.5
SIMULATED TRAINING DATA — PROTOTYPE ONLY,43201,Fast Local,16,9.6,55.8,2.2,30.749999999999996,64.9,0.5,14,4,Normal,0.3,Clear,0.49,0,0,0,0,0,0,0,0.52,6.3,1,10.1,26.5,89.7,0.0,0.0,0.0,2,41.8,8475.0,19.0,207,23.4,0,4.2
SIMULATED TRAINING DATA — PROTOTYPE ONLY,43503,Fast Local,13,0.4,34.8,2.7,24.599999999999998,44.7,1.0,19,0,Normal,0.9,Clear,0.49,0,1,0,0,20,1,107,0.61,1.3,1,0.0,30.5,71.9,0.0,0.0,0.0,0,11.8,6221.0,25.4,301,37.2,1,12.3
SIMULATED TRAINING DATA — PROTOTYPE ONLY,43227,Fast Local,3,0.2,52.4,1.6,4.1,7.6,1.0,7,5,Normal,1.2,Clear,0.42,0,0,0,0,0,0,0,0.18,0.6,1,1.2,40.8,82.3,8.9,3.4,0.0,61,73.9,7613.0,29.6,279,38.0,1,3.2
SIMULATED TRAINING DATA — PROTOTYPE ONLY,43209,EMU Local,3,0.0,45.5,2.1,4.1,7.4,1.0,5,4,Normal,0.1,Clear,0.48,0,0,0,0,0,0,0,0.21,0.4,1,0.9,30.7,63.7,0.0,0.0,0.0,0,30.6,9472.0,9.5,46,14.6,0,1.3
SIMULATED TRAINING DATA — PROTOTYPE ONLY,43249,EMU Local,5,1.6,29.9,1.6,8.2,16.4,1.0,6,5,Normal,0.2,Clear,0.18,0,0,0,0,0,0,0,0.32,0.4,1,2.5,32.4,72.8,0.0,0.0,0.0,0,17.9,7201.0,18.2,78,25.7,0,1.9
SIMULATED TRAINING DATA — PROTOTYPE ONLY,43215,Fast Local,11,4.3,13.4,2.2,20.5,41.2,0.5,7,0,Normal,0.1,Clear,0.4,0,0,0,0,0,0,0,0.23,0.8,1,3.5,32.7,85.3,4.1,0.7,0.0,61,88.2,7122.0,17.3,202,25.8,0,0.2
SIMULATED TRAINING DATA — PROTOTYPE ONLY,43215,MEMU,7,5.2,16.6,2.7,12.299999999999999,27.3,0.5,21,4,Normal,0.2,Clear,0.23,0,0,0,0,0,0,0,0.21,0.7,2,6.5,31.3,76.6,0.0,0.0,0.0,0,31.4,6686.0,14.9,88,25.0,0,0.0
SIMULATED TRAINING DATA — PROTOTYPE ONLY,43501,EMU Local,21,2.4,8.9,2.6,41.0,76.2,0.5,15,5,Warning,2.9,Occupied,0.94,0,1,0,0,30,1,80,0.51,1.7,1,1.4,37.6,78.1,0.0,0.0,0.0,0,22.8,8283.0,19.9,232,30.1,1,11.7
SIMULATED TRAINING DATA — PROTOTYPE ONLY,66015,EMU Local,10,4.6,48.4,2.2,18.45,37.8,0.5,4,1,Normal,0.5,Clear,0.25,0,0,1,0,20,1,26,0.39,0.0,1,2.1,34.4,84.3,0.0,0.0,0.0,0,46.6,6334.0,29.1,7,35.9,1,9.0
SIMULATED TRAINING DATA — PROTOTYPE ONLY,43435,EMU Local,10,1.8,37.1,2.7,18.45,35.0,2.0,6,2,Normal,0.8,Clear,0.22,0,0,0,0,0,0,0,0.1,0.4,1,2.2,34.1,92.2,13.2,8.2,3.6,63,82.9,9037.0,23.4,79,37.3,1,4.0
SIMULATED TRAINING DATA — PROTOTYPE ONLY,43239,Fast Local,20,4.4,43.3,2.8,38.949999999999996,74.5,0.5,7,1,Normal,0.4,Clear,0.48,0,0,0,0,0,0,0,0.55,2.2,1,4.3,30.4,85.6,0.0,0.0,0.0,2,28.3,8159.0,21.7,60,34.8,1,5.1
SIMULATED TRAINING DATA — PROTOTYPE ONLY,43503,EMU Local,2,0.2,39.3,3.2,2.05,3.9,1.0,9,6,Warning,5.9,Occupied,0.94,0,0,1,0,20,1,17,0.39,0.1,2,1.7,34.3,76.0,5.7,3.6,0.0,61,90.1,9790.0,22.1,254,36.4,1,16.6
SIMULATED TRAINING DATA — PROTOTYPE ONLY,43215,EMU Local,3,2.0,50.7,2.8,4.1,9.4,0.5,20,5,Normal,0.1,Clear,0.4,0,0,0,1,0,1,41,0.63,0.5,2,0.8,30.3,71.8,0.0,0.0,0.0,0,16.1,9613.0,28.5,190,39.6,1,6.0
SIMULATED TRAINING DATA — PROTOTYPE ONLY,43245,EMU Local,8,6.3,51.2,2.5,14.349999999999998,32.1,1.0,11,3,Normal,0.0,Clear,0.37,0,0,0,0,0,0,0,0.35,0.9,2,5.9,33.2,74.3,0.0,0.0,0.0,0,16.5,6591.0,23.3,336,30.6,1,2.6
SIMULATED TRAINING DATA — PROTOTYPE ONLY,43203,EMU Local,11,6.5,42.6,2.7,20.5,43.4,1.0,21,4,Warning,2.6,Occupied,0.7,0,0,0,1,0,1,78,0.22,0.3,1,6.0,39.8,56.6,0.0,0.0,0.0,0,20.8,9115.0,28.4,38,41.9,1,9.3
SIMULATED TRAINING DATA — PROTOTYPE ONLY,43221,MEMU,13,5.0,43.6,2.2,24.599999999999998,49.3,0.5,19,2,Normal,0.9,Clear,0.28,0,0,0,0,0,0,0,0.73,2.2,3,6.0,37.7,75.2,0.0,0.0,0.0,0,11.0,5265.0,21.6,162,32.7,1,6.0
SIMULATED TRAINING DATA — PROTOTYPE ONLY,43435,EMU Local,7,0.9,44.2,1.9,12.299999999999999,23.0,1.0,9,4,Normal,0.7,Clear,0.16,0,0,0,0,0,0,0,0.69,3.5,1,0.0,31.0,58.3,4.6000000000000005,0.9,0.0,61,75.2,6627.0,27.8,64,40.7,1,6.3
SIMULATED TRAINING DATA — PROTOTYPE ONLY,43239,MEMU,13,1.1,62.9,2.6,24.599999999999998,45.4,0.5,22,3,Normal,0.0,Clear,0.47,0,0,0,0,0,0,0,0.56,1.6,1,2.6,32.4,67.5,13.1,1.2,0.0,61,94.2,8858.0,33.0,113,51.9,2,6.7
SIMULATED TRAINING DATA — PROTOTYPE ONLY,43401,Fast Local,2,22.2,11.9,2.6,2.05,25.9,0.5,11,3,Warning,3.9,Occupied,0.91,0,0,1,0,15,1,102,0.34,0.7,1,21.3,27.1,81.0,0.0,0.0,0.0,0,52.8,5368.0,7.6,277,11.0,0,14.3
SIMULATED TRAINING DATA — PROTOTYPE ONLY,43219,EMU Local,6,0.4,31.9,2.3,10.25,18.8,1.0,7,3,Normal,0.0,Clear,0.39,0,0,0,0,0,0,0,0.29,0.3,1,0.0,30.5,67.3,0.0,0.0,0.0,0,49.8,7982.0,29.8,46,50.1,2,4.8
SIMULATED TRAINING DATA — PROTOTYPE ONLY,43425,EMU Local,9,0.8,55.0,2.0,16.4,30.3,0.5,12,5,Normal,0.1,Clear,0.44,0,0,0,0,0,0,0,0.67,2.2,2,0.9,22.6,88.9,0.0,0.0,0.0,2,58.9,8793.0,31.9,116,44.3,1,4.3
SIMULATED TRAINING DATA — PROTOTYPE ONLY,43203,EMU Local,20,0.6,58.6,1.9,38.949999999999996,70.7,1.0,11,1,Warning,3.8,Occupied,0.98,0,1,0,0,30,1,41,0.25,1.5,2,0.0,35.2,71.5,0.0,0.0,0.0,0,11.1,8538.0,29.7,277,37.3,1,9.7
SIMULATED TRAINING DATA — PROTOTYPE ONLY,43249,MEMU,2,1.6,48.4,1.9,2.05,5.3,0.5,22,5,Normal,0.3,Clear,0.25,0,0,0,0,0,0,0,0.2,0.2,1,2.1,28.5,86.4,0.0,0.0,0.0,2,35.0,8877.0,12.6,311,18.0,0,1.7
SIMULATED TRAINING DATA — PROTOTYPE ONLY,43219,EMU Local,18,0.9,39.2,2.9,34.849999999999994,63.6,1.0,4,1,Normal,0.8,Clear,0.23,0,0,1,0,15,1,45,0.31,1.7,1,1.2,31.1,68.7,12.899999999999999,12.2,2.0,63,81.8,5820.0,8.9,1,12.0,1,12.7
SIMULATED TRAINING DATA — PROTOTYPE ONLY,43221,EMU Local,16,2.8,69.9,2.8,30.749999999999996,58.1,0.5,7,2,Normal,0.6,Clear,0.33,0,1,0,0,20,1,93,0.49,0.9,1,2.1,29.7,70.7,0.0,0.0,0.0,0,33.5,6587.0,35.2,197,44.9,1,12.4
SIMULATED TRAINING DATA — PROTOTYPE ONLY,43251,MEMU,12,2.6,44.7,2.8,22.549999999999997,43.2,1.0,13,3,Critical,18.9,Restricted,0.74,1,0,0,0,0,0,0,0.5,0.2,2,2.9,35.6,85.8,0.0,0.0,0.0,2,19.2,8793.0,16.3,117,24.1,0,23.2
SIMULATED TRAINING DATA — PROTOTYPE ONLY,43403,EMU Local,7,9.3,42.5,1.5,12.299999999999999,31.4,1.5,11,6,Normal,0.1,Clear,0.33,0,0,0,0,0,0,0,0.19,1.6,2,9.7,37.0,69.9,11.8,9.8,4.0,63,99.7,7936.0,11.0,334,15.3,1,1.9
SIMULATED TRAINING DATA — PROTOTYPE ONLY,43221,Fast Local,7,0.1,62.0,1.9,12.299999999999999,22.2,0.5,6,1,Critical,18.4,Restricted,0.71,1,0,0,0,0,0,0,0.5,2.0,1,0.8,37.1,76.5,15.3,14.9,3.6,63,70.4,5435.0,27.3,117,35.4,1,26.3
SIMULATED TRAINING DATA — PROTOTYPE ONLY,66015,EMU Local,17,1.5,49.1,1.9,32.8,60.5,0.5,15,0,Normal,0.1,Clear,0.15,0,0,0,0,0,0,0,0.47,3.0,2,2.8,26.4,66.9,0.0,0.0,0.0,0,31.6,9617.0,33.6,341,50.1,2,7.3
SIMULATED TRAINING DATA — PROTOTYPE ONLY,43501,EMU Local,13,3.6,56.1,1.7,24.599999999999998,47.9,1.5,12,6,Warning,6.9,Occupied,0.84,0,1,0,0,20,1,59,0.26,1.0,1,4.1,34.1,44.5,0.0,0.0,0.0,0,44.3,5852.0,37.5,268,58.3,2,18.8
SIMULATED TRAINING DATA — PROTOTYPE ONLY,43207,EMU Local,11,3.7,57.9,3.2,20.5,40.6,0.5,6,0,Normal,0.7,Clear,0.11,0,0,0,0,0,0,0,0.58,0.3,1,4.3,28.0,64.8,0.0,0.0,0.0,0,15.6,7960.0,22.9,356,29.7,0,3.1
SIMULATED TRAINING DATA — PROTOTYPE ONLY,43251,MEMU,6,2.6,36.4,2.3,10.25,21.0,1.0,7,1,Warning,6.3,Occupied,0.96,0,0,0,0,0,0,0,0.48,1.3,2,1.3,32.1,89.5,0.0,0.0,0.0,2,38.8,6039.0,34.0,165,56.2,2,12.0
SIMULATED TRAINING DATA — PROTOTYPE ONLY,43403,EMU Local,14,6.8,68.5,2.3,26.65,54.8,1.5,9,6,Normal,0.9,Clear,0.23,0,0,0,0,0,0,0,0.57,2.0,2,5.0,35.4,76.0,8.5,5.5,1.6,63,92.5,9087.0,21.0,125,31.1,1,3.9
SIMULATED TRAINING DATA — PROTOTYPE ONLY,66069,Fast Local,6,0.3,5.1,1.8,10.25,18.8,1.0,12,6,Normal,0.3,Clear,0.19,0,0,1,0,30,1,34,0.27,0.3,2,0.0,30.5,82.7,13.3,10.9,2.4,63,86.5,7910.0,22.9,308,28.5,1,6.8
SIMULATED TRAINING DATA — PROTOTYPE ONLY,43207,Fast Local,6,6.8,12.3,2.6,10.25,25.2,0.5,5,2,Normal,0.2,Clear,0.41,0,0,1,0,15,1,84,0.34,1.2,2,7.2,32.4,83.2,4.4,3.1,0.0,61,92.3,7054.0,23.7,157,34.1,1,12.2
SIMULATED TRAINING DATA — PROTOTYPE ONLY,43501,EMU Local,2,2.7,31.8,3.4,2.05,6.4,0.5,5,4,Normal,0.3,Clear,0.16,0,1,0,0,30,1,83,0.13,0.4,2,3.2,29.0,81.3,0.0,0.0,0.0,0,55.6,8673.0,33.8,80,52.2,2,9.9
SIMULATED TRAINING DATA — PROTOTYPE ONLY,43209,Fast Local,20,0.6,35.6,2.1,38.949999999999996,70.7,0.5,21,5,Normal,0.6,Clear,0.27,0,0,0,0,0,0,0,0.2,0.0,1,0.0,35.9,91.1,0.0,0.0,0.0,2,34.4,6752.0,12.9,302,15.6,0,0.8
SIMULATED TRAINING DATA — PROTOTYPE ONLY,43435,EMU Local,15,8.7,47.4,2.0,28.699999999999996,60.4,0.5,6,3,Warning,6.1,Occupied,0.83,0,0,0,0,0,0,0,0.07,0.5,1,8.9,30.6,68.2,0.0,0.0,0.0,0,22.3,5009.0,29.6,221,36.8,1,9.0
SIMULATED TRAINING DATA — PROTOTYPE ONLY,43423,EMU Local,17,4.2,31.7,2.0,32.8,63.2,0.5,6,1,Normal,0.0,Clear,0.33,0,0,0,0,0,0,0,0.3,0.8,1,5.6,29.4,89.8,0.0,0.0,0.0,2,37.5,5447.0,16.2,33,25.4,0,1.2
SIMULATED TRAINING DATA — PROTOTYPE ONLY,43423,EMU Local,8,0.7,41.8,1.9,14.349999999999998,26.5,1.0,21,2,Normal,1.3,Clear,0.32,0,0,1,0,15,1,64,0.21,0.6,1,3.4,32.9,80.0,28.7,28.0,2.4,65,92.7,2232.0,8.2,183,10.9,2,13.5
SIMULATED TRAINING DATA — PROTOTYPE ONLY,66069,Fast Local,5,0.1,38.9,2.1,8.2,14.9,0.5,9,6,Normal,0.0,Clear,0.16,0,0,0,0,0,0,0,0.67,0.4,1,1.8,35.2,77.3,2.5,2.0,0.0,61,85.0,6098.0,37.2,351,51.3,2,4.6
SIMULATED TRAINING DATA — PROTOTYPE ONLY,43511,EMU Local,17,0.6,72.1,1.7,32.8,59.6,1.5,4,5,Normal,1.4,Clear,0.17,0,1,0,0,30,1,111,0.27,1.5,2,0.0,25.9,47.3,2.8,1.2,0.0,61,81.7,9551.0,35.5,225,48.2,2,10.0
SIMULATED TRAINING DATA — PROTOTYPE ONLY,43249,EMU Local,20,3.8,29.9,1.6,38.949999999999996,73.9,1.0,18,4,Warning,5.8,Occupied,0.65,0,0,0,0,0,0,0,0.81,2.1,4,3.1,33.3,76.8,0.0,0.0,0.0,0,47.9,5942.0,21.7,6,29.8,0,8.3
SIMULATED TRAINING DATA — PROTOTYPE ONLY,43247,EMU Local,1,0.8,16.8,2.1,0.0,0.8,1.5,14,2,Warning,4.4,Occupied,0.97,0,0,0,0,0,0,0,0.15,0.0,1,1.4,29.5,83.0,6.7,5.0,0.0,61,71.6,7923.0,10.1,336,14.8,1,8.6
SIMULATED TRAINING DATA — PROTOTYPE ONLY,43505,EMU Local,18,1.0,58.8,2.1,34.849999999999994,63.7,0.5,13,4,Critical,12.4,Restricted,0.67,1,0,0,0,0,0,0,0.3,1.3,1,2.0,34.2,74.8,33.199999999999996,32.8,2.3,65,91.8,1967.0,33.5,176,41.9,2,23.5
SIMULATED TRAINING DATA — PROTOTYPE ONLY,43203,EMU Local,15,0.1,31.3,1.9,28.699999999999996,51.8,1.0,7,0,Normal,0.4,Clear,0.24,0,0,1,0,30,1,75,0.22,0.5,2,1.4,29.4,87.0,1.8,1.8,0.0,61,82.4,8694.0,18.3,295,29.5,0,5.0
SIMULATED TRAINING DATA — PROTOTYPE ONLY,43403,Fast Local,5,5.1,40.6,3.0,8.2,19.9,0.5,17,5,Normal,0.0,Clear,0.27,0,0,0,0,0,0,0,0.74,1.1,3,5.8,28.0,87.5,0.0,0.0,0.0,2,19.5,6637.0,21.9,235,29.7,0,2.2
SIMULATED TRAINING DATA — PROTOTYPE ONLY,43435,MEMU,7,6.7,32.3,2.3,12.299999999999999,28.8,0.5,5,5,Normal,0.1,Clear,0.2,0,0,1,0,20,1,110,0.5,4.5,1,5.2,28.7,68.7,4.800000000000001,2.6,0.0,61,96.9,7380.0,37.7,218,59.3,2,16.1
SIMULATED TRAINING DATA — PROTOTYPE ONLY,43215,EMU Local,18,6.4,53.1,2.5,34.849999999999994,69.1,1.0,16,4,Normal,0.8,Clear,0.45,0,0,1,0,20,1,39,0.15,0.9,1,4.7,32.2,73.3,6.1000000000000005,5.2,2.9,63,93.3,5380.0,20.4,298,31.1,1,9.3
SIMULATED TRAINING DATA — PROTOTYPE ONLY,43425,Fast Local,6,0.5,21.4,2.6,10.25,19.0,1.0,19,0,Critical,9.7,Restricted,0.91,1,0,0,0,0,0,0,0.8,0.1,5,2.3,33.6,68.8,0.0,0.0,0.0,0,30.9,5491.0,9.9,156,15.5,0,16.3
SIMULATED TRAINING DATA — PROTOTYPE ONLY,43215,EMU Local,21,9.3,0.0,2.2,41.0,83.1,0.5,15,3,Normal,0.4,Clear,0.28,0,0,0,0,0,0,0,0.12,0.5,2,9.1,29.0,66.9,0.0,0.0,0.0,0,41.3,6234.0,26.9,250,40.1,1,2.7
SIMULATED TRAINING DATA — PROTOTYPE ONLY,43423,Fast Local,5,4.5,61.4,2.2,8.2,19.3,0.5,8,1,Normal,0.2,Clear,0.33,0,0,0,0,0,0,0,0.68,0.4,1,3.3,31.7,73.2,0.0,0.0,0.0,0,28.3,5750.0,23.2,303,32.7,1,3.7
SIMULATED TRAINING DATA — PROTOTYPE ONLY,43221,EMU Local,19,9.1,45.7,1.6,36.9,75.5,0.5,22,6,Normal,0.0,Clear,0.25,0,0,1,0,20,1,61,0.38,0.0,2,7.7,28.9,74.8,0.0,0.0,0.0,0,57.9,5338.0,11.0,250,13.5,0,4.1
SIMULATED TRAINING DATA — PROTOTYPE ONLY,43435,EMU Local,10,2.4,58.1,2.5,18.45,35.6,1.0,6,0,Normal,0.6,Clear,0.29,0,0,0,0,0,0,0,0.17,0.1,2,1.7,30.0,46.9,0.0,0.0,0.0,0,55.1,6298.0,11.2,69,15.9,0,0.2
SIMULATED TRAINING DATA — PROTOTYPE ONLY,43217,EMU Local,15,2.3,60.9,1.9,28.699999999999996,54.0,1.5,23,2,Normal,0.2,Clear,0.24,0,0,0,0,0,0,0,0.26,0.0,2,4.2,29.5,71.5,0.0,0.0,0.0,0,25.5,7674.0,35.4,357,42.7,1,1.8
SIMULATED TRAINING DATA — PROTOTYPE ONLY,43201,Fast Local,10,6.1,28.3,1.7,18.45,39.3,0.5,5,4,Warning,5.6,Occupied,0.89,0,0,0,0,0,0,0,0.33,1.2,2,5.8,28.7,76.9,0.0,0.0,0.0,0,19.6,6053.0,6.3,308,7.6,0,6.6
SIMULATED TRAINING DATA — PROTOTYPE ONLY,43501,EMU Local,16,0.4,42.9,2.9,30.749999999999996,55.7,0.5,20,5,Normal,0.5,Clear,0.23,0,0,0,0,0,0,0,0.7,3.5,1,1.3,26.6,73.6,15.4,13.5,1.7,63,87.1,6406.0,25.6,356,33.9,1,6.4
SIMULATED TRAINING DATA — PROTOTYPE ONLY,43215,EMU Local,12,2.9,49.6,1.3,22.549999999999997,43.5,1.5,14,2,Critical,20.6,Restricted,0.92,1,1,0,0,30,1,85,0.34,0.2,1,3.3,31.2,71.2,0.0,0.0,0.0,0,48.9,9117.0,31.1,231,49.5,2,36.2
SIMULATED TRAINING DATA — PROTOTYPE ONLY,43247,EMU Local,18,7.2,40.4,3.1,34.849999999999994,69.9,0.5,4,5,Normal,0.0,Clear,0.11,0,1,0,0,15,1,24,0.44,0.4,1,7.1,36.0,59.9,7.0,6.4,2.8,63,77.9,8755.0,17.3,179,22.8,1,14.6
SIMULATED TRAINING DATA — PROTOTYPE ONLY,43211,EMU Local,1,7.1,37.3,3.1,0.0,7.1,1.0,22,0,Normal,0.1,Clear,0.17,0,0,0,0,0,0,0,0.32,0.2,2,4.7,31.8,56.3,19.3,17.7,2.3,65,98.2,2585.0,9.5,279,14.8,2,7.2
SIMULATED TRAINING DATA — PROTOTYPE ONLY,43205,EMU Local,16,12.5,38.8,2.0,30.749999999999996,67.8,0.5,11,5,Normal,0.6,Clear,0.2,0,0,0,0,0,0,0,0.23,0.7,2,13.5,30.3,65.6,0.0,0.0,0.0,0,42.8,5401.0,35.4,352,52.2,2,6.6
SIMULATED TRAINING DATA — PROTOTYPE ONLY,43205,MEMU,6,4.8,58.3,3.2,10.25,23.2,0.5,14,6,Normal,0.0,Clear,0.46,0,0,0,0,0,0,0,0.47,1.1,2,3.9,34.7,50.3,6.0,0.2,0.0,0,96.3,9641.0,13.6,238,21.2,0,1.8
SIMULATED TRAINING DATA — PROTOTYPE ONLY,43251,Fast Local,3,0.9,38.1,1.6,4.1,8.3,1.0,11,5,Normal,1.0,Clear,0.34,0,0,1,1,15,1,40,0.36,0.0,2,0.0,29.5,71.5,0.0,0.0,0.0,0,21.3,6807.0,11.0,84,13.9,0,8.2
SIMULATED TRAINING DATA — PROTOTYPE ONLY,43239,EMU Local,2,0.1,51.0,2.7,2.05,3.8,1.0,20,6,Normal,0.2,Clear,0.48,0,0,0,0,0,0,0,0.59,1.0,2,0.0,32.3,61.9,0.0,0.0,0.0,0,59.0,5117.0,7.1,290,9.4,0,2.7
SIMULATED TRAINING DATA — PROTOTYPE ONLY,43511,MEMU,2,2.6,47.2,2.1,2.05,6.3,0.5,23,5,Normal,0.0,Clear,0.24,0,0,0,0,0,0,0,0.05,0.0,1,3.3,25.3,74.4,0.0,0.0,0.0,0,27.7,6951.0,34.5,349,53.1,2,4.1
SIMULATED TRAINING DATA — PROTOTYPE ONLY,66015,EMU Local,13,2.9,27.5,1.0,24.599999999999998,47.2,0.5,9,5,Normal,0.7,Clear,0.26,0,0,1,0,20,1,27,0.59,1.8,1,3.9,31.5,65.3,0.0,0.0,0.0,0,13.9,8822.0,22.8,167,36.4,1,8.0
SIMULATED TRAINING DATA — PROTOTYPE ONLY,66015,Fast Local,9,1.1,46.5,1.7,16.4,30.6,0.5,10,6,Normal,0.4,Clear,0.39,0,0,0,0,0,0,0,0.72,1.6,4,0.0,30.2,48.7,10.899999999999999,5.8,3.9,63,72.6,9512.0,17.8,285,26.5,1,4.6
SIMULATED TRAINING DATA — PROTOTYPE ONLY,43203,MEMU,16,0.5,18.9,2.0,30.749999999999996,55.8,1.0,16,6,Normal,0.2,Clear,0.33,0,0,0,0,0,0,0,0.68,1.5,2,0.0,24.1,60.2,0.0,0.0,0.0,0,36.6,8503.0,30.4,303,36.8,1,3.0
SIMULATED TRAINING DATA — PROTOTYPE ONLY,43219,EMU Local,5,3.5,48.0,2.6,8.2,18.3,1.5,10,2,Critical,6.5,Restricted,0.71,1,1,0,0,20,1,111,0.54,2.5,2,3.9,29.7,74.2,0.0,0.0,0.0,0,10.9,6364.0,22.4,222,37.6,1,22.2
SIMULATED TRAINING DATA — PROTOTYPE ONLY,43215,MEMU,21,5.8,55.4,1.8,41.0,79.6,1.0,14,4,Warning,5.3,Occupied,0.8,0,0,0,0,0,0,0,0.14,0.3,1,6.0,22.1,81.4,3.5,2.2,0.0,61,71.2,9934.0,15.1,33,23.8,0,5.5
SIMULATED TRAINING DATA — PROTOTYPE ONLY,43215,EMU Local,7,19.9,58.8,1.9,12.299999999999999,42.0,0.5,13,1,Normal,0.5,Clear,0.33,0,0,0,0,0,0,0,0.33,0.8,1,19.3,29.1,68.7,0.0,0.0,0.0,0,41.0,5759.0,17.8,302,30.2,1,5.3
SIMULATED TRAINING DATA — PROTOTYPE ONLY,43203,EMU Local,13,5.7,27.7,2.4,24.599999999999998,50.0,1.5,11,2,Normal,0.2,Clear,0.41,0,0,0,0,0,0,0,0.14,0.5,1,5.6,33.5,75.0,13.8,12.8,1.2,63,94.2,6842.0,30.0,24,42.9,1,2.3
SIMULATED TRAINING DATA — PROTOTYPE ONLY,43221,MEMU,20,6.3,34.0,2.4,38.949999999999996,76.4,0.5,13,3,Normal,0.6,Clear,0.37,0,0,0,0,0,0,0,0.49,0.6,2,7.4,27.9,69.8,0.0,0.0,0.0,0,39.8,6780.0,13.8,73,16.6,0,2.2
SIMULATED TRAINING DATA — PROTOTYPE ONLY,43237,EMU Local,13,3.8,46.3,2.0,24.599999999999998,48.1,0.5,14,4,Normal,0.5,Clear,0.48,0,0,1,0,20,1,70,0.22,2.1,1,4.3,28.7,69.4,0.0,0.0,0.0,0,23.3,7460.0,22.7,60,30.0,0,7.2
SIMULATED TRAINING DATA — PROTOTYPE ONLY,43227,EMU Local,7,17.1,34.9,1.9,12.299999999999999,39.2,1.0,23,4,Normal,0.5,Clear,0.48,0,0,0,0,0,0,0,0.55,0.6,1,17.9,25.4,62.3,2.8000000000000003,2.6,0.0,61,72.5,5579.0,33.6,139,41.7,1,4.7
SIMULATED TRAINING DATA — PROTOTYPE ONLY,43237,EMU Local,10,4.1,13.1,2.7,18.45,37.3,0.5,20,6,Normal,0.8,Clear,0.27,0,0,0,0,0,0,0,0.86,7.4,4,3.6,32.7,71.6,0.0,0.0,0.0,0,33.4,8068.0,34.0,326,56.3,2,12.4
SIMULATED TRAINING DATA — PROTOTYPE ONLY,43501,MEMU,15,7.9,33.9,1.9,28.699999999999996,59.6,0.5,14,3,Normal,0.5,Clear,0.11,0,0,1,0,30,1,104,0.38,2.2,2,6.4,29.7,64.6,5.0,3.7,0.0,61,73.0,8191.0,34.5,92,52.3,2,12.6
SIMULATED TRAINING DATA — PROTOTYPE ONLY,43237,EMU Local,21,11.7,46.2,1.4,41.0,85.5,0.5,19,6,Normal,0.3,Clear,0.1,0,0,0,0,0,0,0,0.81,6.7,3,12.0,31.3,88.5,0.0,0.0,0.0,2,10.2,7266.0,30.2,158,44.3,1,6.7
SIMULATED TRAINING DATA — PROTOTYPE ONLY,43221,EMU Local,6,10.6,58.0,1.9,10.25,29.0,1.0,8,6,Warning,3.3,Occupied,0.9,0,0,0,0,0,0,0,0.84,0.6,4,11.6,36.1,63.9,0.0,0.0,0.0,0,38.4,5491.0,21.8,335,29.6,0,6.6
SIMULATED TRAINING DATA — PROTOTYPE ONLY,43209,MEMU,5,1.9,67.3,2.4,8.2,16.7,1.0,13,0,Normal,0.1,Clear,0.13,0,0,1,0,30,1,56,0.36,0.3,2,1.1,27.5,74.1,1.9,1.4,0.0,61,99.9,8805.0,21.5,338,28.3,0,6.4
SIMULATED TRAINING DATA — PROTOTYPE ONLY,43217,MEMU,2,0.3,43.9,2.0,2.05,4.0,0.5,23,3,Normal,0.8,Clear,0.25,0,0,0,0,0,0,0,0.58,3.8,1,0.6,36.6,59.2,0.0,0.0,0.0,0,57.3,9641.0,36.6,12,57.7,2,7.1
SIMULATED TRAINING DATA — PROTOTYPE ONLY,43207,EMU Local,21,0.8,50.5,1.8,41.0,74.6,1.0,8,0,Warning,2.9,Occupied,0.97,0,0,0,1,0,1,22,0.62,6.8,1,0.8,30.5,69.6,0.0,0.0,0.0,0,26.0,6762.0,30.4,280,40.4,1,13.1
SIMULATED TRAINING DATA — PROTOTYPE ONLY,43401,EMU Local,15,0.2,56.4,1.3,28.699999999999996,51.9,1.0,23,1,Warning,6.3,Occupied,0.88,0,0,0,0,0,0,0,0.22,1.1,1,0.0,35.7,59.9,0.0,0.0,0.0,0,44.0,6183.0,12.0,31,18.2,0,7.1
SIMULATED TRAINING DATA — PROTOTYPE ONLY,43503,EMU Local,16,0.4,11.2,2.0,30.749999999999996,55.7,1.0,12,0,Normal,1.0,Clear,0.18,0,0,0,0,0,0,0,0.25,0.9,2,0.2,31.0,65.2,8.2,7.1,1.1,63,72.5,9768.0,15.9,280,22.4,1,2.8
SIMULATED TRAINING DATA — PROTOTYPE ONLY,43207,EMU Local,19,0.8,26.7,2.2,36.9,67.2,0.5,6,6,Warning,6.8,Occupied,0.6,0,0,0,0,0,0,0,0.42,2.4,2,1.0,25.0,83.7,0.0,0.0,0.0,0,49.5,5695.0,15.9,123,23.9,0,8.7
SIMULATED TRAINING DATA — PROTOTYPE ONLY,43221,EMU Local,9,1.7,43.5,1.5,16.4,31.2,0.5,6,1,Normal,0.3,Clear,0.14,0,0,0,0,0,0,0,0.19,0.0,1,1.1,26.5,71.5,0.4,0.2,0.0,0,86.6,7398.0,30.6,46,44.2,1,3.1
SIMULATED TRAINING DATA — PROTOTYPE ONLY,43247,MEMU,19,3.1,65.3,2.0,36.9,69.5,0.5,13,1,Normal,0.0,Clear,0.43,0,0,0,0,0,0,0,0.24,1.6,2,4.4,30.5,81.9,0.0,0.0,0.0,0,10.2,8470.0,20.4,307,26.5,0,0.0
SIMULATED TRAINING DATA — PROTOTYPE ONLY,43203,EMU Local,7,5.0,51.4,1.4,12.299999999999999,27.1,1.0,10,5,Normal,0.2,Clear,0.41,0,0,0,0,0,0,0,0.84,1.0,4,3.5,24.8,69.5,0.0,0.0,0.0,0,53.4,5218.0,29.1,101,38.7,1,4.9
SIMULATED TRAINING DATA — PROTOTYPE ONLY,43215,EMU Local,4,0.9,46.9,2.0,6.1499999999999995,12.0,1.0,5,5,Warning,7.0,Occupied,0.72,0,0,0,0,0,0,0,0.18,0.0,1,3.5,33.6,80.8,0.0,0.0,0.0,0,15.9,9051.0,6.5,57,10.7,0,5.4
SIMULATED TRAINING DATA — PROTOTYPE ONLY,43247,EMU Local,3,4.5,38.6,3.1,4.1,11.9,2.0,11,3,Normal,0.0,Clear,0.46,0,0,0,0,0,0,0,0.33,1.3,1,4.5,34.8,81.8,0.0,0.0,0.0,0,12.6,8349.0,27.0,22,32.5,1,3.6
SIMULATED TRAINING DATA — PROTOTYPE ONLY,43423,MEMU,20,4.9,48.4,2.2,38.949999999999996,75.0,0.5,15,6,Normal,0.3,Clear,0.17,0,1,0,0,20,1,102,0.41,2.0,2,4.7,25.6,80.6,1.0,0.4,0.0,0,82.0,8733.0,15.4,314,19.4,0,9.6
SIMULATED TRAINING DATA — PROTOTYPE ONLY,43203,EMU Local,11,3.3,33.1,1.2,20.5,40.2,0.5,12,1,Normal,2.5,Clear,0.43,0,0,0,0,0,0,0,0.26,0.9,1,4.4,30.4,83.4,0.0,0.0,0.0,0,14.2,6049.0,12.2,292,15.8,0,2.0
SIMULATED TRAINING DATA — PROTOTYPE ONLY,43423,Fast Local,1,9.4,30.3,2.3,0.0,9.4,0.5,14,6,Normal,0.6,Clear,0.32,0,1,1,0,20,1,54,0.33,0.5,2,7.6,31.1,77.9,0.0,0.0,0.0,0,12.3,6349.0,26.9,28,32.7,1,10.4
SIMULATED TRAINING DATA — PROTOTYPE ONLY,43245,EMU Local,6,0.5,31.6,2.9,10.25,19.0,0.5,22,0,Normal,0.4,Clear,0.23,0,0,0,0,0,0,0,0.36,0.2,2,3.2,34.3,66.9,0.0,0.0,0.0,0,22.1,9976.0,8.4,100,12.0,0,2.2
SIMULATED TRAINING DATA — PROTOTYPE ONLY,66069,EMU Local,11,0.8,62.1,1.3,20.5,37.7,1.0,23,2,Normal,0.4,Clear,0.13,0,0,0,0,0,0,0,0.3,1.5,1,0.0,33.1,55.0,0.0,0.0,0.0,0,36.2,6798.0,26.9,186,38.8,1,3.3
SIMULATED TRAINING DATA — PROTOTYPE ONLY,43251,EMU Local,1,2.2,29.4,1.5,0.0,2.2,2.0,20,5,Normal,0.0,Clear,0.17,0,0,0,0,0,0,0,0.63,0.1,2,3.3,29.8,62.9,0.0,0.0,0.0,0,53.5,5122.0,37.8,242,50.6,2,6.2
SIMULATED TRAINING DATA — PROTOTYPE ONLY,43213,EMU Local,21,0.5,36.0,2.3,41.0,74.3,1.0,16,4,Normal,1.6,Clear,0.45,0,0,0,0,0,0,0,0.31,1.5,1,0.5,25.8,76.7,0.0,0.0,0.0,0,55.9,6771.0,35.3,243,50.4,2,10.5
SIMULATED TRAINING DATA — PROTOTYPE ONLY,66069,EMU Local,7,3.3,49.1,2.0,12.299999999999999,25.4,1.0,4,4,Normal,1.3,Clear,0.34,0,0,0,0,0,0,0,0.28,3.1,2,2.1,31.5,85.4,3.7,2.4,0.0,61,84.5,6904.0,30.2,52,45.6,2,8.4
SIMULATED TRAINING DATA — PROTOTYPE ONLY,43201,EMU Local,6,2.0,28.8,2.8,10.25,20.4,1.0,4,0,Warning,6.6,Occupied,0.64,0,0,0,0,0,0,0,0.46,9.3,2,3.2,31.0,77.9,0.0,0.0,0.0,0,39.5,9421.0,16.2,274,20.2,0,11.4
SIMULATED TRAINING DATA — PROTOTYPE ONLY,43227,EMU Local,14,1.3,45.4,2.0,26.65,49.3,0.5,11,5,Normal,0.1,Clear,0.3,0,0,0,0,0,0,0,0.08,0.1,2,1.9,28.2,68.3,0.0,0.0,0.0,0,56.2,6390.0,14.9,82,21.2,0,0.3
SIMULATED TRAINING DATA — PROTOTYPE ONLY,43203,Fast Local,2,0.7,45.4,2.6,2.05,4.4,1.0,16,2,Normal,0.1,Clear,0.14,0,0,0,0,0,0,0,0.29,0.1,1,4.4,40.0,66.9,2.1999999999999997,1.9,0.0,61,94.1,8967.0,37.0,194,48.9,2,7.6
SIMULATED TRAINING DATA — PROTOTYPE ONLY,43215,EMU Local,4,1.6,32.6,3.0,6.1499999999999995,12.7,1.0,9,6,Critical,11.0,Restricted,0.98,1,0,0,1,0,1,24,0.71,0.2,4,2.1,32.2,72.4,4.2,2.2,0.0,61,80.1,5547.0,8.3,48,12.6,0,19.7
SIMULATED TRAINING DATA — PROTOTYPE ONLY,43245,MEMU,11,3.7,38.1,1.6,20.5,40.6,0.5,6,1,Normal,0.4,Clear,0.46,0,0,0,0,0,0,0,0.15,0.4,1,2.9,28.9,79.3,0.0,0.0,0.0,0,22.2,7554.0,12.0,261,19.7,0,0.2
SIMULATED TRAINING DATA — PROTOTYPE ONLY,66015,EMU Local,15,3.4,27.8,2.5,28.699999999999996,55.1,1.0,19,5,Normal,0.1,Clear,0.28,0,0,0,0,0,0,0,0.78,4.3,4,1.2,29.3,72.4,0.0,0.0,0.0,0,33.5,7035.0,32.3,248,51.9,2,8.0
SIMULATED TRAINING DATA — PROTOTYPE ONLY,43401,EMU Local,18,0.7,62.7,1.9,34.849999999999994,63.4,1.0,13,0,Normal,0.6,Clear,0.24,0,0,0,1,0,1,23,0.31,0.1,1,0.0,34.8,66.0,0.0,0.0,0.0,0,53.0,6634.0,21.4,346,30.8,1,5.3
SIMULATED TRAINING DATA — PROTOTYPE ONLY,43501,EMU Local,1,0.5,45.9,1.0,0.0,0.5,0.5,10,6,Normal,0.4,Clear,0.48,0,0,0,0,0,0,0,0.82,0.5,3,0.8,36.3,61.8,0.0,0.0,0.0,0,25.5,8881.0,34.8,135,42.9,1,4.7
SIMULATED TRAINING DATA — PROTOTYPE ONLY,43401,EMU Local,3,0.1,26.3,2.4,4.1,7.5,0.5,6,1,Normal,0.0,Clear,0.26,0,0,0,0,0,0,0,0.23,0.7,2,0.0,34.0,63.4,0.0,0.0,0.0,0,17.3,8010.0,17.2,265,26.2,0,1.1
SIMULATED TRAINING DATA — PROTOTYPE ONLY,43501,EMU Local,3,0.1,43.9,2.5,4.1,7.5,0.5,17,5,Normal,0.7,Clear,0.23,0,0,0,0,0,0,0,0.63,0.2,2,1.0,35.6,63.7,0.0,0.0,0.0,0,17.7,9754.0,15.1,136,25.6,0,2.8
SIMULATED TRAINING DATA — PROTOTYPE ONLY,43213,EMU Local,7,8.5,44.6,1.2,12.299999999999999,30.6,0.5,19,3,Normal,0.1,Clear,0.21,0,0,0,0,0,0,0,0.84,6.2,4,8.9,26.5,71.2,0.0,0.0,0.0,0,48.6,6804.0,24.6,304,37.3,1,6.0
SIMULATED TRAINING DATA — PROTOTYPE ONLY,43223,EMU Local,1,0.2,8.4,1.8,0.0,0.2,0.5,7,2,Normal,0.9,Clear,0.33,0,0,0,0,0,0,0,0.09,0.2,2,0.0,31.3,62.3,0.0,0.0,0.0,0,18.2,5611.0,27.6,60,33.5,1,2.8
SIMULATED TRAINING DATA — PROTOTYPE ONLY,43215,EMU Local,11,5.3,62.1,1.7,20.5,42.2,1.0,16,4,Normal,0.2,Clear,0.32,0,0,0,0,0,0,0,0.1,0.2,2,4.8,26.9,65.3,13.9,13.1,3.5,63,76.1,6184.0,27.0,354,34.1,1,1.0
SIMULATED TRAINING DATA — PROTOTYPE ONLY,43221,EMU Local,6,8.2,27.2,2.6,10.25,26.6,0.5,4,0,Warning,3.8,Occupied,0.7,0,1,1,0,20,1,98,0.29,0.0,2,7.2,34.7,80.2,0.0,0.0,0.0,0,52.7,8416.0,13.4,94,18.4,0,10.3
SIMULATED TRAINING DATA — PROTOTYPE ONLY,43237,Fast Local,20,0.4,73.4,1.2,38.949999999999996,70.5,1.0,8,4,Warning,4.5,Occupied,0.71,0,0,0,0,0,0,0,0.69,0.3,2,0.8,35.1,79.0,0.0,0.0,0.0,0,56.7,8282.0,32.9,79,51.9,2,12.8
SIMULATED TRAINING DATA — PROTOTYPE ONLY,43251,Fast Local,3,2.3,53.9,2.2,4.1,9.7,2.0,21,6,Normal,2.2,Clear,0.42,0,0,0,0,0,0,0,0.11,0.7,2,2.8,27.5,92.4,0.0,0.0,0.0,2,59.3,8151.0,20.1,61,26.0,0,3.0
SIMULATED TRAINING DATA — PROTOTYPE ONLY,43207,MEMU,19,13.1,25.1,1.0,36.9,79.5,1.0,15,1,Normal,0.5,Clear,0.35,0,0,0,0,0,0,0,0.29,1.2,2,12.4,29.1,76.1,0.0,0.0,0.0,0,28.3,8594.0,7.7,211,9.4,0,1.1
SIMULATED TRAINING DATA — PROTOTYPE ONLY,43403,MEMU,2,7.2,37.3,2.3,2.05,10.9,1.0,14,1,Normal,0.3,Clear,0.45,0,0,0,0,0,0,0,0.25,0.0,2,5.2,27.6,55.1,0.0,0.0,0.0,0,55.5,5530.0,23.2,33,34.0,1,2.2
SIMULATED TRAINING DATA — PROTOTYPE ONLY,43203,EMU Local,18,2.7,55.8,2.2,34.849999999999994,65.4,1.0,12,3,Normal,0.1,Clear,0.21,0,0,0,0,0,0,0,0.38,4.9,2,6.1,32.4,53.5,0.0,0.0,0.0,0,17.7,6442.0,14.4,182,20.0,0,4.0
SIMULATED TRAINING DATA — PROTOTYPE ONLY,43217,EMU Local,12,5.8,38.4,1.8,22.549999999999997,46.4,1.0,10,1,Warning,6.6,Occupied,0.94,0,0,0,0,0,0,0,0.53,0.8,2,6.2,31.1,73.5,0.0,0.0,0.0,0,59.6,7873.0,24.5,47,32.5,1,9.4
SIMULATED TRAINING DATA — PROTOTYPE ONLY,43251,Fast Local,10,7.2,59.7,3.0,18.45,40.4,0.5,17,1,Normal,0.2,Clear,0.38,0,0,0,0,0,0,0,0.69,2.3,2,7.6,31.7,71.4,0.0,0.0,0.0,0,10.8,7179.0,11.1,100,15.0,0,2.7
SIMULATED TRAINING DATA — PROTOTYPE ONLY,43501,EMU Local,5,1.7,36.4,1.0,8.2,16.5,0.5,6,6,Normal,2.2,Clear,0.18,0,0,0,0,0,0,0,0.28,1.3,2,0.0,30.2,69.0,1.3,1.2,0.0,61,79.7,7537.0,32.2,135,53.3,2,9.1
SIMULATED TRAINING DATA — PROTOTYPE ONLY,43215,EMU Local,9,8.9,40.8,2.1,16.4,38.4,1.0,19,4,Normal,1.5,Clear,0.14,0,0,0,0,0,0,0,0.71,7.8,4,9.8,38.8,57.8,0.0,0.0,0.0,0,47.2,6064.0,10.7,260,16.3,0,7.0
SIMULATED TRAINING DATA — PROTOTYPE ONLY,43211,EMU Local,2,2.5,56.3,2.8,2.05,6.2,1.0,10,4,Normal,0.7,Clear,0.14,0,0,1,0,30,1,118,0.75,5.8,5,3.8,35.3,60.5,0.0,0.0,0.0,0,40.1,8050.0,18.9,117,31.4,1,11.3
SIMULATED TRAINING DATA — PROTOTYPE ONLY,43239,EMU Local,2,3.0,51.1,2.2,2.05,6.7,2.0,4,0,Normal,1.8,Clear,0.41,0,1,0,0,20,1,32,0.21,0.7,1,3.4,30.9,84.9,0.0,0.0,0.0,0,30.0,6678.0,6.2,198,7.7,0,7.5
SIMULATED TRAINING DATA — PROTOTYPE ONLY,43219,EMU Local,6,32.6,28.1,2.9,10.25,51.0,1.0,9,0,Normal,0.1,Clear,0.11,0,0,0,0,0,0,0,0.81,0.4,3,32.8,25.4,84.2,0.0,0.0,0.0,0,13.9,8998.0,26.4,192,35.9,1,4.2
SIMULATED TRAINING DATA — PROTOTYPE ONLY,43227,Fast Local,10,7.4,48.5,1.8,18.45,40.6,1.5,9,1,Normal,0.2,Clear,0.22,0,1,0,0,30,1,86,0.68,4.4,2,7.6,24.7,75.2,0.0,0.0,0.0,0,57.6,7936.0,8.1,281,11.8,0,7.3
SIMULATED TRAINING DATA — PROTOTYPE ONLY,43511,EMU Local,18,1.8,44.5,2.0,34.849999999999994,64.5,0.5,13,5,Critical,10.5,Restricted,0.69,1,1,0,0,30,1,114,0.24,1.4,2,0.7,25.0,79.5,10.299999999999999,9.6,2.0,63,83.9,9987.0,28.9,200,44.3,1,21.2
SIMULATED TRAINING DATA — PROTOTYPE ONLY,43227,EMU Local,12,0.0,28.3,2.8,22.549999999999997,40.6,1.0,15,2,Normal,0.0,Clear,0.4,0,0,0,0,0,0,0,0.13,0.5,1,0.0,33.3,58.2,0.0,0.0,0.0,0,13.8,7958.0,27.1,284,38.3,1,3.3
SIMULATED TRAINING DATA — PROTOTYPE ONLY,43213,Fast Local,4,3.9,21.1,2.6,6.1499999999999995,15.0,1.5,22,0,Warning,3.1,Occupied,0.63,0,1,0,0,15,1,67,0.08,1.3,2,3.6,30.8,75.8,1.3,1.0,0.0,61,76.9,5266.0,18.8,154,23.5,0,14.3
SIMULATED TRAINING DATA — PROTOTYPE ONLY,43247,EMU Local,21,4.9,13.0,3.5,41.0,78.7,0.5,9,1,Warning,4.8,Occupied,0.88,0,1,0,0,20,1,94,0.57,1.5,1,6.2,36.4,64.2,0.0,0.0,0.0,0,18.3,6090.0,21.1,41,32.3,1,18.0
SIMULATED TRAINING DATA — PROTOTYPE ONLY,43503,EMU Local,17,4.2,37.6,2.2,32.8,63.2,0.5,17,5,Normal,1.0,Clear,0.4,0,0,0,0,0,0,0,0.58,0.5,2,4.5,34.4,86.9,4.0,3.9,0.0,61,92.4,6260.0,32.6,301,54.5,2,7.8
SIMULATED TRAINING DATA — PROTOTYPE ONLY,43503,EMU Local,15,13.8,41.2,2.2,28.699999999999996,65.5,0.5,6,5,Normal,0.7,Clear,0.4,0,1,0,0,20,1,27,0.39,0.4,1,12.9,22.6,77.8,5.2,4.7,0.0,61,99.8,5127.0,13.5,73,22.4,1,12.4
SIMULATED TRAINING DATA — PROTOTYPE ONLY,43407,MEMU,6,8.0,49.6,1.8,10.25,26.4,1.0,13,4,Normal,0.2,Clear,0.31,0,0,0,0,0,0,0,0.33,0.6,1,7.2,28.2,53.4,0.0,0.0,0.0,0,19.2,9594.0,26.0,134,34.9,1,3.7
SIMULATED TRAINING DATA — PROTOTYPE ONLY,43219,Fast Local,16,2.4,54.3,2.0,30.749999999999996,57.7,0.5,12,5,Normal,0.0,Clear,0.21,0,0,0,0,0,0,0,0.4,0.8,1,0.0,24.8,57.3,0.0,0.0,0.0,0,48.6,8135.0,23.9,91,38.8,1,4.1
SIMULATED TRAINING DATA — PROTOTYPE ONLY,43227,EMU Local,17,0.3,35.8,2.7,32.8,59.3,1.0,23,3,Normal,0.0,Clear,0.33,0,0,1,0,20,1,70,0.26,1.6,2,0.8,29.9,71.0,3.5999999999999996,2.3,0.0,61,76.1,9060.0,28.9,19,45.1,2,11.3
SIMULATED TRAINING DATA — PROTOTYPE ONLY,43207,Fast Local,3,2.6,40.8,2.1,4.1,10.0,0.5,22,4,Normal,0.1,Clear,0.47,0,0,0,0,0,0,0,0.44,3.4,2,2.3,32.7,61.1,15.0,13.1,2.5,63,86.3,7933.0,18.3,43,27.7,1,4.3
SIMULATED TRAINING DATA — PROTOTYPE ONLY,43239,EMU Local,10,4.7,30.6,1.6,18.45,37.9,0.5,18,4,Normal,0.3,Clear,0.12,0,0,0,1,0,1,75,0.75,1.3,4,4.9,31.8,85.4,2.3,1.9,0.0,61,81.6,9287.0,34.1,240,56.7,2,10.5
SIMULATED TRAINING DATA — PROTOTYPE ONLY,43239,Fast Local,5,3.7,43.3,1.9,8.2,18.5,2.0,12,3,Warning,4.5,Occupied,0.68,0,1,0,0,30,1,64,0.31,3.2,1,7.3,31.4,49.7,2.2,0.4,0.0,0,72.4,8136.0,12.8,97,15.5,0,10.0
SIMULATED TRAINING DATA — PROTOTYPE ONLY,43201,MEMU,14,3.1,56.5,2.0,26.65,51.1,0.5,22,6,Critical,18.7,Restricted,0.81,1,1,0,0,15,1,35,0.31,2.9,2,2.6,26.8,71.2,0.0,0.0,0.0,0,33.6,5412.0,31.5,92,53.0,2,38.1
SIMULATED TRAINING DATA — PROTOTYPE ONLY,43223,MEMU,21,2.5,43.5,1.7,41.0,76.3,0.5,11,6,Normal,0.7,Clear,0.35,0,0,1,0,20,1,22,0.09,0.2,2,2.8,40.7,53.0,0.0,0.0,0.0,0,12.8,5147.0,24.9,112,41.5,1,8.1
SIMULATED TRAINING DATA — PROTOTYPE ONLY,43247,EMU Local,13,1.4,59.4,1.8,24.599999999999998,45.7,0.5,7,4,Normal,0.2,Clear,0.36,0,0,0,0,0,0,0,0.57,4.0,1,0.6,32.1,67.5,0.0,0.0,0.0,0,37.0,7216.0,31.4,309,52.1,2,9.2
SIMULATED TRAINING DATA — PROTOTYPE ONLY,43501,Fast Local,6,1.3,56.3,1.5,10.25,19.8,1.0,8,0,Warning,3.3,Occupied,0.97,0,1,0,0,30,1,84,0.8,0.3,3,1.1,37.8,57.1,0.0,0.0,0.0,0,46.1,8213.0,36.8,1,54.0,2,13.2
SIMULATED TRAINING DATA — PROTOTYPE ONLY,43435,MEMU,12,2.8,63.9,1.8,22.549999999999997,43.4,0.5,22,4,Normal,0.8,Clear,0.19,0,0,0,0,0,0,0,0.29,0.7,1,1.6,34.8,71.2,0.0,0.0,0.0,0,36.8,9235.0,5.1,321,6.4,0,2.7
SIMULATED TRAINING DATA — PROTOTYPE ONLY,43409,EMU Local,8,0.7,43.9,2.8,14.349999999999998,26.5,1.0,17,3,Normal,0.2,Clear,0.47,0,1,0,0,15,1,64,0.67,2.9,1,0.0,33.9,61.0,0.0,0.0,0.0,0,55.0,9476.0,5.9,245,8.5,0,12.9
SIMULATED TRAINING DATA — PROTOTYPE ONLY,43251,MEMU,5,1.7,34.0,2.1,8.2,16.5,2.0,21,1,Normal,0.2,Clear,0.4,0,0,0,0,0,0,0,0.47,0.7,2,0.0,33.9,63.7,0.0,0.0,0.0,0,47.7,9104.0,5.0,144,8.0,0,1.2
SIMULATED TRAINING DATA — PROTOTYPE ONLY,43501,EMU Local,15,1.6,51.3,3.6,28.699999999999996,53.3,0.5,22,1,Warning,3.1,Occupied,0.97,0,1,0,1,15,1,86,0.57,0.0,1,0.3,29.3,84.8,0.0,0.0,0.0,0,16.2,5530.0,15.3,349,21.6,0,17.4
SIMULATED TRAINING DATA — PROTOTYPE ONLY,43205,Fast Local,16,3.5,36.4,1.6,30.749999999999996,58.8,0.5,9,1,Normal,1.4,Clear,0.43,0,0,0,0,0,0,0,0.75,0.1,3,3.8,29.1,66.6,2.2,1.5,0.0,61,82.5,8778.0,18.0,329,23.7,0,3.2
SIMULATED TRAINING DATA — PROTOTYPE ONLY,43435,EMU Local,1,0.3,50.8,2.4,0.0,0.3,0.5,8,6,Normal,1.2,Clear,0.26,0,1,0,0,30,1,20,0.58,4.6,2,0.0,31.1,39.1,0.0,0.0,0.0,0,28.1,6747.0,17.3,31,28.5,0,7.9
SIMULATED TRAINING DATA — PROTOTYPE ONLY,43245,MEMU,16,7.1,32.1,2.2,30.749999999999996,62.4,1.0,14,3,Normal,0.1,Clear,0.15,0,1,0,0,30,1,36,0.05,0.1,1,6.8,30.8,70.0,0.0,0.0,0.0,0,45.2,9287.0,6.6,306,8.7,0,3.0
SIMULATED TRAINING DATA — PROTOTYPE ONLY,43215,EMU Local,5,3.3,29.6,2.5,8.2,18.1,0.5,8,3,Warning,5.4,Occupied,0.83,0,1,0,0,20,1,103,0.54,0.3,1,2.8,21.7,89.0,0.0,0.0,0.0,2,52.9,9126.0,34.8,247,58.2,2,21.2
SIMULATED TRAINING DATA — PROTOTYPE ONLY,43219,EMU Local,3,4.4,60.2,1.7,4.1,11.8,1.0,11,0,Critical,9.7,Restricted,0.79,1,0,0,0,0,0,0,0.58,4.7,1,4.6,31.4,76.3,0.0,0.0,0.0,0,53.0,8254.0,9.2,14,12.1,0,17.1
SIMULATED TRAINING DATA — PROTOTYPE ONLY,43401,EMU Local,20,4.9,26.8,1.9,38.949999999999996,75.0,2.0,8,3,Normal,1.6,Clear,0.27,0,1,0,0,20,1,109,0.65,6.5,2,5.0,33.8,83.1,0.0,0.0,0.0,0,13.4,9578.0,22.8,293,30.1,1,12.5
SIMULATED TRAINING DATA — PROTOTYPE ONLY,43203,EMU Local,15,1.4,57.3,2.3,28.699999999999996,53.1,0.5,14,5,Critical,16.2,Restricted,0.68,1,0,0,0,0,0,0,0.28,0.4,2,1.4,26.3,64.7,0.0,0.0,0.0,0,50.3,7711.0,34.9,185,56.4,2,25.1
SIMULATED TRAINING DATA — PROTOTYPE ONLY,43251,EMU Local,13,2.5,50.8,1.8,24.599999999999998,46.8,1.0,16,1,Normal,0.1,Clear,0.47,0,0,0,0,0,0,0,0.14,0.4,1,2.1,27.2,79.6,3.2,1.6,0.0,61,78.1,6207.0,22.8,59,29.8,0,0.5
SIMULATED TRAINING DATA — PROTOTYPE ONLY,43217,EMU Local,16,12.5,43.4,1.0,30.749999999999996,67.8,0.5,9,3,Normal,1.1,Clear,0.13,0,0,0,0,0,0,0,0.75,1.0,4,13.4,31.8,66.5,0.0,0.0,0.0,0,55.9,8265.0,17.2,206,23.6,0,3.1
SIMULATED TRAINING DATA — PROTOTYPE ONLY,43251,EMU Local,11,5.8,13.6,2.9,20.5,42.7,1.0,8,2,Critical,20.4,Restricted,0.67,1,0,0,0,0,0,0,0.58,2.6,2,3.4,33.1,75.8,0.0,0.0,0.0,0,34.8,5957.0,28.3,108,41.8,1,30.5
SIMULATED TRAINING DATA — PROTOTYPE ONLY,43217,EMU Local,21,14.0,64.3,2.6,41.0,87.8,0.5,21,6,Normal,0.6,Clear,0.34,0,1,0,0,15,1,100,0.17,1.8,1,13.1,30.8,86.1,0.0,0.0,0.0,2,17.6,8810.0,37.9,301,58.6,2,16.9
SIMULATED TRAINING DATA — PROTOTYPE ONLY,43211,EMU Local,2,5.5,28.0,1.8,2.05,9.2,1.0,13,4,Normal,0.1,Clear,0.45,0,0,1,0,30,1,71,0.15,0.0,1,4.5,32.9,59.1,0.0,0.0,0.0,0,59.6,9397.0,24.9,298,31.7,1,7.3
SIMULATED TRAINING DATA — PROTOTYPE ONLY,43435,MEMU,6,0.8,56.3,2.2,10.25,19.2,1.0,19,0,Normal,0.3,Clear,0.47,0,1,0,0,30,1,39,0.5,1.1,2,1.6,32.0,50.4,0.0,0.0,0.0,0,20.2,8328.0,26.3,285,41.7,1,7.9
SIMULATED TRAINING DATA — PROTOTYPE ONLY,43247,EMU Local,6,0.3,31.6,2.7,10.25,18.8,0.5,17,1,Warning,3.5,Occupied,0.95,0,0,0,0,0,0,0,0.93,5.2,4,0.0,30.0,66.9,1.6,0.8,0.0,61,80.6,7452.0,11.0,300,15.7,0,7.5
SIMULATED TRAINING DATA — PROTOTYPE ONLY,43245,Fast Local,14,3.4,30.4,2.9,26.65,51.4,1.0,18,5,Warning,4.7,Occupied,0.69,0,0,0,0,0,0,0,0.41,1.7,2,2.2,31.4,76.0,0.0,0.0,0.0,0,36.4,9761.0,13.7,8,22.6,0,5.9
SIMULATED TRAINING DATA — PROTOTYPE ONLY,43213,Fast Local,11,1.8,52.0,2.2,20.5,38.7,1.0,6,5,Warning,7.0,Occupied,0.91,0,1,0,0,15,1,39,0.23,0.2,1,2.0,31.4,91.8,0.0,0.0,0.0,2,11.3,8950.0,31.2,359,47.7,2,19.3
SIMULATED TRAINING DATA — PROTOTYPE ONLY,43223,EMU Local,8,1.3,50.1,1.7,14.349999999999998,27.1,0.5,6,1,Normal,0.1,Clear,0.47,0,0,0,0,0,0,0,0.53,0.9,1,2.3,31.6,73.1,0.0,0.0,0.0,0,51.3,7302.0,29.8,310,39.2,1,4.2
SIMULATED TRAINING DATA — PROTOTYPE ONLY,43503,EMU Local,8,6.6,24.8,3.0,14.349999999999998,32.4,1.5,15,5,Warning,4.8,Occupied,0.85,0,0,0,0,0,0,0,0.28,0.6,1,7.5,30.9,79.5,1.0,0.9,0.0,61,85.9,7749.0,12.9,236,17.8,0,5.2
SIMULATED TRAINING DATA — PROTOTYPE ONLY,43203,Fast Local,1,1.8,63.6,2.2,0.0,1.8,0.5,18,2,Normal,0.4,Clear,0.39,0,0,0,0,0,0,0,0.97,4.6,4,2.9,32.9,63.8,0.0,0.0,0.0,0,27.6,8587.0,21.7,296,34.7,1,6.8
SIMULATED TRAINING DATA — PROTOTYPE ONLY,43435,EMU Local,21,1.5,38.9,2.0,41.0,75.3,1.0,14,0,Normal,0.6,Clear,0.21,0,0,0,1,0,1,118,0.24,0.5,2,1.6,35.3,64.1,0.0,0.0,0.0,0,32.0,7201.0,34.0,135,46.4,2,11.4
SIMULATED TRAINING DATA — PROTOTYPE ONLY,66015,EMU Local,7,7.6,43.0,2.3,12.299999999999999,29.7,0.5,13,6,Warning,3.3,Occupied,0.84,0,0,0,0,0,0,0,0.62,0.8,2,7.9,33.2,76.2,0.0,0.0,0.0,0,58.5,7016.0,10.9,357,13.8,0,6.2
SIMULATED TRAINING DATA — PROTOTYPE ONLY,43205,EMU Local,6,7.5,37.5,2.8,10.25,26.0,1.0,23,4,Normal,0.4,Clear,0.33,0,0,0,0,0,0,0,0.41,0.8,2,7.2,22.3,91.1,0.0,0.0,0.0,2,34.6,9338.0,28.9,10,48.8,2,5.7
SIMULATED TRAINING DATA — PROTOTYPE ONLY,43237,MEMU,21,1.8,25.5,2.1,41.0,75.6,0.5,18,0,Normal,1.9,Clear,0.43,0,1,0,0,15,1,22,0.6,7.2,1,1.4,26.0,72.3,0.0,0.0,0.0,0,47.6,6806.0,16.5,281,27.5,0,14.9
SIMULATED TRAINING DATA — PROTOTYPE ONLY,43245,EMU Local,8,7.1,53.0,2.7,14.349999999999998,32.9,0.5,21,0,Normal,0.2,Clear,0.5,0,0,0,0,0,0,0,0.23,0.0,1,5.9,33.9,75.2,15.1,14.4,3.0,63,76.0,9964.0,7.2,167,9.7,1,0.9
SIMULATED TRAINING DATA — PROTOTYPE ONLY,43217,EMU Local,19,7.6,46.3,2.0,36.9,74.0,0.5,17,6,Normal,0.6,Clear,0.44,0,0,0,0,0,0,0,0.61,0.9,2,8.4,28.2,63.8,0.0,0.0,0.0,0,47.8,6699.0,14.3,9,19.8,0,3.8
SIMULATED TRAINING DATA — PROTOTYPE ONLY,43213,Fast Local,21,2.2,29.9,2.5,41.0,76.0,1.0,9,1,Normal,0.1,Clear,0.32,0,0,0,0,0,0,0,0.82,0.6,5,0.0,36.2,65.2,0.0,0.0,0.0,0,14.7,8753.0,18.8,67,30.7,1,3.7
SIMULATED TRAINING DATA — PROTOTYPE ONLY,43223,Fast Local,20,0.3,56.2,1.5,38.949999999999996,70.4,1.0,17,3,Normal,0.1,Clear,0.34,0,0,0,0,0,0,0,0.95,1.7,5,0.0,25.6,85.5,5.6000000000000005,5.2,3.6,63,89.8,7544.0,29.6,34,35.6,1,7.5
SIMULATED TRAINING DATA — PROTOTYPE ONLY,43249,EMU Local,8,0.0,42.8,2.7,14.349999999999998,25.8,1.0,19,4,Normal,0.8,Clear,0.43,0,0,0,0,0,0,0,0.71,2.2,4,2.2,34.8,54.5,0.0,0.0,0.0,0,55.9,5294.0,9.2,255,12.8,0,4.0
SIMULATED TRAINING DATA — PROTOTYPE ONLY,43203,EMU Local,14,3.0,43.1,1.7,26.65,51.0,1.5,5,0,Normal,0.9,Clear,0.11,0,0,1,0,30,1,109,0.22,0.2,1,2.9,28.0,62.9,0.0,0.0,0.0,0,21.7,8995.0,33.3,309,40.9,1,5.8
SIMULATED TRAINING DATA — PROTOTYPE ONLY,43435,MEMU,18,1.7,68.6,2.4,34.849999999999994,64.4,1.5,22,2,Warning,5.4,Occupied,0.75,0,0,0,0,0,0,0,0.34,0.7,1,1.9,36.0,69.1,0.0,0.0,0.0,0,23.9,9162.0,15.7,231,25.6,0,6.8
SIMULATED TRAINING DATA — PROTOTYPE ONLY,43501,EMU Local,16,23.4,17.9,1.2,30.749999999999996,78.8,1.0,8,6,Normal,0.1,Clear,0.31,0,1,0,0,20,1,99,0.95,5.9,3,21.9,28.5,73.3,0.0,0.0,0.0,0,50.4,8729.0,10.0,100,14.4,0,8.7
SIMULATED TRAINING DATA — PROTOTYPE ONLY,43221,EMU Local,9,5.9,17.7,2.1,16.4,35.4,1.0,14,1,Normal,0.1,Clear,0.48,0,0,0,1,0,1,66,0.18,0.6,1,6.5,27.6,70.9,0.0,0.0,0.0,0,49.2,9606.0,17.2,279,29.2,0,3.7
SIMULATED TRAINING DATA — PROTOTYPE ONLY,43249,EMU Local,15,5.7,21.1,2.2,28.699999999999996,57.4,0.5,14,3,Normal,1.2,Clear,0.41,0,0,0,0,0,0,0,0.31,1.2,2,7.3,31.8,81.5,0.0,0.0,0.0,0,49.7,5311.0,35.6,187,46.2,2,9.2
SIMULATED TRAINING DATA — PROTOTYPE ONLY,43245,Fast Local,10,12.4,47.5,1.7,18.45,45.6,1.0,22,3,Warning,3.6,Occupied,0.62,0,0,0,0,0,0,0,0.12,1.2,1,14.1,25.6,98.0,0.0,0.0,0.0,2,50.4,6546.0,23.6,153,32.2,1,5.7
SIMULATED TRAINING DATA — PROTOTYPE ONLY,43223,EMU Local,16,8.7,36.6,2.0,30.749999999999996,64.0,1.0,21,1,Normal,0.9,Clear,0.17,0,0,0,0,0,0,0,0.54,1.0,1,6.9,27.7,59.3,0.0,0.0,0.0,0,27.3,9932.0,16.6,186,21.4,0,3.1
SIMULATED TRAINING DATA — PROTOTYPE ONLY,43251,MEMU,4,1.5,37.8,2.3,6.1499999999999995,12.6,0.5,11,0,Normal,0.2,Clear,0.24,0,0,0,0,0,0,0,0.27,5.9,1,2.9,35.0,75.3,0.0,0.0,0.0,0,57.5,7523.0,19.2,282,23.3,0,1.0
SIMULATED TRAINING DATA — PROTOTYPE ONLY,43511,Fast Local,20,0.7,27.9,2.4,38.949999999999996,70.8,1.0,15,6,Critical,19.6,Restricted,0.94,1,0,0,0,0,0,0,0.28,0.5,2,0.7,37.3,63.9,0.0,0.0,0.0,0,54.9,6345.0,29.4,58,49.1,2,31.1
SIMULATED TRAINING DATA — PROTOTYPE ONLY,43501,EMU Local,13,5.5,67.0,2.2,24.599999999999998,49.8,1.5,12,5,Normal,1.2,Clear,0.28,0,0,0,0,0,0,0,0.05,0.0,1,2.5,30.6,83.1,1.0,0.8,0.0,61,93.5,6824.0,6.4,112,10.1,0,0.4
SIMULATED TRAINING DATA — PROTOTYPE ONLY,43251,EMU Local,5,1.9,72.0,2.9,8.2,16.7,0.5,6,1,Critical,10.1,Restricted,0.69,1,0,0,1,0,1,86,0.16,0.9,2,0.1,29.5,94.1,6.2,0.9,0.0,61,95.5,9712.0,36.4,123,58.7,2,23.7
SIMULATED TRAINING DATA — PROTOTYPE ONLY,43203,EMU Local,7,2.6,55.5,2.8,12.299999999999999,24.7,0.5,9,5,Normal,0.7,Clear,0.27,0,0,1,0,15,1,71,0.68,1.7,2,0.3,25.4,71.3,2.9000000000000004,2.7,0.0,61,99.7,8611.0,32.5,281,45.3,2,16.9
SIMULATED TRAINING DATA — PROTOTYPE ONLY,43251,EMU Local,9,4.0,19.4,2.1,16.4,33.5,0.5,4,3,Normal,0.1,Clear,0.12,0,1,0,0,30,1,59,0.18,0.3,2,4.7,34.0,84.0,0.0,0.0,0.0,0,20.7,5606.0,34.3,348,56.9,2,9.1
SIMULATED TRAINING DATA — PROTOTYPE ONLY,66069,EMU Local,8,9.5,34.7,1.3,14.349999999999998,35.3,0.5,20,3,Normal,0.1,Clear,0.49,0,1,0,0,15,1,95,0.84,0.8,4,9.3,29.7,60.4,0.0,0.0,0.0,0,47.1,6270.0,27.0,339,33.6,1,11.2
SIMULATED TRAINING DATA — PROTOTYPE ONLY,43423,MEMU,16,2.2,54.4,1.8,30.749999999999996,57.6,0.5,6,2,Normal,0.3,Clear,0.27,0,0,1,0,30,1,101,0.32,1.9,2,1.4,26.7,87.2,0.0,0.0,0.0,2,43.1,5539.0,24.5,279,31.0,1,8.2
SIMULATED TRAINING DATA — PROTOTYPE ONLY,43505,EMU Local,6,6.1,41.3,1.0,10.25,24.5,0.5,21,2,Warning,6.6,Occupied,0.78,0,0,0,0,0,0,0,0.22,0.6,2,6.0,32.6,92.7,0.0,0.0,0.0,2,46.2,9311.0,16.3,356,23.2,0,7.2
SIMULATED TRAINING DATA — PROTOTYPE ONLY,43249,Fast Local,16,1.2,55.5,2.0,30.749999999999996,56.6,0.5,21,3,Critical,12.2,Restricted,0.6,1,0,0,0,0,0,0,0.22,0.8,1,3.3,26.2,70.4,3.0,1.4,0.0,61,96.1,6827.0,14.9,161,18.9,0,15.9
SIMULATED TRAINING DATA — PROTOTYPE ONLY,43227,EMU Local,6,4.8,60.7,2.9,10.25,23.2,1.5,5,2,Critical,20.8,Restricted,0.71,1,0,0,0,0,0,0,0.25,0.5,2,4.4,32.1,80.0,0.0,0.0,0.0,0,24.3,9887.0,7.9,128,9.9,0,24.2
SIMULATED TRAINING DATA — PROTOTYPE ONLY,43425,EMU Local,14,0.0,70.6,2.6,26.65,48.0,0.5,7,2,Warning,6.4,Occupied,0.77,0,0,0,0,0,0,0,0.15,0.1,1,0.4,29.9,57.0,25.400000000000002,24.3,2.3,65,88.1,1993.0,6.1,208,8.9,2,9.7
SIMULATED TRAINING DATA — PROTOTYPE ONLY,43203,EMU Local,21,8.2,32.2,2.2,41.0,82.0,0.5,4,2,Warning,2.2,Occupied,0.96,0,0,0,0,0,0,0,0.12,0.2,1,9.0,32.3,64.6,0.0,0.0,0.0,0,36.6,8304.0,6.8,342,8.8,0,2.6
SIMULATED TRAINING DATA — PROTOTYPE ONLY,43207,EMU Local,1,0.1,43.2,1.7,0.0,0.1,0.5,13,3,Normal,0.4,Clear,0.36,0,0,1,0,30,1,94,0.11,0.1,2,0.0,25.7,78.5,0.0,0.0,0.0,0,25.3,8450.0,10.9,242,17.5,0,5.6
SIMULATED TRAINING DATA — PROTOTYPE ONLY,43213,MEMU,9,5.0,35.4,2.2,16.4,34.5,0.5,8,0,Warning,6.7,Occupied,0.74,0,0,0,0,0,0,0,0.67,1.0,1,5.7,32.3,98.0,0.0,0.0,0.0,2,27.4,7468.0,10.3,152,17.0,0,9.8
SIMULATED TRAINING DATA — PROTOTYPE ONLY,43237,EMU Local,13,0.2,12.0,3.4,24.599999999999998,44.5,2.0,8,0,Normal,0.6,Clear,0.23,0,0,0,0,0,0,0,0.83,7.1,5,1.3,24.4,50.2,0.0,0.0,0.0,0,42.4,7088.0,30.9,101,47.9,2,11.7
SIMULATED TRAINING DATA — PROTOTYPE ONLY,66069,EMU Local,19,1.2,52.5,3.0,36.9,67.6,1.0,12,6,Normal,0.5,Clear,0.14,0,0,0,0,0,0,0,0.43,1.3,2,2.4,32.6,74.3,0.0,0.0,0.0,0,51.8,6911.0,8.5,254,11.2,0,1.9
SIMULATED TRAINING DATA — PROTOTYPE ONLY,43251,EMU Local,17,2.8,50.5,2.0,32.8,61.8,1.0,17,4,Normal,1.1,Clear,0.45,0,1,0,0,20,1,52,0.76,0.1,5,2.6,31.1,87.2,0.0,0.0,0.0,2,39.7,9631.0,30.3,80,48.2,2,14.9
SIMULATED TRAINING DATA — PROTOTYPE ONLY,43409,EMU Local,11,2.2,33.8,1.2,20.5,39.1,0.5,16,2,Warning,3.1,Occupied,0.85,0,0,0,0,0,0,0,0.05,0.3,1,3.3,24.0,94.0,0.0,0.0,0.0,2,31.9,6997.0,19.5,206,23.9,0,4.5
SIMULATED TRAINING DATA — PROTOTYPE ONLY,43227,EMU Local,8,0.9,18.0,3.4,14.349999999999998,26.7,1.0,16,0,Normal,0.0,Clear,0.19,0,0,0,0,0,0,0,0.47,2.4,2,1.5,31.4,69.6,2.5,0.6,0.0,61,86.5,9821.0,36.7,110,55.7,2,8.0
SIMULATED TRAINING DATA — PROTOTYPE ONLY,43511,EMU Local,5,1.6,36.2,1.7,8.2,16.4,0.5,4,4,Warning,5.0,Occupied,0.79,0,0,0,0,0,0,0,0.1,0.5,2,1.7,34.3,87.5,0.0,0.0,0.0,2,10.9,8917.0,24.9,326,41.4,1,6.7
SIMULATED TRAINING DATA — PROTOTYPE ONLY,43201,Fast Local,10,5.2,53.0,2.4,18.45,38.4,0.5,20,1,Normal,0.6,Clear,0.16,0,0,0,0,0,0,0,0.84,2.8,4,6.3,29.7,80.9,5.3,3.4,0.0,61,98.3,6158.0,23.4,319,35.1,1,7.0
SIMULATED TRAINING DATA — PROTOTYPE ONLY,43249,EMU Local,7,4.4,62.1,1.2,12.299999999999999,26.5,0.5,23,2,Normal,0.4,Clear,0.22,0,0,0,0,0,0,0,0.16,0.0,2,6.5,26.3,93.3,0.0,0.0,0.0,2,13.4,6711.0,26.2,178,43.5,1,3.0
SIMULATED TRAINING DATA — PROTOTYPE ONLY,43239,MEMU,10,0.3,31.3,1.9,18.45,33.5,2.0,11,0,Critical,16.9,Restricted,0.62,1,0,0,0,0,0,0,0.54,0.9,1,1.4,29.8,69.6,0.0,0.0,0.0,0,18.2,5739.0,21.3,281,32.4,1,23.5
SIMULATED TRAINING DATA — PROTOTYPE ONLY,43505,EMU Local,4,5.5,58.6,1.2,6.1499999999999995,16.6,0.5,6,0,Normal,0.2,Clear,0.21,0,0,0,0,0,0,0,0.09,0.1,1,5.4,22.4,73.2,0.0,0.0,0.0,0,55.2,5781.0,23.8,216,37.9,1,0.7
SIMULATED TRAINING DATA — PROTOTYPE ONLY,43201,EMU Local,9,0.2,51.3,1.4,16.4,29.7,1.0,20,5,Critical,15.5,Restricted,0.73,1,0,0,0,0,0,0,0.57,0.0,2,0.0,32.8,64.6,3.0,0.6,0.0,61,70.4,7773.0,28.3,304,40.4,1,21.9
SIMULATED TRAINING DATA — PROTOTYPE ONLY,43425,EMU Local,14,3.1,48.2,1.5,26.65,51.1,0.5,15,0,Normal,0.5,Clear,0.25,0,0,0,1,0,1,33,0.22,0.1,2,3.7,34.5,68.5,3.2,1.1,0.0,61,94.3,6388.0,32.8,106,49.6,2,10.5
SIMULATED TRAINING DATA — PROTOTYPE ONLY,43217,EMU Local,2,1.2,22.6,2.4,2.05,4.9,0.5,21,5,Normal,0.1,Clear,0.41,0,0,0,0,0,0,0,0.11,0.2,2,1.4,29.6,68.4,0.0,0.0,0.0,0,40.6,9730.0,35.4,163,43.4,1,2.0
SIMULATED TRAINING DATA — PROTOTYPE ONLY,43207,EMU Local,9,3.5,23.2,2.0,16.4,33.0,1.0,17,4,Warning,6.0,Occupied,0.63,0,0,0,0,0,0,0,0.71,5.3,3,4.8,30.5,62.2,0.0,0.0,0.0,0,36.9,6828.0,27.7,325,33.6,1,12.2
SIMULATED TRAINING DATA — PROTOTYPE ONLY,43501,EMU Local,21,1.2,29.5,3.7,41.0,75.0,0.5,14,5,Normal,0.3,Clear,0.14,0,0,0,0,0,0,0,0.24,2.7,1,0.1,36.0,93.6,0.0,0.0,0.0,2,51.8,5235.0,35.3,294,44.7,1,4.2
SIMULATED TRAINING DATA — PROTOTYPE ONLY,66015,EMU Local,1,16.8,37.1,2.8,0.0,16.8,1.5,19,1,Normal,0.3,Clear,0.43,0,0,0,0,0,0,0,0.89,4.2,5,18.0,37.7,72.8,0.0,0.0,0.0,0,21.5,5593.0,23.0,296,33.6,1,6.8
SIMULATED TRAINING DATA — PROTOTYPE ONLY,43209,EMU Local,10,1.5,69.0,2.8,18.45,34.7,0.5,7,6,Normal,0.5,Clear,0.47,0,0,0,0,0,0,0,0.16,0.1,2,0.0,34.4,66.2,0.0,0.0,0.0,0,34.2,6841.0,12.8,259,20.5,0,0.6
SIMULATED TRAINING DATA — PROTOTYPE ONLY,43227,EMU Local,10,1.1,32.1,2.4,18.45,34.3,0.5,21,2,Normal,0.0,Clear,0.37,0,0,0,0,0,0,0,0.53,4.7,1,0.9,27.4,67.2,0.0,0.0,0.0,0,15.5,7632.0,16.2,269,26.2,0,2.1
SIMULATED TRAINING DATA — PROTOTYPE ONLY,43215,Fast Local,20,1.3,53.6,2.3,38.949999999999996,71.4,1.0,10,0,Normal,2.3,Clear,0.5,0,0,0,0,0,0,0,0.41,5.5,2,2.0,36.4,53.4,0.0,0.0,0.0,0,39.4,5132.0,33.5,213,56.0,2,12.0
SIMULATED TRAINING DATA — PROTOTYPE ONLY,43403,EMU Local,3,9.1,35.0,2.8,4.1,16.5,1.0,14,6,Normal,0.6,Clear,0.23,0,0,0,0,0,0,0,0.15,0.3,1,9.0,34.0,79.3,4.300000000000001,3.2,0.0,61,72.5,6726.0,26.2,280,35.2,1,2.5
SIMULATED TRAINING DATA — PROTOTYPE ONLY,43245,EMU Local,6,4.0,49.1,1.0,10.25,22.4,0.5,19,3,Critical,9.0,Restricted,0.75,1,1,0,0,30,1,27,0.76,2.0,5,4.5,32.5,61.6,0.0,0.0,0.0,0,52.4,8698.0,14.2,52,23.6,0,18.6
SIMULATED TRAINING DATA — PROTOTYPE ONLY,43505,EMU Local,6,5.2,41.1,1.7,10.25,23.6,1.0,19,2,Normal,0.1,Clear,0.37,0,0,1,0,20,1,77,0.95,1.4,4,6.9,32.7,64.6,0.0,0.0,0.0,0,26.5,5510.0,24.1,114,38.8,1,9.8
SIMULATED TRAINING DATA — PROTOTYPE ONLY,43511,EMU Local,21,10.0,44.7,1.3,41.0,83.8,1.0,6,3,Normal,0.0,Clear,0.23,0,0,0,0,0,0,0,0.41,2.7,2,9.3,35.8,85.6,29.8,28.2,3.2,65,91.5,1981.0,26.9,286,37.7,2,4.9
SIMULATED TRAINING DATA — PROTOTYPE ONLY,43425,EMU Local,2,9.7,47.5,1.0,2.05,13.4,0.5,12,6,Critical,21.3,Restricted,0.67,1,0,0,1,0,1,77,0.38,0.5,1,8.0,24.1,65.6,0.0,0.0,0.0,0,57.6,6575.0,37.9,111,53.0,2,36.5
SIMULATED TRAINING DATA — PROTOTYPE ONLY,43203,EMU Local,18,5.4,38.3,1.6,34.849999999999994,68.1,1.5,11,4,Warning,6.3,Occupied,0.77,0,0,0,0,0,0,0,0.36,0.1,2,4.0,30.9,77.5,0.0,0.0,0.0,0,32.5,5509.0,21.7,105,34.6,1,9.6
SIMULATED TRAINING DATA — PROTOTYPE ONLY,66069,EMU Local,2,0.9,47.6,1.4,2.05,4.6,0.5,10,0,Normal,0.1,Clear,0.18,0,0,0,0,0,0,0,0.62,1.3,2,0.8,26.9,65.4,0.0,0.0,0.0,0,24.5,6909.0,34.7,132,52.0,2,6.9
SIMULATED TRAINING DATA — PROTOTYPE ONLY,43423,EMU Local,12,7.4,60.5,2.8,22.549999999999997,48.0,0.5,20,2,Normal,0.2,Clear,0.17,0,0,0,0,0,0,0,0.79,0.5,3,8.9,33.1,65.9,0.0,0.0,0.0,0,40.3,8600.0,16.2,62,24.4,0,3.7
SIMULATED TRAINING DATA — PROTOTYPE ONLY,43237,EMU Local,5,0.9,30.7,2.2,8.2,15.7,1.0,14,2,Normal,0.4,Clear,0.39,0,1,0,0,15,1,104,0.26,0.5,1,0.5,28.2,64.4,0.0,0.0,0.0,0,17.2,9916.0,26.1,27,35.1,1,14.6
SIMULATED TRAINING DATA — PROTOTYPE ONLY,43407,EMU Local,20,5.4,59.8,1.0,38.949999999999996,75.5,0.5,7,0,Normal,0.6,Clear,0.38,0,1,0,0,20,1,41,0.12,0.4,2,8.0,43.8,69.8,0.0,0.0,0.0,0,29.3,5226.0,31.1,44,49.7,2,10.8
SIMULATED TRAINING DATA — PROTOTYPE ONLY,43435,EMU Local,7,4.6,38.0,2.3,12.299999999999999,26.7,1.0,7,6,Normal,0.5,Clear,0.31,0,0,0,0,0,0,0,0.29,1.6,1,3.1,34.5,55.3,0.0,0.0,0.0,0,32.9,7891.0,35.7,303,54.8,2,7.5
SIMULATED TRAINING DATA — PROTOTYPE ONLY,43425,EMU Local,16,5.7,36.4,1.5,30.749999999999996,61.0,0.5,8,1,Warning,2.2,Occupied,0.61,0,0,0,0,0,0,0,0.23,0.9,1,3.6,26.8,81.1,0.0,0.0,0.0,0,54.2,6127.0,20.9,88,26.6,0,3.1
SIMULATED TRAINING DATA — PROTOTYPE ONLY,43403,EMU Local,20,3.0,52.5,2.1,38.949999999999996,73.1,0.5,11,4,Normal,0.1,Clear,0.17,0,0,0,0,0,0,0,0.14,0.7,2,3.3,35.3,98.0,0.0,0.0,0.0,2,46.3,7215.0,33.2,30,47.3,2,8.6
SIMULATED TRAINING DATA — PROTOTYPE ONLY,43423,MEMU,1,4.1,36.9,2.3,0.0,4.1,1.5,13,0,Normal,0.5,Clear,0.27,0,1,0,1,15,1,28,0.21,0.7,1,3.4,29.9,79.1,0.0,0.0,0.0,0,29.6,9969.0,22.3,319,31.1,1,11.6
SIMULATED TRAINING DATA — PROTOTYPE ONLY,43401,EMU Local,1,12.3,46.8,1.6,0.0,12.3,1.0,20,5,Normal,0.1,Clear,0.45,0,0,0,0,0,0,0,0.56,0.2,1,11.4,31.9,60.9,0.0,0.0,0.0,0,33.3,9966.0,26.4,193,44.1,1,2.6
SIMULATED TRAINING DATA — PROTOTYPE ONLY,43407,EMU Local,17,0.4,45.4,2.2,32.8,59.4,1.0,9,2,Normal,0.4,Clear,0.44,0,0,0,0,0,0,0,0.51,3.8,1,0.4,30.9,80.1,0.0,0.0,0.0,0,57.1,8035.0,13.0,205,19.0,0,2.8
SIMULATED TRAINING DATA — PROTOTYPE ONLY,43221,EMU Local,1,1.5,10.7,2.3,0.0,1.5,0.5,12,1,Normal,0.4,Clear,0.36,0,0,0,0,0,0,0,0.45,1.9,1,0.0,24.2,53.5,7.9,5.3,3.0,63,99.9,5830.0,32.2,93,41.0,1,3.5
SIMULATED TRAINING DATA — PROTOTYPE ONLY,43501,Fast Local,21,3.8,48.3,2.0,41.0,77.6,0.5,13,2,Warning,5.6,Occupied,0.69,0,0,0,0,0,0,0,0.51,2.8,1,4.5,29.1,62.8,6.5,5.3,1.2,63,96.0,7502.0,37.0,91,60.8,2,13.0
SIMULATED TRAINING DATA — PROTOTYPE ONLY,43207,EMU Local,20,13.3,20.4,1.7,38.949999999999996,83.4,1.0,11,3,Normal,0.2,Clear,0.46,0,0,0,0,0,0,0,0.61,6.0,2,13.5,27.0,66.7,0.0,0.0,0.0,0,27.9,9180.0,30.7,169,39.5,1,5.0
SIMULATED TRAINING DATA — PROTOTYPE ONLY,43251,EMU Local,13,0.4,21.5,2.1,24.599999999999998,44.7,1.0,18,2,Normal,0.9,Clear,0.16,0,0,0,0,0,0,0,0.69,8.3,2,0.0,21.8,84.5,0.0,0.0,0.0,0,33.2,7867.0,13.9,290,20.9,0,7.1
SIMULATED TRAINING DATA — PROTOTYPE ONLY,43213,EMU Local,9,0.1,47.5,2.0,16.4,29.6,0.5,21,4,Normal,0.1,Clear,0.26,0,0,0,0,0,0,0,0.29,3.4,1,0.4,29.4,80.4,0.0,0.0,0.0,0,20.1,8588.0,7.4,231,10.4,0,2.4
SIMULATED TRAINING DATA — PROTOTYPE ONLY,43215,EMU Local,15,0.2,50.0,2.3,28.699999999999996,51.9,0.5,8,0,Normal,0.3,Clear,0.15,0,0,0,0,0,0,0,0.83,0.9,5,2.5,30.5,54.9,0.0,0.0,0.0,0,16.4,8856.0,6.9,329,8.8,0,3.8
SIMULATED TRAINING DATA — PROTOTYPE ONLY,43213,EMU Local,3,0.2,60.1,1.9,4.1,7.6,0.5,21,2,Normal,1.3,Clear,0.29,0,1,0,0,20,1,16,0.2,1.3,1,0.0,25.6,81.8,0.0,0.0,0.0,0,25.9,7277.0,28.6,99,39.6,1,9.3
SIMULATED TRAINING DATA — PROTOTYPE ONLY,43211,EMU Local,14,9.5,25.7,1.4,26.65,57.5,0.5,4,5,Normal,0.4,Clear,0.41,0,0,0,0,0,0,0,0.05,0.6,2,8.9,35.8,65.3,0.0,0.0,0.0,0,43.1,8351.0,31.0,204,38.7,1,1.1
SIMULATED TRAINING DATA — PROTOTYPE ONLY,43219,Fast Local,11,5.1,30.9,2.0,20.5,42.0,1.0,5,3,Normal,0.6,Clear,0.16,0,0,1,0,30,1,92,0.31,1.3,2,5.9,33.0,79.3,10.5,8.0,2.1,63,83.7,5623.0,27.0,353,39.6,1,8.6
SIMULATED TRAINING DATA — PROTOTYPE ONLY,43511,EMU Local,12,4.5,49.0,2.3,22.549999999999997,45.1,0.5,13,3,Warning,4.3,Occupied,0.65,0,0,0,0,0,0,0,0.61,2.7,2,3.7,31.9,62.9,0.0,0.0,0.0,0,58.8,6913.0,27.1,81,43.3,1,7.7
SIMULATED TRAINING DATA — PROTOTYPE ONLY,43409,MEMU,13,3.0,60.4,2.2,24.599999999999998,47.3,0.5,9,0,Normal,0.1,Clear,0.33,0,1,0,0,30,1,73,0.6,4.5,2,3.6,33.6,70.7,0.0,0.0,0.0,0,53.8,7550.0,35.3,328,53.0,2,12.2
SIMULATED TRAINING DATA — PROTOTYPE ONLY,43435,Fast Local,13,6.1,44.9,2.0,24.599999999999998,50.4,0.5,22,3,Normal,0.1,Clear,0.4,0,0,0,0,0,0,0,0.25,0.3,2,7.1,33.7,62.1,0.0,0.0,0.0,0,45.5,8638.0,19.7,217,29.8,0,0.3
SIMULATED TRAINING DATA — PROTOTYPE ONLY,43201,EMU Local,1,0.7,28.8,1.8,0.0,0.7,0.5,14,6,Normal,0.7,Clear,0.12,0,0,1,1,20,1,94,0.12,0.1,2,2.4,32.6,70.8,0.0,0.0,0.0,0,13.7,7318.0,21.3,257,30.8,1,8.7
SIMULATED TRAINING DATA — PROTOTYPE ONLY,43201,EMU Local,10,2.0,64.6,1.8,18.45,35.2,0.5,21,0,Normal,0.7,Clear,0.14,0,0,0,0,0,0,0,0.75,1.5,5,1.6,37.7,57.8,4.4,2.1,0.0,61,87.4,9791.0,13.1,175,16.7,0,3.8
SIMULATED TRAINING DATA — PROTOTYPE ONLY,43251,EMU Local,3,2.7,38.1,1.8,4.1,10.1,1.5,19,4,Normal,0.0,Clear,0.35,0,0,0,0,0,0,0,0.95,10.0,3,1.1,23.1,61.8,11.700000000000001,9.8,1.8,63,82.9,6422.0,38.0,122,60.3,2,11.2
SIMULATED TRAINING DATA — PROTOTYPE ONLY,43511,EMU Local,4,0.5,38.5,2.7,6.1499999999999995,11.6,1.0,11,0,Normal,0.2,Clear,0.44,0,0,0,0,0,0,0,0.21,0.0,1,0.2,33.6,64.4,0.0,0.0,0.0,0,15.0,5891.0,36.2,68,61.5,2,2.6
SIMULATED TRAINING DATA — PROTOTYPE ONLY,43249,EMU Local,16,2.2,20.5,1.5,30.749999999999996,57.6,0.5,7,1,Normal,0.3,Clear,0.45,0,0,0,0,0,0,0,0.19,0.4,1,2.4,30.0,60.4,0.0,0.0,0.0,0,33.2,5992.0,12.7,91,16.8,0,2.3
SIMULATED TRAINING DATA — PROTOTYPE ONLY,43227,Fast Local,8,1.5,52.9,2.2,14.349999999999998,27.3,1.0,14,3,Normal,0.9,Clear,0.38,0,0,0,0,0,0,0,0.35,1.4,1,0.8,37.1,67.5,0.0,0.0,0.0,0,10.9,6854.0,12.5,222,20.7,0,1.2
SIMULATED TRAINING DATA — PROTOTYPE ONLY,43219,MEMU,16,0.1,54.8,1.3,30.749999999999996,55.4,1.0,13,3,Normal,0.3,Clear,0.18,0,0,0,0,0,0,0,0.31,1.1,2,0.3,33.0,73.0,0.0,0.0,0.0,0,27.8,7655.0,30.5,232,37.7,1,3.4
SIMULATED TRAINING DATA — PROTOTYPE ONLY,43423,EMU Local,17,0.6,31.4,2.6,32.8,59.6,0.5,19,5,Normal,1.3,Clear,0.18,0,1,1,0,20,1,107,0.87,5.1,3,2.7,31.0,87.9,0.0,0.0,0.0,2,57.6,6562.0,11.1,358,15.2,0,13.3
SIMULATED TRAINING DATA — PROTOTYPE ONLY,43425,EMU Local,19,5.8,68.3,1.8,36.9,72.2,0.5,15,2,Normal,2.8,Clear,0.45,0,0,0,0,0,0,0,0.23,0.3,1,5.1,37.3,58.6,0.0,0.0,0.0,0,38.1,9337.0,11.7,23,18.3,0,2.3
SIMULATED TRAINING DATA — PROTOTYPE ONLY,43249,MEMU,15,0.1,33.2,1.6,28.699999999999996,51.8,0.5,6,1,Warning,4.3,Occupied,0.82,0,0,0,0,0,0,0,0.21,0.2,1,0.0,30.8,59.5,0.0,0.0,0.0,0,40.3,8507.0,33.2,305,52.6,2,8.9
SIMULATED TRAINING DATA — PROTOTYPE ONLY,43247,Fast Local,16,10.9,51.4,2.2,30.749999999999996,66.2,0.5,14,6,Normal,0.5,Clear,0.37,0,0,0,0,0,0,0,0.09,0.6,1,12.0,33.2,72.4,4.1,2.5,0.0,61,74.5,6326.0,24.6,180,40.2,1,1.6
SIMULATED TRAINING DATA — PROTOTYPE ONLY,43245,MEMU,15,0.4,45.4,1.0,28.699999999999996,52.1,1.0,19,2,Normal,0.2,Clear,0.31,0,0,0,0,0,0,0,0.68,4.2,2,0.0,29.0,52.4,0.0,0.0,0.0,0,59.1,8819.0,14.2,100,22.5,0,3.7
SIMULATED TRAINING DATA — PROTOTYPE ONLY,43227,EMU Local,2,6.4,11.6,1.3,2.05,10.1,0.5,6,0,Warning,3.0,Occupied,0.95,0,0,0,0,0,0,0,0.15,0.2,1,6.4,32.0,74.9,0.0,0.0,0.0,0,18.3,7881.0,18.3,300,26.1,0,3.6
SIMULATED TRAINING DATA — PROTOTYPE ONLY,43425,EMU Local,11,9.2,50.2,2.3,20.5,46.1,1.5,13,4,Normal,0.4,Clear,0.28,0,0,0,0,0,0,0,0.11,0.2,2,8.6,39.8,72.2,24.2,23.4,2.3,65,92.0,2347.0,10.7,36,15.2,2,6.4
SIMULATED TRAINING DATA — PROTOTYPE ONLY,43425,EMU Local,1,11.3,48.8,2.7,0.0,11.3,1.0,19,5,Normal,0.2,Clear,0.48,0,0,0,1,0,1,48,0.56,1.2,2,9.3,34.9,78.5,0.0,0.0,0.0,0,33.4,9713.0,24.6,239,29.7,0,5.7
SIMULATED TRAINING DATA — PROTOTYPE ONLY,43227,EMU Local,15,8.1,15.5,2.4,28.699999999999996,59.8,0.5,10,3,Normal,0.2,Clear,0.44,0,0,0,0,0,0,0,0.65,1.6,2,7.9,33.2,98.0,0.0,0.0,0.0,2,56.3,6228.0,10.1,237,17.1,0,1.6
SIMULATED TRAINING DATA — PROTOTYPE ONLY,43217,EMU Local,19,1.4,64.9,2.2,36.9,67.8,1.0,18,6,Normal,0.6,Clear,0.45,0,0,0,0,0,0,0,0.88,5.6,3,0.6,26.0,72.7,0.0,0.0,0.0,0,42.0,9599.0,15.5,147,22.9,0,4.1
SIMULATED TRAINING DATA — PROTOTYPE ONLY,43221,EMU Local,4,1.6,48.9,3.5,6.1499999999999995,12.7,0.5,18,6,Warning,5.8,Occupied,0.69,0,0,0,0,0,0,0,0.55,1.8,1,2.2,40.9,65.5,0.0,0.0,0.0,0,20.1,8518.0,37.0,148,57.9,2,12.8
SIMULATED TRAINING DATA — PROTOTYPE ONLY,43505,EMU Local,11,2.2,60.6,2.4,20.5,39.1,0.5,13,4,Normal,0.7,Clear,0.14,0,0,0,0,0,0,0,0.46,1.2,2,2.4,26.6,83.5,0.0,0.0,0.0,0,49.8,6044.0,23.7,221,31.0,1,6.0
SIMULATED TRAINING DATA — PROTOTYPE ONLY,43503,EMU Local,5,0.6,16.3,1.5,8.2,15.4,1.0,6,0,Normal,0.3,Clear,0.5,0,0,1,0,30,1,32,0.28,0.3,1,0.8,31.8,71.9,0.0,0.0,0.0,0,16.7,9543.0,16.5,108,24.9,0,6.5
SIMULATED TRAINING DATA — PROTOTYPE ONLY,43409,EMU Local,3,0.1,35.8,2.7,4.1,7.5,0.5,9,0,Normal,0.1,Clear,0.16,0,0,0,0,0,0,0,0.76,0.1,4,0.0,33.3,70.0,0.0,0.0,0.0,0,50.6,7202.0,35.5,67,58.0,2,6.7
SIMULATED TRAINING DATA — PROTOTYPE ONLY,43227,EMU Local,13,8.1,59.7,1.7,24.599999999999998,52.4,0.5,21,1,Normal,0.3,Clear,0.31,0,0,0,0,0,0,0,0.18,1.6,1,7.4,34.0,93.4,0.0,0.0,0.0,2,11.8,6037.0,17.2,263,21.9,0,0.0
SIMULATED TRAINING DATA — PROTOTYPE ONLY,43209,EMU Local,10,3.2,18.5,1.7,18.45,36.4,1.0,8,2,Normal,1.5,Clear,0.21,0,0,1,0,20,1,115,0.51,2.2,2,3.5,28.7,81.0,0.0,0.0,0.0,0,17.1,6335.0,28.9,213,43.2,1,12.1
SIMULATED TRAINING DATA — PROTOTYPE ONLY,43435,EMU Local,11,3.8,36.3,1.3,20.5,40.7,1.5,19,3,Normal,0.8,Clear,0.3,0,0,0,0,0,0,0,0.69,0.2,1,2.7,34.2,60.6,0.0,0.0,0.0,0,28.0,8641.0,15.9,240,21.1,0,2.5
SIMULATED TRAINING DATA — PROTOTYPE ONLY,43205,EMU Local,18,10.5,48.1,1.9,34.849999999999994,73.2,0.5,16,6,Normal,0.1,Clear,0.22,0,0,0,0,0,0,0,0.17,0.2,2,10.5,26.6,60.9,0.0,0.0,0.0,0,13.3,9716.0,15.0,184,22.7,0,0.0
SIMULATED TRAINING DATA — PROTOTYPE ONLY,43501,MEMU,2,4.4,13.6,1.4,2.05,8.1,0.5,6,3,Normal,0.2,Clear,0.46,0,0,0,0,0,0,0,0.53,1.9,2,4.8,38.1,56.0,0.0,0.0,0.0,0,50.9,6191.0,20.6,112,28.2,0,2.2
SIMULATED TRAINING DATA — PROTOTYPE ONLY,43207,EMU Local,7,4.7,22.2,2.4,12.299999999999999,26.8,1.0,18,6,Normal,1.3,Clear,0.49,0,1,0,0,15,1,50,0.58,0.5,2,5.6,26.4,58.8,0.0,0.0,0.0,0,32.6,9585.0,23.4,355,38.0,1,14.5
SIMULATED TRAINING DATA — PROTOTYPE ONLY,43223,EMU Local,9,6.2,62.7,2.0,16.4,35.7,1.0,23,4,Critical,11.2,Restricted,0.79,1,0,0,0,0,0,0,0.44,0.2,2,5.6,29.4,85.5,0.0,0.0,0.0,2,40.9,5320.0,19.2,333,29.6,0,16.8
SIMULATED TRAINING DATA — PROTOTYPE ONLY,43435,EMU Local,10,0.5,42.9,1.3,18.45,33.7,0.5,9,1,Warning,2.8,Occupied,0.99,0,0,0,0,0,0,0,0.89,2.5,3,0.0,33.8,65.9,0.0,0.0,0.0,0,15.1,5624.0,32.5,217,43.0,1,8.3
SIMULATED TRAINING DATA — PROTOTYPE ONLY,43211,Fast Local,18,1.8,59.7,2.1,34.849999999999994,64.5,1.5,7,5,Critical,20.3,Restricted,0.95,1,1,1,0,20,1,78,0.62,0.9,1,2.0,30.8,50.6,0.0,0.0,0.0,0,10.3,6813.0,27.8,330,34.4,1,34.7
SIMULATED TRAINING DATA — PROTOTYPE ONLY,43211,EMU Local,7,13.8,44.7,2.7,12.299999999999999,35.9,1.0,18,0,Normal,0.4,Clear,0.25,0,1,0,0,15,1,46,0.87,5.4,3,12.9,37.6,77.5,0.0,0.0,0.0,0,59.1,7939.0,36.8,198,52.0,2,20.7
SIMULATED TRAINING DATA — PROTOTYPE ONLY,43205,EMU Local,7,10.3,75.0,3.1,12.299999999999999,32.4,1.0,21,1,Normal,0.3,Clear,0.49,0,0,1,0,30,1,23,0.55,5.8,2,8.6,36.5,74.0,0.0,0.0,0.0,0,17.2,7869.0,17.6,74,28.3,0,10.4
SIMULATED TRAINING DATA — PROTOTYPE ONLY,43403,EMU Local,3,8.6,48.6,1.0,4.1,16.0,1.5,12,3,Normal,0.0,Clear,0.14,0,0,0,0,0,0,0,0.5,1.6,2,9.0,33.5,66.6,0.0,0.0,0.0,0,51.5,5224.0,22.9,2,32.5,1,3.6
SIMULATED TRAINING DATA — PROTOTYPE ONLY,43401,EMU Local,12,2.4,61.0,1.6,22.549999999999997,43.0,1.5,23,5,Normal,0.5,Clear,0.15,0,1,0,0,20,1,62,0.3,1.3,1,2.1,28.6,64.4,0.0,0.0,0.0,0,42.0,5181.0,33.6,337,50.4,2,13.8
SIMULATED TRAINING DATA — PROTOTYPE ONLY,43503,EMU Local,7,7.8,38.3,1.3,12.299999999999999,29.9,0.5,7,2,Normal,0.1,Clear,0.38,0,0,0,0,0,0,0,0.1,1.4,1,8.4,31.0,72.2,3.1,1.1,0.0,61,73.1,8295.0,14.0,222,18.7,0,0.0
SIMULATED TRAINING DATA — PROTOTYPE ONLY,43407,EMU Local,17,0.2,45.2,2.3,32.8,59.2,0.5,19,4,Normal,0.5,Clear,0.4,0,1,0,0,15,1,23,0.86,0.8,5,0.0,25.7,72.9,1.8,1.1,0.0,61,82.1,7230.0,29.7,267,43.2,1,15.5
SIMULATED TRAINING DATA — PROTOTYPE ONLY,43251,Fast Local,1,0.6,51.6,1.3,0.0,0.6,1.0,21,0,Normal,0.4,Clear,0.29,0,1,0,0,20,1,99,0.42,3.5,1,0.7,28.1,76.8,0.0,0.0,0.0,0,29.5,7406.0,24.5,51,40.3,1,8.7
SIMULATED TRAINING DATA — PROTOTYPE ONLY,43221,EMU Local,5,2.1,54.1,2.7,8.2,16.9,2.0,8,0,Normal,0.3,Clear,0.21,0,0,0,0,0,0,0,0.46,1.3,1,0.0,30.5,51.0,0.0,0.0,0.0,0,36.4,5150.0,24.5,250,35.6,1,4.8
SIMULATED TRAINING DATA — PROTOTYPE ONLY,43247,Fast Local,16,2.6,41.4,2.8,30.749999999999996,58.0,1.0,16,0,Normal,0.0,Clear,0.22,0,1,0,0,20,1,24,0.24,0.2,1,3.3,35.0,58.8,0.0,0.0,0.0,0,36.7,9994.0,13.7,33,22.6,0,7.8
SIMULATED TRAINING DATA — PROTOTYPE ONLY,43409,MEMU,15,1.2,42.0,2.6,28.699999999999996,52.9,0.5,9,2,Normal,0.5,Clear,0.24,0,0,0,0,0,0,0,0.96,1.1,3,0.6,33.2,66.6,0.0,0.0,0.0,0,18.9,7945.0,13.9,148,21.7,0,3.2
SIMULATED TRAINING DATA — PROTOTYPE ONLY,43203,EMU Local,2,1.8,49.5,1.7,2.05,5.5,1.0,22,3,Normal,0.3,Clear,0.19,0,0,0,0,0,0,0,0.06,0.2,2,1.6,30.4,56.0,0.0,0.0,0.0,0,42.0,9571.0,35.7,143,54.9,2,7.5
SIMULATED TRAINING DATA — PROTOTYPE ONLY,43511,Fast Local,9,0.7,49.5,1.7,16.4,30.2,0.5,15,3,Normal,0.3,Clear,0.44,0,0,0,0,0,0,0,0.39,3.5,2,0.5,28.5,77.7,0.0,0.0,0.0,0,18.7,6829.0,6.3,283,10.4,0,2.5
SIMULATED TRAINING DATA — PROTOTYPE ONLY,43207,EMU Local,7,2.7,26.6,1.8,12.299999999999999,24.8,2.0,18,1,Normal,0.5,Clear,0.13,0,0,0,0,0,0,0,0.86,0.4,3,2.3,34.6,80.1,0.0,0.0,0.0,0,37.1,7804.0,23.0,317,30.0,0,2.5
SIMULATED TRAINING DATA — PROTOTYPE ONLY,43221,EMU Local,4,6.3,45.4,2.8,6.1499999999999995,17.4,0.5,12,5,Warning,6.4,Occupied,0.92,0,0,0,0,0,0,0,0.37,1.3,2,6.4,29.2,64.7,0.0,0.0,0.0,0,43.6,7127.0,27.8,28,45.2,2,11.7
SIMULATED TRAINING DATA — PROTOTYPE ONLY,43215,EMU Local,20,4.3,46.8,1.1,38.949999999999996,74.4,1.5,10,6,Normal,0.0,Clear,0.4,0,0,0,0,0,0,0,0.37,0.6,1,4.3,34.2,80.0,0.0,0.0,0.0,0,50.6,5598.0,11.0,164,14.4,0,1.4
SIMULATED TRAINING DATA — PROTOTYPE ONLY,43407,EMU Local,18,0.5,27.4,2.3,34.849999999999994,63.2,0.5,17,1,Warning,2.2,Occupied,0.99,0,1,0,1,20,1,42,0.8,1.1,3,0.8,33.6,74.7,38.9,38.3,1.2,65,85.0,3492.0,22.6,58,36.3,2,15.2
SIMULATED TRAINING DATA — PROTOTYPE ONLY,66069,EMU Local,21,2.7,55.6,1.5,41.0,76.5,1.5,22,3,Normal,0.1,Clear,0.45,0,0,0,0,0,0,0,0.4,0.3,2,1.2,35.8,74.8,0.0,0.0,0.0,0,40.7,6178.0,34.8,26,46.9,2,5.6
SIMULATED TRAINING DATA — PROTOTYPE ONLY,43435,EMU Local,4,4.8,48.2,1.8,6.1499999999999995,15.9,0.5,23,0,Normal,0.6,Clear,0.38,0,0,0,0,0,0,0,0.26,2.0,2,5.7,28.1,37.5,9.3,7.5,3.9,63,82.4,6312.0,31.7,339,52.0,2,7.9
SIMULATED TRAINING DATA — PROTOTYPE ONLY,43505,EMU Local,13,3.0,75.0,2.5,24.599999999999998,47.3,1.0,19,2,Normal,0.4,Clear,0.13,0,0,0,0,0,0,0,0.58,0.9,1,2.9,29.7,69.7,0.0,0.0,0.0,0,28.1,8765.0,34.1,21,49.4,2,8.2
SIMULATED TRAINING DATA — PROTOTYPE ONLY,43247,EMU Local,1,2.0,41.6,1.2,0.0,2.0,2.0,7,3,Critical,18.0,Restricted,0.62,1,1,0,0,30,1,54,0.68,1.4,2,2.4,31.5,64.8,0.0,0.0,0.0,0,12.3,6707.0,18.7,127,31.4,1,29.1
SIMULATED TRAINING DATA — PROTOTYPE ONLY,43219,EMU Local,3,3.9,59.0,1.9,4.1,11.3,1.0,15,2,Normal,0.7,Clear,0.29,0,0,0,0,0,0,0,0.32,0.3,2,3.7,30.3,70.3,8.1,4.3,0.0,61,86.0,8715.0,25.4,126,31.5,1,2.7
SIMULATED TRAINING DATA — PROTOTYPE ONLY,43217,EMU Local,16,13.8,50.1,2.0,30.749999999999996,69.1,1.0,21,4,Normal,1.0,Clear,0.36,0,1,0,0,20,1,24,0.56,1.8,2,12.5,28.8,66.9,0.0,0.0,0.0,0,15.9,9916.0,11.1,212,13.4,0,9.4
SIMULATED TRAINING DATA — PROTOTYPE ONLY,43237,EMU Local,4,0.4,70.8,2.1,6.1499999999999995,11.5,0.5,11,0,Normal,0.2,Clear,0.45,0,0,0,0,0,0,0,0.36,0.7,1,3.4,28.8,57.6,0.0,0.0,0.0,0,48.0,6629.0,33.5,261,56.5,2,6.8
SIMULATED TRAINING DATA — PROTOTYPE ONLY,43249,EMU Local,16,2.0,27.5,2.0,30.749999999999996,57.4,0.5,20,4,Normal,0.2,Clear,0.45,0,0,0,0,0,0,0,0.53,0.4,1,2.2,26.4,68.0,0.0,0.0,0.0,0,50.7,6179.0,10.0,278,12.5,0,1.5
SIMULATED TRAINING DATA — PROTOTYPE ONLY,43219,MEMU,19,2.1,34.6,2.4,36.9,68.5,1.5,6,3,Normal,0.9,Clear,0.26,0,1,1,0,15,1,119,0.26,0.3,2,0.2,28.4,67.0,9.0,7.5,1.2,63,75.4,8763.0,9.0,97,14.0,1,12.3
SIMULATED TRAINING DATA — PROTOTYPE ONLY,43435,EMU Local,1,3.4,28.0,1.8,0.0,3.4,0.5,7,1,Normal,0.1,Clear,0.2,0,0,0,0,0,0,0,0.27,0.5,2,3.3,34.3,82.8,3.4000000000000004,0.7,0.0,61,85.3,7874.0,31.9,269,45.8,2,3.9
SIMULATED TRAINING DATA — PROTOTYPE ONLY,43425,MEMU,5,0.7,40.8,2.3,8.2,15.5,1.0,13,3,Normal,0.3,Clear,0.2,0,0,1,0,15,1,58,0.27,0.1,1,0.2,35.1,70.3,11.3,10.8,2.5,63,84.7,8980.0,16.8,186,26.7,1,10.9
SIMULATED TRAINING DATA — PROTOTYPE ONLY,43511,EMU Local,19,0.8,25.1,2.3,36.9,67.2,1.0,19,4,Normal,0.1,Clear,0.41,0,1,0,0,15,1,85,0.78,0.1,5,0.6,32.7,65.1,0.0,0.0,0.0,0,57.0,5792.0,29.3,195,37.4,1,14.9
SIMULATED TRAINING DATA — PROTOTYPE ONLY,43425,EMU Local,11,1.3,19.1,2.3,20.5,38.2,0.5,23,2,Warning,6.4,Occupied,0.73,0,0,0,0,0,0,0,0.17,2.9,1,0.0,30.5,57.0,0.0,0.0,0.0,0,56.0,8275.0,37.1,230,57.4,2,12.2
SIMULATED TRAINING DATA — PROTOTYPE ONLY,43205,EMU Local,13,12.5,10.0,2.4,24.599999999999998,56.8,0.5,5,5,Normal,0.3,Clear,0.13,0,0,0,0,0,0,0,0.4,3.7,2,12.5,31.1,98.0,0.0,0.0,0.0,2,42.1,8603.0,16.3,251,20.0,0,2.1
SIMULATED TRAINING DATA — PROTOTYPE ONLY,43425,EMU Local,20,5.3,9.0,2.3,38.949999999999996,75.4,0.5,15,5,Normal,0.1,Clear,0.11,0,1,0,0,15,1,93,0.28,0.9,1,4.3,37.1,83.9,0.0,0.0,0.0,0,48.7,5670.0,36.2,276,59.5,2,16.0
SIMULATED TRAINING DATA — PROTOTYPE ONLY,43223,EMU Local,5,4.3,51.8,2.0,8.2,19.1,0.5,19,3,Warning,5.3,Occupied,0.63,0,0,0,0,0,0,0,0.89,0.9,3,6.1,34.9,74.0,0.0,0.0,0.0,0,19.9,5769.0,13.6,210,21.2,0,7.5
SIMULATED TRAINING DATA — PROTOTYPE ONLY,43247,MEMU,21,6.8,35.2,1.3,41.0,80.6,1.5,13,6,Normal,0.1,Clear,0.25,0,1,0,0,30,1,75,0.31,0.3,1,6.7,21.0,55.0,9.299999999999999,8.2,1.2,63,92.6,9700.0,30.6,152,42.3,1,6.6
SIMULATED TRAINING DATA — PROTOTYPE ONLY,43511,EMU Local,4,0.5,23.5,2.9,6.1499999999999995,11.6,1.0,8,1,Normal,1.4,Clear,0.21,0,0,0,0,0,0,0,0.57,1.2,1,1.4,28.1,53.8,0.0,0.0,0.0,0,27.0,5950.0,23.3,248,29.4,0,3.6
SIMULATED TRAINING DATA — PROTOTYPE ONLY,43249,MEMU,4,7.8,32.1,3.1,6.1499999999999995,18.9,0.5,15,4,Normal,0.2,Clear,0.18,0,0,0,0,0,0,0,0.3,0.5,2,8.9,29.4,92.1,5.699999999999999,1.4,0.0,61,73.4,8434.0,30.5,240,43.1,1,3.4
SIMULATED TRAINING DATA — PROTOTYPE ONLY,66015,MEMU,4,3.6,34.1,1.9,6.1499999999999995,14.7,0.5,6,3,Normal,0.5,Clear,0.24,0,0,0,0,0,0,0,0.33,1.5,2,4.1,37.6,91.3,0.0,0.0,0.0,2,54.5,7718.0,12.9,127,19.6,0,0.9
SIMULATED TRAINING DATA — PROTOTYPE ONLY,43211,Fast Local,4,1.6,27.5,2.4,6.1499999999999995,12.7,1.0,15,4,Normal,0.2,Clear,0.49,0,1,0,0,20,1,104,0.1,0.2,1,1.8,34.0,75.3,0.0,0.0,0.0,0,30.1,9137.0,30.8,39,47.6,2,12.1
SIMULATED TRAINING DATA — PROTOTYPE ONLY,43223,Fast Local,20,6.8,66.1,1.8,38.949999999999996,76.9,0.5,4,4,Warning,6.1,Occupied,0.84,0,0,0,0,0,0,0,0.26,2.8,1,8.1,25.7,62.3,0.0,0.0,0.0,0,33.9,5252.0,28.8,82,42.1,1,9.5
SIMULATED TRAINING DATA — PROTOTYPE ONLY,43501,EMU Local,21,6.5,63.3,1.7,41.0,80.3,0.5,5,0,Normal,1.1,Clear,0.23,0,0,0,0,0,0,0,0.27,0.3,1,5.8,34.3,65.4,0.0,0.0,0.0,0,21.5,5072.0,8.4,332,11.5,0,0.3
SIMULATED TRAINING DATA — PROTOTYPE ONLY,43425,EMU Local,18,7.5,65.8,2.1,34.849999999999994,70.2,0.5,14,5,Normal,0.8,Clear,0.49,0,0,0,0,0,0,0,0.45,0.0,2,8.4,43.0,61.6,0.0,0.0,0.0,0,53.9,8752.0,25.5,21,33.0,1,5.9
SIMULATED TRAINING DATA — PROTOTYPE ONLY,43425,EMU Local,18,0.5,44.7,3.8,34.849999999999994,63.2,1.5,15,6,Critical,8.3,Restricted,0.91,1,0,1,1,20,1,108,0.05,0.2,1,0.0,34.8,96.9,0.0,0.0,0.0,2,16.9,9392.0,17.7,155,23.3,0,21.6
SIMULATED TRAINING DATA — PROTOTYPE ONLY,43501,EMU Local,16,13.9,46.2,3.1,30.749999999999996,69.2,0.5,10,5,Critical,10.1,Restricted,0.89,1,0,0,1,0,1,61,0.57,8.8,2,14.0,28.0,69.6,0.0,0.0,0.0,0,55.9,8166.0,33.8,8,54.5,2,26.7
SIMULATED TRAINING DATA — PROTOTYPE ONLY,43409,EMU Local,9,12.8,32.2,3.0,16.4,42.3,0.5,4,2,Normal,1.3,Clear,0.18,0,1,0,0,30,1,81,0.19,1.3,2,11.3,37.5,81.7,0.0,0.0,0.0,0,40.9,6918.0,16.0,272,25.6,0,7.3
SIMULATED TRAINING DATA — PROTOTYPE ONLY,43201,MEMU,18,1.8,29.3,2.4,34.849999999999994,64.5,2.0,16,6,Normal,0.5,Clear,0.43,0,0,0,0,0,0,0,0.43,0.0,2,0.2,32.8,83.4,12.6,9.2,1.9,63,98.9,7210.0,28.5,161,41.4,1,4.2
SIMULATED TRAINING DATA — PROTOTYPE ONLY,43251,EMU Local,2,0.3,42.3,1.5,2.05,4.0,0.5,16,0,Normal,1.0,Clear,0.24,0,1,0,0,15,1,43,0.18,0.5,1,0.2,28.8,56.6,12.0,4.4,0.0,61,76.7,8886.0,24.6,260,39.6,1,10.5
SIMULATED TRAINING DATA — PROTOTYPE ONLY,43247,EMU Local,21,0.7,51.8,2.7,41.0,74.5,1.5,5,5,Normal,0.6,Clear,0.18,0,0,0,0,0,0,0,0.59,1.2,1,2.0,31.7,72.9,0.0,0.0,0.0,0,15.1,7578.0,25.4,286,43.0,1,5.2
SIMULATED TRAINING DATA — PROTOTYPE ONLY,43227,EMU Local,4,19.8,59.9,1.0,6.1499999999999995,30.9,0.5,13,4,Warning,3.3,Occupied,0.94,0,0,1,0,20,1,39,0.44,2.3,2,19.6,30.5,68.6,0.0,0.0,0.0,0,39.7,8435.0,9.5,104,12.1,0,8.4
SIMULATED TRAINING DATA — PROTOTYPE ONLY,43215,EMU Local,12,3.3,33.8,2.3,22.549999999999997,43.9,0.5,4,1,Normal,0.5,Clear,0.19,0,0,0,0,0,0,0,0.4,0.4,2,5.3,28.7,87.5,0.0,0.0,0.0,2,50.3,9742.0,12.9,117,17.4,0,2.0
SIMULATED TRAINING DATA — PROTOTYPE ONLY,43423,EMU Local,7,1.8,23.2,2.8,12.299999999999999,23.9,0.5,10,1,Normal,0.0,Clear,0.5,0,0,1,0,20,1,61,0.42,0.4,1,2.3,26.6,79.2,0.0,0.0,0.0,0,42.6,6372.0,26.3,220,41.4,1,11.3
SIMULATED TRAINING DATA — PROTOTYPE ONLY,43207,Fast Local,15,1.4,53.0,2.2,28.699999999999996,53.1,0.5,16,0,Normal,0.6,Clear,0.14,0,0,1,0,20,1,83,0.33,0.4,2,1.2,29.1,71.4,0.0,0.0,0.0,0,18.3,5781.0,6.2,70,9.8,0,7.7
SIMULATED TRAINING DATA — PROTOTYPE ONLY,43407,EMU Local,7,1.2,14.7,3.1,12.299999999999999,23.3,0.5,5,1,Normal,0.3,Clear,0.1,0,1,0,0,30,1,77,0.19,0.2,2,3.0,31.3,73.8,7.4,2.2,0.0,61,94.7,9249.0,34.6,305,47.8,2,11.7
SIMULATED TRAINING DATA — PROTOTYPE ONLY,43223,EMU Local,21,4.4,41.4,1.2,41.0,78.2,0.5,23,4,Normal,0.1,Clear,0.45,0,0,0,0,0,0,0,0.46,0.0,2,6.0,34.7,63.8,0.0,0.0,0.0,0,51.4,8479.0,28.7,161,38.3,1,3.4
SIMULATED TRAINING DATA — PROTOTYPE ONLY,43501,EMU Local,17,2.2,43.3,3.1,32.8,61.2,0.5,10,6,Warning,2.9,Occupied,0.94,0,0,0,0,0,0,0,0.55,1.9,2,0.6,26.4,60.6,0.0,0.0,0.0,0,53.0,7416.0,7.5,358,9.4,0,4.3
SIMULATED TRAINING DATA — PROTOTYPE ONLY,43215,EMU Local,16,13.5,36.3,2.0,30.749999999999996,68.8,0.5,20,3,Normal,1.2,Clear,0.27,0,0,0,0,0,0,0,0.73,2.4,4,13.5,26.0,62.9,0.0,0.0,0.0,0,47.3,7844.0,24.3,208,31.3,1,7.2
SIMULATED TRAINING DATA — PROTOTYPE ONLY,43245,EMU Local,19,4.6,18.8,3.0,36.9,71.0,1.0,8,4,Normal,1.1,Clear,0.13,0,0,0,0,0,0,0,0.88,5.9,4,5.2,31.9,77.9,0.0,0.0,0.0,0,28.3,9548.0,37.8,124,62.0,2,12.4
SIMULATED TRAINING DATA — PROTOTYPE ONLY,43403,EMU Local,9,6.3,36.5,2.7,16.4,35.8,1.0,14,5,Warning,4.8,Occupied,0.88,0,1,0,0,15,1,50,0.33,1.4,1,7.2,30.2,83.0,0.0,0.0,0.0,0,59.0,9786.0,7.9,259,12.0,0,15.2
SIMULATED TRAINING DATA — PROTOTYPE ONLY,43251,EMU Local,14,1.4,66.6,3.0,26.65,49.4,1.5,14,3,Normal,0.6,Clear,0.26,0,0,0,0,0,0,0,0.11,0.4,1,2.1,29.9,79.6,0.0,0.0,0.0,0,50.8,5057.0,5.8,45,9.0,0,0.8
SIMULATED TRAINING DATA — PROTOTYPE ONLY,43249,EMU Local,17,0.3,50.9,2.7,32.8,59.3,1.0,14,1,Normal,0.5,Clear,0.29,0,1,0,0,30,1,102,0.39,0.4,1,0.1,27.8,53.2,4.9,3.0,0.0,61,78.5,8622.0,16.8,279,21.0,0,6.3
SIMULATED TRAINING DATA — PROTOTYPE ONLY,43205,EMU Local,5,2.7,59.4,2.5,8.2,17.5,1.5,20,6,Normal,0.1,Clear,0.35,0,0,0,0,0,0,0,0.83,3.9,4,2.3,28.0,75.9,0.0,0.0,0.0,0,52.5,9874.0,20.6,57,31.0,1,4.3
SIMULATED TRAINING DATA — PROTOTYPE ONLY,43227,EMU Local,2,1.5,23.7,2.9,2.05,5.2,0.5,22,2,Normal,1.2,Clear,0.36,0,0,0,0,0,0,0,0.37,2.5,1,1.4,27.0,79.4,0.0,0.0,0.0,0,46.6,5936.0,23.4,158,38.1,1,5.1
SIMULATED TRAINING DATA — PROTOTYPE ONLY,43245,EMU Local,20,0.9,45.8,2.1,38.949999999999996,71.0,0.5,11,2,Normal,1.1,Clear,0.48,0,1,0,0,15,1,28,0.53,1.1,2,0.0,24.3,92.5,0.0,0.0,0.0,2,35.2,5896.0,20.0,267,24.2,0,10.3
SIMULATED TRAINING DATA — PROTOTYPE ONLY,43511,EMU Local,16,12.2,43.3,2.5,30.749999999999996,67.6,0.5,23,4,Warning,6.4,Occupied,0.73,0,0,0,0,0,0,0,0.49,1.3,1,10.6,32.8,56.0,0.0,0.0,0.0,0,32.3,5627.0,26.4,343,33.6,1,8.6
SIMULATED TRAINING DATA — PROTOTYPE ONLY,43203,EMU Local,14,2.3,43.6,2.1,26.65,50.3,1.0,17,4,Normal,1.3,Clear,0.24,0,0,0,0,0,0,0,0.93,5.0,4,2.9,33.5,84.9,19.0,17.7,3.2,65,93.3,3102.0,30.6,58,36.9,2,12.3
SIMULATED TRAINING DATA — PROTOTYPE ONLY,43211,Fast Local,14,0.8,50.3,1.7,26.65,48.8,1.5,13,1,Normal,0.4,Clear,0.23,0,0,0,0,0,0,0,0.16,0.4,2,1.5,38.2,91.1,7.0,6.4,1.7,63,84.8,8902.0,7.0,328,11.2,1,3.8
SIMULATED TRAINING DATA — PROTOTYPE ONLY,43425,EMU Local,1,0.9,44.2,2.4,0.0,0.9,1.0,10,2,Normal,0.3,Clear,0.29,0,0,0,0,0,0,0,0.8,3.1,5,3.0,33.9,58.9,0.0,0.0,0.0,0,55.0,7705.0,18.9,4,24.1,0,5.0
SIMULATED TRAINING DATA — PROTOTYPE ONLY,43215,EMU Local,3,1.3,24.2,2.2,4.1,8.7,0.5,5,2,Normal,1.7,Clear,0.2,0,0,0,0,0,0,0,0.21,0.2,2,0.6,31.4,79.8,1.7000000000000002,0.9,0.0,61,79.2,6935.0,9.8,96,12.3,0,2.2
SIMULATED TRAINING DATA — PROTOTYPE ONLY,43219,EMU Local,7,29.2,51.2,2.9,12.299999999999999,51.3,1.0,20,4,Normal,0.3,Clear,0.25,0,0,0,0,0,0,0,0.46,1.4,2,29.6,33.4,51.7,0.0,0.0,0.0,0,49.0,7867.0,26.5,239,33.6,1,4.5
SIMULATED TRAINING DATA — PROTOTYPE ONLY,43205,EMU Local,15,1.2,54.6,2.0,28.699999999999996,52.9,0.5,4,5,Normal,0.5,Clear,0.44,0,0,1,1,15,1,101,0.36,0.0,2,0.9,30.0,71.7,0.0,0.0,0.0,0,22.0,6754.0,27.2,54,38.4,1,12.0
SIMULATED TRAINING DATA — PROTOTYPE ONLY,43227,EMU Local,19,1.6,61.8,1.6,36.9,68.0,0.5,16,2,Warning,2.1,Occupied,0.72,0,0,1,0,30,1,49,0.07,0.1,2,1.4,28.1,59.5,0.0,0.0,0.0,0,33.5,7538.0,31.9,172,52.6,2,10.4
SIMULATED TRAINING DATA — PROTOTYPE ONLY,43423,EMU Local,20,4.3,62.5,2.8,38.949999999999996,74.4,1.0,22,4,Normal,0.5,Clear,0.35,0,1,0,0,20,1,48,0.64,5.7,1,3.5,34.1,80.2,0.0,0.0,0.0,0,14.3,7356.0,33.1,340,43.5,1,12.7
SIMULATED TRAINING DATA — PROTOTYPE ONLY,43245,Fast Local,2,1.4,49.1,2.1,2.05,5.1,0.5,17,0,Normal,0.6,Clear,0.33,0,0,1,0,20,1,99,0.48,1.5,1,1.5,32.8,71.4,0.0,0.0,0.0,0,34.8,9580.0,37.9,196,52.3,2,14.6
SIMULATED TRAINING DATA — PROTOTYPE ONLY,43213,EMU Local,19,1.0,24.9,1.6,36.9,67.4,0.5,21,2,Normal,0.5,Clear,0.27,0,1,0,0,20,1,116,0.06,0.1,2,2.7,26.4,67.8,0.0,0.0,0.0,0,36.4,7667.0,7.2,199,9.5,0,6.3
SIMULATED TRAINING DATA — PROTOTYPE ONLY,43435,EMU Local,9,0.7,19.1,2.9,16.4,30.2,1.0,23,3,Warning,4.9,Occupied,0.94,0,0,0,0,0,0,0,0.41,1.1,1,0.2,31.3,79.3,0.0,0.0,0.0,0,19.0,8296.0,33.1,291,47.8,2,9.7
SIMULATED TRAINING DATA — PROTOTYPE ONLY,43205,EMU Local,19,1.5,38.6,2.7,36.9,67.9,1.0,17,6,Normal,0.2,Clear,0.42,0,0,0,0,0,0,0,0.74,0.0,3,2.0,28.2,61.8,0.0,0.0,0.0,0,26.2,6481.0,35.8,269,52.3,2,7.8
SIMULATED TRAINING DATA — PROTOTYPE ONLY,43409,EMU Local,5,0.4,55.8,3.2,8.2,15.2,0.5,18,1,Normal,0.5,Clear,0.4,0,0,0,0,0,0,0,0.8,1.7,5,0.0,35.2,72.2,0.0,0.0,0.0,0,20.6,6811.0,36.0,131,45.2,2,9.5
SIMULATED TRAINING DATA — PROTOTYPE ONLY,43217,EMU Local,18,0.1,54.8,1.9,34.849999999999994,62.8,0.5,17,6,Normal,1.2,Clear,0.11,0,0,0,0,0,0,0,0.7,0.4,2,0.0,29.8,80.3,0.0,0.0,0.0,0,31.5,9884.0,6.2,35,10.5,0,4.1
SIMULATED TRAINING DATA — PROTOTYPE ONLY,43247,EMU Local,16,6.5,46.1,1.8,30.749999999999996,61.8,2.0,8,4,Normal,0.0,Clear,0.39,0,1,0,0,15,1,108,0.61,4.2,2,6.3,38.3,68.0,0.0,0.0,0.0,0,41.9,8046.0,26.8,316,45.0,1,11.7
SIMULATED TRAINING DATA — PROTOTYPE ONLY,43213,MEMU,4,0.6,41.5,1.4,6.1499999999999995,11.7,0.5,19,2,Normal,0.1,Clear,0.39,0,0,0,0,0,0,0,0.84,1.6,4,2.9,36.2,73.6,0.0,0.0,0.0,0,17.1,6499.0,33.4,135,46.4,2,9.3
SIMULATED TRAINING DATA — PROTOTYPE ONLY,43247,EMU Local,12,6.0,70.6,1.8,22.549999999999997,46.6,0.5,8,2,Warning,2.6,Occupied,0.64,0,1,0,0,20,1,66,0.45,0.4,1,5.0,27.1,68.9,0.0,0.0,0.0,0,29.7,5355.0,11.2,353,17.5,0,8.4
SIMULATED TRAINING DATA — PROTOTYPE ONLY,43221,EMU Local,7,6.4,50.6,1.9,12.299999999999999,28.5,0.5,16,5,Critical,9.2,Restricted,0.87,1,0,0,0,0,0,0,0.45,1.1,2,5.2,28.8,89.2,0.0,0.0,0.0,2,37.3,8036.0,24.0,32,38.2,1,18.2
SIMULATED TRAINING DATA — PROTOTYPE ONLY,43205,Fast Local,14,3.1,40.7,2.5,26.65,51.1,1.0,19,4,Normal,0.5,Clear,0.42,0,1,0,0,15,1,101,0.48,0.8,1,2.0,34.2,88.9,0.0,0.0,0.0,2,49.9,5416.0,20.2,61,33.1,1,13.4
SIMULATED TRAINING DATA — PROTOTYPE ONLY,43211,EMU Local,12,1.5,32.3,1.5,22.549999999999997,42.1,0.5,18,3,Normal,1.5,Clear,0.32,0,0,0,1,0,1,98,0.75,1.6,3,3.7,31.7,71.0,0.0,0.0,0.0,0,41.1,5809.0,11.1,143,15.3,0,7.7
SIMULATED TRAINING DATA — PROTOTYPE ONLY,43215,Fast Local,3,0.6,26.9,1.7,4.1,8.0,0.5,8,2,Normal,0.4,Clear,0.43,0,0,0,0,0,0,0,0.83,3.8,4,1.9,30.4,70.6,5.0,1.5,0.0,61,88.8,6080.0,17.9,211,29.8,0,4.0
SIMULATED TRAINING DATA — PROTOTYPE ONLY,43425,EMU Local,5,5.3,25.4,3.1,8.2,20.1,0.5,9,0,Normal,0.3,Clear,0.17,0,1,0,0,15,1,101,0.9,2.2,5,6.1,31.7,59.9,0.0,0.0,0.0,0,13.5,8205.0,15.0,273,19.6,0,13.4
SIMULATED TRAINING DATA — PROTOTYPE ONLY,43425,Fast Local,17,3.7,26.9,1.0,32.8,62.7,0.5,16,1,Normal,0.8,Clear,0.11,0,0,0,0,0,0,0,0.07,0.6,2,5.3,31.0,98.0,0.0,0.0,0.0,2,19.3,7016.0,33.0,99,55.7,2,5.8
SIMULATED TRAINING DATA — PROTOTYPE ONLY,43215,EMU Local,10,4.3,46.2,2.4,18.45,37.5,0.5,19,4,Normal,0.1,Clear,0.16,0,0,1,0,15,1,76,0.88,0.9,5,5.4,35.5,81.4,0.0,0.0,0.0,0,56.3,8655.0,29.2,168,40.1,1,14.1
SIMULATED TRAINING DATA — PROTOTYPE ONLY,43223,MEMU,10,0.0,41.7,1.3,18.45,33.2,1.0,13,2,Normal,0.2,Clear,0.28,0,0,0,0,0,0,0,0.24,0.3,1,0.0,30.4,82.8,0.0,0.0,0.0,0,43.1,6105.0,5.2,19,6.5,0,1.4
SIMULATED TRAINING DATA — PROTOTYPE ONLY,43403,Fast Local,11,10.5,37.1,1.6,20.5,47.4,1.5,5,6,Normal,0.3,Clear,0.31,0,1,0,0,15,1,54,0.25,1.3,2,10.0,33.4,89.1,0.0,0.0,0.0,2,30.6,9421.0,23.4,205,29.3,0,9.1
SIMULATED TRAINING DATA — PROTOTYPE ONLY,43401,EMU Local,17,0.3,53.0,3.0,32.8,59.3,1.5,16,5,Normal,0.2,Clear,0.44,0,0,0,0,0,0,0,0.18,1.0,2,1.5,33.4,71.4,7.8999999999999995,7.6,2.9,63,75.4,6062.0,6.1,336,9.6,1,3.8
SIMULATED TRAINING DATA — PROTOTYPE ONLY,43501,Fast Local,5,1.8,69.1,2.1,8.2,16.6,1.0,20,5,Normal,0.2,Clear,0.39,0,0,0,0,0,0,0,0.61,8.0,1,1.9,36.5,68.8,0.0,0.0,0.0,0,47.4,5166.0,35.4,262,47.6,2,7.6
SIMULATED TRAINING DATA — PROTOTYPE ONLY,43247,EMU Local,13,2.1,29.6,3.7,24.599999999999998,46.4,1.0,4,1,Normal,0.0,Clear,0.5,0,0,0,1,0,1,32,0.27,0.9,1,1.0,31.2,89.9,0.0,0.0,0.0,2,54.4,7258.0,6.3,208,7.8,0,3.9
SIMULATED TRAINING DATA — PROTOTYPE ONLY,43247,EMU Local,10,0.0,31.9,2.5,18.45,33.2,1.0,7,4,Normal,0.1,Clear,0.13,0,0,0,0,0,0,0,0.22,0.7,2,0.6,32.1,65.5,13.0,11.0,1.7,63,82.6,5620.0,11.1,128,14.0,1,2.0
SIMULATED TRAINING DATA — PROTOTYPE ONLY,43205,EMU Local,9,2.7,8.7,1.6,16.4,32.2,1.0,21,4,Normal,0.2,Clear,0.15,0,0,0,0,0,0,0,0.17,0.5,2,2.3,33.0,69.8,0.0,0.0,0.0,0,16.6,7129.0,11.7,296,19.4,0,0.6
SIMULATED TRAINING DATA — PROTOTYPE ONLY,43511,EMU Local,17,5.6,41.6,2.4,32.8,64.6,1.0,9,4,Normal,0.8,Clear,0.13,0,0,0,0,0,0,0,0.73,1.1,5,6.9,28.9,75.7,8.3,6.0,2.3,63,90.0,9850.0,31.5,220,40.6,1,4.5
SIMULATED TRAINING DATA — PROTOTYPE ONLY,43425,EMU Local,1,6.9,40.1,2.8,0.0,6.9,0.5,15,3,Warning,3.1,Occupied,0.81,0,0,0,0,0,0,0,0.06,0.1,1,5.7,30.9,59.0,0.0,0.0,0.0,0,30.1,9004.0,20.4,352,29.7,0,4.3
SIMULATED TRAINING DATA — PROTOTYPE ONLY,43505,EMU Local,4,8.5,55.4,2.4,6.1499999999999995,19.6,0.5,23,0,Normal,0.2,Clear,0.21,0,0,1,0,15,1,95,0.07,0.1,1,9.2,27.9,81.6,5.199999999999999,2.8,0.0,61,97.3,7305.0,10.5,102,17.6,0,9.7
SIMULATED TRAINING DATA — PROTOTYPE ONLY,43227,EMU Local,4,2.7,40.7,2.0,6.1499999999999995,13.8,2.0,16,5,Normal,0.0,Clear,0.37,0,0,0,0,0,0,0,0.18,0.6,1,2.9,34.2,78.6,6.9,1.4,0.0,61,71.3,8643.0,9.6,323,14.5,0,1.1
SIMULATED TRAINING DATA — PROTOTYPE ONLY,43205,MEMU,18,4.0,33.2,1.1,34.849999999999994,66.7,2.0,5,4,Normal,0.4,Clear,0.15,0,0,1,0,20,1,113,0.29,1.9,1,4.2,37.8,65.5,0.0,0.0,0.0,0,26.3,7128.0,17.4,34,29.5,0,5.7
SIMULATED TRAINING DATA — PROTOTYPE ONLY,43401,MEMU,9,0.3,44.9,1.9,16.4,29.8,1.0,20,3,Normal,0.5,Clear,0.14,0,0,0,0,0,0,0,0.94,3.3,3,0.6,23.9,86.0,13.2,11.0,1.9,63,90.4,5005.0,23.7,260,32.6,1,5.6
SIMULATED TRAINING DATA — PROTOTYPE ONLY,43201,EMU Local,18,2.7,50.4,3.1,34.849999999999994,65.4,2.0,13,4,Normal,1.0,Clear,0.28,0,0,0,0,0,0,0,0.45,1.0,1,2.5,35.5,57.9,0.0,0.0,0.0,0,35.5,9004.0,31.3,143,50.6,2,8.3
SIMULATED TRAINING DATA — PROTOTYPE ONLY,43221,EMU Local,14,0.7,17.7,1.6,26.65,48.7,1.0,22,4,Normal,0.9,Clear,0.25,0,0,1,0,15,1,33,0.19,0.0,1,1.3,31.3,67.6,0.0,0.0,0.0,0,14.0,8813.0,30.6,170,40.8,1,8.9
SIMULATED TRAINING DATA — PROTOTYPE ONLY,43249,EMU Local,15,1.8,57.1,1.9,28.699999999999996,53.5,1.0,8,3,Normal,0.2,Clear,0.43,0,1,0,0,15,1,37,0.57,0.6,2,2.1,36.5,89.9,0.0,0.0,0.0,2,51.4,9588.0,6.3,257,8.8,0,9.4
SIMULATED TRAINING DATA — PROTOTYPE ONLY,43505,EMU Local,6,1.6,61.6,2.7,10.25,20.0,0.5,15,0,Normal,0.1,Clear,0.44,0,0,0,0,0,0,0,0.07,0.5,2,1.7,32.5,70.4,11.5,7.7,2.2,63,79.0,5576.0,26.4,225,35.4,1,1.5
SIMULATED TRAINING DATA — PROTOTYPE ONLY,43425,EMU Local,10,2.2,50.2,2.5,18.45,35.4,1.0,21,1,Normal,0.1,Clear,0.15,0,0,0,0,0,0,0,0.31,0.5,1,3.6,35.4,54.2,0.0,0.0,0.0,0,57.1,9064.0,5.5,141,7.2,0,0.2
SIMULATED TRAINING DATA — PROTOTYPE ONLY,43219,EMU Local,15,3.4,28.0,1.3,28.699999999999996,55.1,1.0,12,5,Normal,1.7,Clear,0.42,0,0,0,0,0,0,0,0.34,2.6,2,1.8,31.1,74.9,0.0,0.0,0.0,0,34.9,9048.0,23.8,214,33.1,1,6.5
SIMULATED TRAINING DATA — PROTOTYPE ONLY,43425,EMU Local,4,9.3,37.1,2.0,6.1499999999999995,20.4,2.0,14,2,Normal,0.6,Clear,0.33,0,0,0,0,0,0,0,0.3,0.3,1,10.0,31.7,68.6,0.0,0.0,0.0,0,34.1,6818.0,10.8,180,14.1,0,2.7
SIMULATED TRAINING DATA — PROTOTYPE ONLY,43251,Fast Local,18,2.0,59.7,2.9,34.849999999999994,64.7,0.5,7,6,Normal,0.0,Clear,0.3,0,0,0,0,0,0,0,0.23,0.7,1,2.3,35.4,78.3,0.0,0.0,0.0,0,52.1,7012.0,33.4,191,55.1,2,4.5
SIMULATED TRAINING DATA — PROTOTYPE ONLY,43501,EMU Local,18,15.9,27.3,2.1,34.849999999999994,78.6,1.0,13,4,Warning,6.8,Occupied,0.8,0,1,0,0,30,1,73,0.39,4.5,2,16.5,41.3,85.2,0.0,0.0,0.0,2,37.3,7102.0,17.7,63,24.9,0,13.2
SIMULATED TRAINING DATA — PROTOTYPE ONLY,43237,EMU Local,17,5.7,51.4,3.0,32.8,64.7,1.0,4,0,Normal,0.3,Clear,0.4,0,0,0,0,0,0,0,0.48,1.4,2,6.4,29.4,71.2,0.0,0.0,0.0,0,31.1,6772.0,32.8,166,47.4,2,2.9
SIMULATED TRAINING DATA — PROTOTYPE ONLY,43205,EMU Local,12,2.9,41.2,3.0,22.549999999999997,43.5,0.5,5,5,Critical,13.8,Restricted,0.7,1,0,0,0,0,0,0,0.33,0.3,2,3.7,32.0,43.5,0.0,0.0,0.0,0,20.2,7908.0,35.2,172,55.1,2,23.5
SIMULATED TRAINING DATA — PROTOTYPE ONLY,43407,EMU Local,7,4.1,44.4,1.5,12.299999999999999,26.2,0.5,12,2,Normal,0.8,Clear,0.21,0,1,0,0,20,1,115,0.28,0.3,2,3.6,28.6,78.7,0.0,0.0,0.0,0,46.5,7573.0,18.2,52,29.5,0,7.3
SIMULATED TRAINING DATA — PROTOTYPE ONLY,43401,EMU Local,16,0.4,29.5,1.9,30.749999999999996,55.7,1.0,21,4,Normal,0.4,Clear,0.14,0,0,0,0,0,0,0,0.05,0.0,2,0.0,30.5,59.9,0.0,0.0,0.0,0,35.0,7880.0,24.6,80,39.1,1,1.3
SIMULATED TRAINING DATA — PROTOTYPE ONLY,43215,EMU Local,11,7.4,47.0,2.5,20.5,44.3,0.5,19,6,Normal,0.5,Clear,0.31,0,0,0,0,0,0,0,0.6,0.0,1,8.0,29.4,78.1,0.0,0.0,0.0,0,35.3,8003.0,35.7,80,53.9,2,8.3
SIMULATED TRAINING DATA — PROTOTYPE ONLY,43237,EMU Local,14,3.5,45.9,1.2,26.65,51.5,1.0,17,2,Normal,0.3,Clear,0.36,0,0,0,0,0,0,0,0.92,3.8,4,5.3,27.5,82.4,0.0,0.0,0.0,0,22.7,8469.0,13.1,141,15.9,0,4.0
SIMULATED TRAINING DATA — PROTOTYPE ONLY,43215,EMU Local,3,17.1,19.4,2.0,4.1,24.5,0.5,7,3,Warning,5.3,Occupied,0.69,0,0,0,0,0,0,0,0.05,0.3,2,16.9,33.5,84.8,0.0,0.0,0.0,0,17.2,6475.0,7.9,166,9.6,0,5.5
SIMULATED TRAINING DATA — PROTOTYPE ONLY,43511,Fast Local,19,4.0,41.9,2.4,36.9,70.4,0.5,5,6,Normal,0.4,Clear,0.39,0,0,0,0,0,0,0,0.06,0.4,2,2.8,32.3,82.2,0.0,0.0,0.0,0,25.8,5949.0,22.1,123,28.7,0,0.0
SIMULATED TRAINING DATA — PROTOTYPE ONLY,43201,Fast Local,18,7.2,51.2,1.7,34.849999999999994,69.9,0.5,15,5,Normal,0.6,Clear,0.48,0,0,0,0,0,0,0,0.25,0.1,2,8.1,27.9,68.3,0.0,0.0,0.0,0,50.3,7647.0,23.2,25,38.8,1,0.0
SIMULATED TRAINING DATA — PROTOTYPE ONLY,43217,EMU Local,10,6.4,36.2,2.5,18.45,39.6,0.5,23,0,Normal,0.2,Clear,0.4,0,1,0,0,15,1,92,0.14,1.4,2,5.4,26.8,70.6,0.0,0.0,0.0,0,41.3,7158.0,19.3,223,27.1,0,10.2
SIMULATED TRAINING DATA — PROTOTYPE ONLY,43435,EMU Local,6,1.7,5.3,1.7,10.25,20.2,0.5,8,0,Normal,0.4,Clear,0.22,0,0,0,0,0,0,0,0.81,2.7,5,2.1,35.0,77.1,0.0,0.0,0.0,0,27.6,8564.0,37.0,29,51.9,2,8.2
SIMULATED TRAINING DATA — PROTOTYPE ONLY,43251,EMU Local,13,1.2,40.3,1.7,24.599999999999998,45.5,2.0,7,5,Normal,0.9,Clear,0.32,0,0,0,0,0,0,0,0.48,0.2,2,0.0,29.5,81.8,7.6000000000000005,7.2,2.2,63,76.4,7846.0,18.9,183,27.9,1,2.7
SIMULATED TRAINING DATA — PROTOTYPE ONLY,43251,EMU Local,10,2.3,64.0,2.5,18.45,35.5,0.5,18,1,Normal,0.1,Clear,0.28,0,0,0,0,0,0,0,0.62,0.2,1,2.0,40.5,60.1,0.0,0.0,0.0,0,10.2,8464.0,23.4,310,34.1,1,3.5
SIMULATED TRAINING DATA — PROTOTYPE ONLY,43239,EMU Local,18,2.5,36.8,2.9,34.849999999999994,65.2,1.5,6,1,Normal,0.4,Clear,0.33,0,0,0,0,0,0,0,0.05,0.1,2,2.5,31.2,83.1,0.0,0.0,0.0,0,11.5,5970.0,6.9,35,10.3,0,1.2
SIMULATED TRAINING DATA — PROTOTYPE ONLY,43221,EMU Local,20,1.1,63.4,1.7,38.949999999999996,71.2,2.0,20,2,Normal,0.2,Clear,0.33,0,0,1,0,20,1,98,0.88,0.9,4,0.7,31.7,50.2,0.0,0.0,0.0,0,34.0,9953.0,6.4,12,9.3,0,6.4
SIMULATED TRAINING DATA — PROTOTYPE ONLY,43237,EMU Local,16,9.0,29.8,1.4,30.749999999999996,64.4,1.5,11,3,Normal,0.6,Clear,0.38,0,0,0,0,0,0,0,0.14,0.1,1,9.3,30.6,47.0,0.0,0.0,0.0,0,22.8,6148.0,24.2,76,32.6,1,1.6
SIMULATED TRAINING DATA — PROTOTYPE ONLY,43211,EMU Local,6,3.1,24.6,2.1,10.25,21.6,0.5,15,2,Warning,3.3,Occupied,0.75,0,0,0,0,0,0,0,0.32,0.0,1,3.5,25.9,52.2,0.0,0.0,0.0,0,56.8,6989.0,35.3,217,43.7,1,5.8
SIMULATED TRAINING DATA — PROTOTYPE ONLY,66069,EMU Local,13,15.3,41.9,2.4,24.599999999999998,59.6,1.0,11,4,Warning,5.2,Occupied,0.81,0,1,0,0,30,1,64,0.15,0.3,1,14.7,25.8,78.2,0.0,0.0,0.0,0,37.9,8597.0,32.1,100,48.6,2,13.1
SIMULATED TRAINING DATA — PROTOTYPE ONLY,43203,Fast Local,4,6.6,29.7,1.7,6.1499999999999995,17.7,0.5,23,0,Normal,0.1,Clear,0.16,0,1,0,0,30,1,57,0.07,0.0,1,5.9,37.0,79.5,0.0,0.0,0.0,0,55.1,5127.0,23.6,308,30.7,1,6.4
SIMULATED TRAINING DATA — PROTOTYPE ONLY,43435,Fast Local,14,3.2,46.9,3.1,26.65,51.2,0.5,23,2,Warning,4.0,Occupied,0.68,0,0,0,0,0,0,0,0.51,0.1,1,4.7,36.9,74.4,0.0,0.0,0.0,0,20.2,9134.0,21.5,129,32.3,1,7.2
SIMULATED TRAINING DATA — PROTOTYPE ONLY,43501,MEMU,1,11.8,36.4,2.0,0.0,11.8,1.5,8,2,Normal,0.6,Clear,0.31,0,0,0,0,0,0,0,0.58,0.4,1,11.5,27.6,65.2,0.0,0.0,0.0,0,16.1,7895.0,30.2,281,46.5,2,7.8
SIMULATED TRAINING DATA — PROTOTYPE ONLY,43501,EMU Local,20,2.8,64.1,1.7,38.949999999999996,72.9,0.5,9,5,Normal,0.5,Clear,0.33,0,0,0,0,0,0,0,0.55,0.0,2,3.2,33.5,77.7,0.0,0.0,0.0,0,51.7,9404.0,5.1,155,7.1,0,0.9
SIMULATED TRAINING DATA — PROTOTYPE ONLY,43245,Fast Local,5,8.7,35.4,3.3,8.2,23.5,2.0,8,6,Normal,1.1,Clear,0.11,0,0,1,0,15,1,77,0.57,0.2,2,7.1,36.8,64.0,0.0,0.0,0.0,0,40.5,7712.0,18.1,186,27.1,0,15.7
SIMULATED TRAINING DATA — PROTOTYPE ONLY,43219,EMU Local,8,1.8,43.3,2.9,14.349999999999998,27.6,1.0,11,0,Normal,0.4,Clear,0.31,0,0,0,0,0,0,0,0.11,0.3,1,4.0,26.2,68.1,0.0,0.0,0.0,0,45.5,5136.0,8.2,300,10.6,0,0.7
SIMULATED TRAINING DATA — PROTOTYPE ONLY,43209,MEMU,12,1.9,50.9,1.7,22.549999999999997,42.5,0.5,21,0,Normal,0.4,Clear,0.31,0,0,0,0,0,0,0,0.35,0.4,2,2.4,31.5,62.0,0.0,0.0,0.0,0,37.6,7467.0,21.1,64,26.9,0,1.3
SIMULATED TRAINING DATA — PROTOTYPE ONLY,43205,EMU Local,2,2.2,56.3,2.7,2.05,5.9,0.5,7,1,Normal,0.6,Clear,0.12,0,0,0,0,0,0,0,0.15,0.0,2,0.0,29.4,79.8,0.0,0.0,0.0,0,27.9,9483.0,30.5,180,38.6,1,2.1
SIMULATED TRAINING DATA — PROTOTYPE ONLY,43211,MEMU,12,3.2,64.2,1.7,22.549999999999997,43.8,1.0,7,1,Normal,0.2,Clear,0.38,0,0,0,0,0,0,0,0.26,0.1,2,2.0,32.2,65.0,0.0,0.0,0.0,0,24.4,6293.0,20.9,118,25.5,0,0.6
SIMULATED TRAINING DATA — PROTOTYPE ONLY,43203,EMU Local,5,3.2,38.5,2.6,8.2,18.0,1.0,8,0,Normal,0.0,Clear,0.18,0,0,0,0,0,0,0,0.82,0.1,4,2.3,36.4,76.6,0.0,0.0,0.0,0,14.8,6599.0,14.9,198,22.3,0,2.6
SIMULATED TRAINING DATA — PROTOTYPE ONLY,43501,Fast Local,5,2.7,36.0,3.2,8.2,17.5,1.0,18,6,Normal,0.1,Clear,0.42,0,1,0,0,30,1,113,0.84,4.4,5,4.8,33.1,73.1,0.0,0.0,0.0,0,14.0,5163.0,20.4,2,26.7,0,9.5
SIMULATED TRAINING DATA — PROTOTYPE ONLY,43501,Fast Local,13,1.5,13.3,1.4,24.599999999999998,45.8,0.5,9,2,Warning,3.4,Occupied,0.71,0,0,0,0,0,0,0,0.37,1.1,1,4.5,33.9,91.2,5.1000000000000005,4.4,0.0,61,99.8,9255.0,16.6,222,20.5,1,5.9
SIMULATED TRAINING DATA — PROTOTYPE ONLY,43207,EMU Local,9,10.5,72.6,1.8,16.4,40.0,0.5,19,4,Normal,0.2,Clear,0.29,0,0,0,0,0,0,0,0.86,1.9,3,11.1,22.6,72.8,0.0,0.0,0.0,0,24.6,9336.0,10.4,245,16.1,0,1.6
SIMULATED TRAINING DATA — PROTOTYPE ONLY,43505,EMU Local,10,3.6,47.4,1.8,18.45,36.8,0.5,17,2,Normal,1.4,Clear,0.46,0,1,0,0,15,1,102,0.84,6.1,5,4.9,34.3,86.9,0.0,0.0,0.0,2,39.0,5812.0,29.9,322,38.1,1,13.8
SIMULATED TRAINING DATA — PROTOTYPE ONLY,43209,Fast Local,1,2.1,53.3,2.3,0.0,2.1,0.5,17,6,Normal,0.8,Clear,0.42,0,0,0,0,0,0,0,0.77,0.2,5,3.6,31.4,81.7,0.0,0.0,0.0,0,45.4,6068.0,11.6,270,17.4,0,3.8
SIMULATED TRAINING DATA — PROTOTYPE ONLY,43211,EMU Local,3,4.2,50.3,2.4,4.1,11.6,0.5,19,4,Critical,19.3,Restricted,0.63,1,0,0,1,0,1,50,0.87,0.1,4,2.9,40.1,58.5,0.0,0.0,0.0,0,42.7,7668.0,32.4,96,47.9,2,33.9
SIMULATED TRAINING DATA — PROTOTYPE ONLY,43245,Fast Local,18,5.8,42.7,2.0,34.849999999999994,68.5,0.5,7,0,Normal,3.3,Clear,0.16,0,0,1,0,15,1,72,0.2,0.4,1,5.7,33.9,65.3,0.0,0.0,0.0,0,54.2,6077.0,26.3,337,41.4,1,13.3
SIMULATED TRAINING DATA — PROTOTYPE ONLY,43407,EMU Local,12,12.9,47.3,1.1,22.549999999999997,53.5,0.5,14,5,Normal,0.3,Clear,0.12,0,0,0,0,0,0,0,0.32,0.3,2,12.8,30.2,68.7,0.0,0.0,0.0,0,46.7,6061.0,31.9,62,50.8,2,4.4
SIMULATED TRAINING DATA — PROTOTYPE ONLY,43211,EMU Local,3,2.8,33.6,1.4,4.1,10.2,1.0,22,4,Normal,0.1,Clear,0.34,0,0,1,0,20,1,25,0.45,1.0,2,4.5,39.0,78.5,5.3,5.0,0.0,61,76.2,7011.0,9.5,142,13.4,1,8.9
SIMULATED TRAINING DATA — PROTOTYPE ONLY,43249,EMU Local,9,0.5,37.5,1.6,16.4,30.0,1.0,22,1,Warning,2.8,Occupied,0.97,0,0,0,0,0,0,0,0.2,1.6,2,3.0,31.2,81.3,0.0,0.0,0.0,0,28.0,7827.0,17.8,1,26.1,0,4.1
SIMULATED TRAINING DATA — PROTOTYPE ONLY,43213,EMU Local,2,2.3,27.7,2.4,2.05,6.0,0.5,11,5,Normal,1.1,Clear,0.46,0,0,0,0,0,0,0,0.46,1.0,2,5.0,32.6,79.8,0.0,0.0,0.0,0,13.0,5135.0,9.3,78,12.7,0,2.4
SIMULATED TRAINING DATA — PROTOTYPE ONLY,43201,MEMU,3,2.6,65.4,1.3,4.1,10.0,1.0,13,6,Normal,0.3,Clear,0.24,0,0,0,0,0,0,0,0.33,0.2,1,3.2,26.0,62.5,19.099999999999998,18.7,1.3,65,76.6,3013.0,5.0,173,6.1,2,7.3
SIMULATED TRAINING DATA — PROTOTYPE ONLY,43245,EMU Local,14,9.1,50.4,1.6,26.65,57.1,1.0,8,0,Normal,0.4,Clear,0.26,0,0,1,0,30,1,45,0.58,3.2,1,9.6,29.0,71.8,0.0,0.0,0.0,0,43.9,8616.0,29.9,188,36.0,1,7.5
SIMULATED TRAINING DATA — PROTOTYPE ONLY,43219,EMU Local,4,2.0,71.6,1.4,6.1499999999999995,13.1,1.0,19,6,Critical,8.9,Restricted,0.88,1,0,0,0,0,0,0,0.81,1.4,3,1.5,28.6,67.0,0.0,0.0,0.0,0,25.9,5440.0,37.3,244,59.7,2,19.2
SIMULATED TRAINING DATA — PROTOTYPE ONLY,66069,EMU Local,19,12.3,75.0,2.3,36.9,78.7,1.0,6,3,Normal,0.3,Clear,0.42,0,0,0,0,0,0,0,0.1,0.5,1,12.4,30.8,76.4,0.0,0.0,0.0,0,52.3,7876.0,26.2,23,33.2,1,2.5
SIMULATED TRAINING DATA — PROTOTYPE ONLY,43203,EMU Local,13,2.7,20.9,2.8,24.599999999999998,47.0,0.5,13,4,Normal,0.2,Clear,0.21,0,0,0,0,0,0,0,0.2,0.1,2,4.0,26.6,52.5,0.0,0.0,0.0,0,28.1,5662.0,8.6,95,13.0,0,1.3
SIMULATED TRAINING DATA — PROTOTYPE ONLY,43511,Fast Local,7,14.6,56.8,2.2,12.299999999999999,36.7,0.5,16,4,Normal,0.2,Clear,0.48,0,0,0,0,0,0,0,0.14,0.2,1,15.7,24.6,71.7,5.9,5.5,2.1,63,92.8,8423.0,35.2,260,47.8,2,4.0
SIMULATED TRAINING DATA — PROTOTYPE ONLY,43217,Fast Local,12,0.0,21.6,3.3,22.549999999999997,40.6,0.5,10,6,Normal,1.1,Clear,0.32,0,1,1,0,30,1,107,0.81,0.1,4,0.7,31.9,50.8,0.0,0.0,0.0,0,25.9,5973.0,26.6,55,39.6,1,9.0
SIMULATED TRAINING DATA — PROTOTYPE ONLY,43425,EMU Local,3,9.2,44.7,2.2,4.1,16.6,0.5,15,5,Normal,0.0,Clear,0.44,0,0,0,0,0,0,0,0.55,0.5,2,8.2,25.6,59.0,0.0,0.0,0.0,0,14.7,6176.0,33.2,118,42.0,1,3.0
SIMULATED TRAINING DATA — PROTOTYPE ONLY,43207,MEMU,9,10.7,46.7,2.0,16.4,40.2,1.0,17,3,Warning,2.9,Occupied,0.66,0,0,0,0,0,0,0,0.81,3.0,5,13.0,34.4,91.6,3.5999999999999996,3.3,0.0,61,71.7,9218.0,27.0,53,39.9,1,8.9
SIMULATED TRAINING DATA — PROTOTYPE ONLY,43245,MEMU,2,13.0,22.7,1.6,2.05,16.7,1.5,13,3,Warning,2.2,Occupied,0.72,0,0,0,0,0,0,0,0.16,0.2,2,13.6,39.4,92.3,5.800000000000001,5.4,1.4,63,96.7,6556.0,21.3,151,25.9,1,2.8
SIMULATED TRAINING DATA — PROTOTYPE ONLY,43425,EMU Local,9,0.1,30.9,2.2,16.4,29.6,0.5,12,0,Normal,1.5,Clear,0.12,0,1,0,0,30,1,90,0.39,0.2,2,0.3,32.4,64.2,5.9,5.0,0.0,61,93.7,9176.0,7.5,175,11.2,1,7.4
SIMULATED TRAINING DATA — PROTOTYPE ONLY,43505,Fast Local,12,0.8,47.4,1.6,22.549999999999997,41.4,1.0,15,5,Normal,0.4,Clear,0.42,0,1,1,0,30,1,41,0.17,0.0,2,1.9,32.6,77.9,0.0,0.0,0.0,0,38.7,8792.0,7.6,277,10.4,0,4.2
SIMULATED TRAINING DATA — PROTOTYPE ONLY,43425,EMU Local,12,4.2,44.6,1.5,22.549999999999997,44.8,1.0,6,2,Normal,0.6,Clear,0.31,0,0,0,0,0,0,0,0.12,0.4,1,3.4,22.6,77.8,8.5,7.7,2.1,63,79.3,6598.0,37.1,334,49.3,2,3.0
SIMULATED TRAINING DATA — PROTOTYPE ONLY,43247,EMU Local,15,0.1,26.7,1.5,28.699999999999996,51.8,0.5,16,3,Normal,0.1,Clear,0.28,0,0,0,1,0,1,26,0.13,0.0,2,0.0,34.0,88.4,0.0,0.0,0.0,2,40.1,8448.0,8.7,18,13.1,0,3.9
SIMULATED TRAINING DATA — PROTOTYPE ONLY,43201,Fast Local,2,0.3,31.5,2.0,2.05,4.0,1.5,9,6,Normal,0.5,Clear,0.14,0,0,0,1,0,1,74,0.69,3.9,2,0.0,31.2,75.0,0.0,0.0,0.0,0,42.4,5040.0,28.7,141,45.2,2,12.2
SIMULATED TRAINING DATA — PROTOTYPE ONLY,43219,EMU Local,18,1.0,19.6,1.8,34.849999999999994,63.7,0.5,9,4,Normal,1.1,Clear,0.4,0,0,0,0,0,0,0,0.71,1.1,4,0.0,33.4,59.4,0.0,0.0,0.0,0,57.5,7868.0,13.7,266,21.1,0,3.9
SIMULATED TRAINING DATA — PROTOTYPE ONLY,66015,MEMU,13,2.9,24.0,3.7,24.599999999999998,47.2,1.5,22,3,Normal,0.1,Clear,0.15,0,1,0,0,15,1,64,0.22,0.3,1,3.0,26.8,62.2,0.0,0.0,0.0,0,48.1,9141.0,37.0,41,61.1,2,16.6
SIMULATED TRAINING DATA — PROTOTYPE ONLY,43403,Fast Local,14,3.2,36.4,2.2,26.65,51.2,0.5,10,6,Normal,0.1,Clear,0.18,0,0,0,0,0,0,0,0.41,1.4,1,0.8,30.4,76.8,0.0,0.0,0.0,0,18.9,9221.0,21.8,161,26.8,0,1.8
SIMULATED TRAINING DATA — PROTOTYPE ONLY,43401,EMU Local,5,0.1,56.8,2.2,8.2,14.9,0.5,7,0,Warning,5.3,Occupied,0.76,0,0,0,0,0,0,0,0.59,1.7,2,0.0,36.4,50.1,0.0,0.0,0.0,0,42.9,8097.0,15.1,113,20.8,0,6.5
SIMULATED TRAINING DATA — PROTOTYPE ONLY,43425,Fast Local,10,0.7,58.7,1.8,18.45,33.9,1.0,8,0,Normal,0.1,Clear,0.1,0,0,0,0,0,0,0,0.54,8.3,2,0.0,28.5,51.4,6.9,6.0,3.9,63,85.2,6762.0,15.2,254,25.4,1,7.2
SIMULATED TRAINING DATA — PROTOTYPE ONLY,43223,EMU Local,12,2.8,69.5,3.9,22.549999999999997,43.4,1.5,4,4,Normal,0.1,Clear,0.36,0,0,0,0,0,0,0,0.72,0.1,5,2.5,30.2,82.1,0.0,0.0,0.0,0,30.3,9860.0,19.3,85,28.3,0,2.4
SIMULATED TRAINING DATA — PROTOTYPE ONLY,66069,EMU Local,10,3.6,48.4,1.5,18.45,36.8,0.5,21,4,Critical,7.7,Restricted,0.75,1,0,0,0,0,0,0,0.28,1.9,1,3.3,35.1,98.0,5.9,3.5,0.0,61,88.6,9949.0,5.5,269,9.3,1,15.4
SIMULATED TRAINING DATA — PROTOTYPE ONLY,43407,EMU Local,11,0.6,44.8,1.8,20.5,37.5,1.0,20,4,Critical,11.6,Restricted,0.92,1,0,0,0,0,0,0,0.98,3.1,5,2.0,34.3,64.5,7.6,3.9,0.0,61,88.6,5125.0,16.5,266,26.5,1,21.5
SIMULATED TRAINING DATA — PROTOTYPE ONLY,43209,Fast Local,2,2.0,49.4,2.7,2.05,5.7,1.0,12,2,Normal,0.5,Clear,0.23,0,0,0,0,0,0,0,0.23,1.7,1,2.3,35.7,70.1,0.0,0.0,0.0,0,27.7,5800.0,11.2,177,15.2,0,3.0
SIMULATED TRAINING DATA — PROTOTYPE ONLY,43245,EMU Local,5,9.4,49.3,2.2,8.2,24.2,0.5,12,4,Normal,1.0,Clear,0.3,0,0,0,0,0,0,0,0.05,0.2,1,8.5,28.6,71.0,0.0,0.0,0.0,0,55.4,9880.0,37.5,258,56.6,2,4.2
SIMULATED TRAINING DATA — PROTOTYPE ONLY,43237,EMU Local,7,27.2,17.8,1.3,12.299999999999999,49.3,0.5,13,5,Normal,0.5,Clear,0.3,0,0,0,0,0,0,0,0.28,1.4,1,26.7,30.9,74.9,4.1000000000000005,3.2,0.0,61,88.8,9968.0,15.8,40,19.5,1,2.8
SIMULATED TRAINING DATA — PROTOTYPE ONLY,43401,EMU Local,6,17.4,70.3,2.1,10.25,35.8,0.5,23,0,Normal,0.1,Clear,0.25,0,1,0,0,15,1,61,0.28,1.5,1,19.1,27.9,61.7,4.5,1.4,0.0,61,86.3,9720.0,10.6,325,14.3,0,9.3
SIMULATED TRAINING DATA — PROTOTYPE ONLY,43423,MEMU,3,8.5,13.0,2.5,4.1,15.9,0.5,20,0,Normal,0.4,Clear,0.3,0,0,0,0,0,0,0,0.58,0.0,1,7.2,27.7,70.8,0.0,0.0,0.0,0,12.2,5386.0,37.2,133,61.2,2,4.8
SIMULATED TRAINING DATA — PROTOTYPE ONLY,43223,EMU Local,13,2.0,59.2,2.4,24.599999999999998,46.3,1.0,16,3,Critical,7.8,Restricted,0.95,1,0,0,0,0,0,0,0.78,5.0,4,4.6,27.7,81.6,8.2,7.7,3.0,63,85.9,8276.0,8.5,211,13.7,1,17.3
SIMULATED TRAINING DATA — PROTOTYPE ONLY,43245,EMU Local,3,4.6,42.8,2.5,4.1,12.0,1.5,7,4,Normal,0.2,Clear,0.43,0,1,0,0,15,1,88,0.44,1.8,1,5.1,31.3,65.1,0.0,0.0,0.0,0,48.3,5327.0,28.0,339,46.9,2,15.3
SIMULATED TRAINING DATA — PROTOTYPE ONLY,43423,EMU Local,21,2.2,25.7,3.4,41.0,76.0,1.0,21,2,Normal,0.2,Clear,0.11,0,0,1,0,15,1,32,0.12,1.2,1,0.6,37.8,72.1,0.0,0.0,0.0,0,34.0,7367.0,8.4,10,13.1,0,11.4
SIMULATED TRAINING DATA — PROTOTYPE ONLY,43401,EMU Local,6,4.2,50.0,2.3,10.25,22.6,2.0,21,5,Normal,1.3,Clear,0.45,0,0,0,0,0,0,0,0.17,0.1,1,3.0,36.6,84.4,0.0,0.0,0.0,0,20.8,9887.0,5.4,93,8.9,0,0.3
SIMULATED TRAINING DATA — PROTOTYPE ONLY,43505,MEMU,11,1.5,40.2,2.6,20.5,38.4,0.5,12,1,Warning,4.5,Occupied,0.62,0,0,0,0,0,0,0,0.42,3.7,1,2.5,33.7,71.6,0.0,0.0,0.0,0,33.8,9333.0,30.6,46,42.0,1,8.0
SIMULATED TRAINING DATA — PROTOTYPE ONLY,43205,EMU Local,17,3.7,31.8,1.0,32.8,62.7,0.5,6,3,Normal,0.1,Clear,0.39,0,1,0,0,20,1,106,0.39,2.6,2,4.6,27.9,53.6,0.0,0.0,0.0,0,55.4,5632.0,6.4,277,8.1,0,6.3
SIMULATED TRAINING DATA — PROTOTYPE ONLY,66015,EMU Local,10,3.0,21.3,3.2,18.45,36.2,1.5,10,5,Normal,0.3,Clear,0.26,0,0,0,0,0,0,0,0.71,0.6,3,3.5,27.4,44.7,0.0,0.0,0.0,0,24.6,7714.0,18.8,239,29.0,0,2.5
SIMULATED TRAINING DATA — PROTOTYPE ONLY,43237,Fast Local,12,0.1,20.0,2.1,22.549999999999997,40.7,1.5,18,6,Normal,0.2,Clear,0.22,0,0,0,1,0,1,17,0.67,0.3,1,0.2,30.3,58.3,0.0,0.0,0.0,0,44.4,5708.0,28.9,283,42.0,1,7.4
SIMULATED TRAINING DATA — PROTOTYPE ONLY,43251,EMU Local,17,6.3,32.8,1.6,32.8,65.3,0.5,12,2,Normal,1.9,Clear,0.35,0,0,0,0,0,0,0,0.21,0.7,1,6.2,33.1,86.2,43.1,41.9,1.7,65,83.2,3138.0,27.5,239,44.5,2,6.1
SIMULATED TRAINING DATA — PROTOTYPE ONLY,43203,Fast Local,4,0.0,36.2,2.0,6.1499999999999995,11.1,0.5,12,4,Normal,1.9,Clear,0.41,0,0,0,0,0,0,0,0.39,1.5,1,0.0,33.7,68.9,10.7,9.7,2.6,63,84.0,5629.0,5.9,32,8.2,1,6.5
SIMULATED TRAINING DATA — PROTOTYPE ONLY,43217,EMU Local,2,1.4,23.8,2.5,2.05,5.1,1.0,7,2,Normal,0.2,Clear,0.28,0,0,0,0,0,0,0,0.1,0.4,1,1.9,32.5,76.2,0.0,0.0,0.0,0,35.4,5486.0,5.9,242,9.2,0,0.0
SIMULATED TRAINING DATA — PROTOTYPE ONLY,43203,MEMU,11,0.0,42.6,2.7,20.5,36.9,0.5,21,1,Normal,0.2,Clear,0.29,0,0,0,0,0,0,0,0.31,2.0,2,1.9,31.1,87.6,4.9,1.3,0.0,61,83.6,6023.0,17.0,79,28.8,0,1.3
SIMULATED TRAINING DATA — PROTOTYPE ONLY,43215,EMU Local,7,1.9,26.0,2.0,12.299999999999999,24.0,0.5,20,5,Normal,0.5,Clear,0.12,0,0,0,0,0,0,0,0.73,2.1,4,1.9,32.4,57.0,14.0,8.4,2.8,63,92.6,9584.0,33.9,243,41.3,1,4.9
SIMULATED TRAINING DATA — PROTOTYPE ONLY,43401,EMU Local,2,0.3,47.4,2.5,2.05,4.0,1.0,9,2,Critical,9.2,Restricted,0.95,1,0,0,0,0,0,0,0.9,1.1,3,0.6,29.3,98.0,0.0,0.0,0.0,2,17.1,6789.0,34.7,117,56.1,2,23.0
SIMULATED TRAINING DATA — PROTOTYPE ONLY,66069,MEMU,18,9.8,60.5,1.9,34.849999999999994,72.5,2.0,10,6,Critical,13.2,Restricted,0.69,1,0,0,0,0,0,0,0.76,5.2,5,11.0,25.7,70.7,0.0,0.0,0.0,0,27.6,9265.0,21.1,75,33.6,1,23.7
SIMULATED TRAINING DATA — PROTOTYPE ONLY,43217,MEMU,21,2.1,46.3,2.4,41.0,75.9,1.0,13,1,Normal,0.5,Clear,0.26,0,0,0,0,0,0,0,0.43,0.9,1,1.5,30.3,78.4,0.0,0.0,0.0,0,18.4,5191.0,10.4,126,13.5,0,1.9
SIMULATED TRAINING DATA — PROTOTYPE ONLY,43403,MEMU,4,2.5,40.6,2.2,6.1499999999999995,13.6,1.0,13,1,Normal,0.2,Clear,0.41,0,0,1,0,15,1,36,0.31,0.6,2,3.0,32.2,63.5,6.9,4.9,0.0,61,79.4,7938.0,29.5,65,39.0,1,12.8
SIMULATED TRAINING DATA — PROTOTYPE ONLY,43251,EMU Local,8,1.7,34.0,2.3,14.349999999999998,27.5,0.5,9,5,Normal,0.5,Clear,0.23,0,0,0,0,0,0,0,0.82,1.9,4,2.7,31.0,60.4,0.0,0.0,0.0,0,31.9,7900.0,15.7,286,26.7,0,3.3
SIMULATED TRAINING DATA — PROTOTYPE ONLY,43237,MEMU,20,4.0,63.7,1.9,38.949999999999996,74.1,1.0,9,1,Critical,14.2,Restricted,0.94,1,0,0,0,0,0,0,0.71,4.5,3,3.1,25.4,72.3,0.0,0.0,0.0,0,24.7,9605.0,37.2,156,56.0,2,25.9
SIMULATED TRAINING DATA — PROTOTYPE ONLY,43511,MEMU,14,6.1,39.1,2.3,26.65,54.1,0.5,22,5,Normal,0.6,Clear,0.31,0,0,0,0,0,0,0,0.36,4.5,2,4.5,30.7,64.7,0.0,0.0,0.0,0,52.8,5685.0,30.7,132,37.8,1,5.3
SIMULATED TRAINING DATA — PROTOTYPE ONLY,43247,EMU Local,12,4.2,75.0,1.6,22.549999999999997,44.8,2.0,11,2,Normal,0.6,Clear,0.28,0,0,0,0,0,0,0,0.32,0.2,1,3.9,29.0,73.1,0.0,0.0,0.0,0,55.2,8785.0,8.2,196,9.9,0,0.6
SIMULATED TRAINING DATA — PROTOTYPE ONLY,43251,MEMU,21,5.5,24.3,2.2,41.0,79.3,0.5,12,6,Normal,0.4,Clear,0.12,0,0,0,0,0,0,0,0.15,0.1,1,6.5,36.8,46.4,0.0,0.0,0.0,0,14.9,8945.0,31.0,278,51.2,2,4.0
SIMULATED TRAINING DATA — PROTOTYPE ONLY,43205,MEMU,18,9.5,46.3,1.7,34.849999999999994,72.2,1.0,4,4,Normal,0.6,Clear,0.49,0,0,1,0,15,1,15,0.05,0.1,2,7.7,33.7,55.5,12.5,11.1,1.9,63,79.2,7621.0,32.8,164,44.2,1,9.4
SIMULATED TRAINING DATA — PROTOTYPE ONLY,43211,EMU Local,11,8.0,63.2,1.5,20.5,44.9,1.5,19,0,Normal,0.3,Clear,0.43,0,0,0,0,0,0,0,0.42,3.4,2,8.3,19.5,65.8,0.0,0.0,0.0,0,37.8,6131.0,18.0,72,26.0,0,2.3
SIMULATED TRAINING DATA — PROTOTYPE ONLY,43217,EMU Local,8,4.5,31.6,1.7,14.349999999999998,30.3,0.5,9,0,Warning,4.1,Occupied,0.8,0,0,0,0,0,0,0,0.86,2.3,3,4.3,31.7,58.3,0.0,0.0,0.0,0,51.7,6715.0,9.2,293,12.4,0,6.9
SIMULATED TRAINING DATA — PROTOTYPE ONLY,43511,EMU Local,2,1.0,38.5,2.0,2.05,4.7,2.0,11,2,Normal,0.1,Clear,0.22,0,0,0,0,0,0,0,0.39,0.0,2,0.7,27.0,98.0,0.0,0.0,0.0,2,35.2,7676.0,22.3,180,32.0,1,2.2
SIMULATED TRAINING DATA — PROTOTYPE ONLY,43407,EMU Local,15,4.1,51.4,1.8,28.699999999999996,55.8,0.5,18,4,Normal,0.1,Clear,0.22,0,0,0,0,0,0,0,0.44,1.3,2,4.5,25.7,74.2,0.0,0.0,0.0,0,14.6,7456.0,29.9,76,44.1,1,3.2
SIMULATED TRAINING DATA — PROTOTYPE ONLY,43511,EMU Local,9,2.8,47.8,2.3,16.4,32.3,0.5,15,0,Normal,0.0,Clear,0.33,0,0,0,0,0,0,0,0.35,1.0,1,0.8,22.3,75.2,0.0,0.0,0.0,0,58.6,8500.0,37.9,35,59.9,2,4.1
SIMULATED TRAINING DATA — PROTOTYPE ONLY,43423,EMU Local,19,5.1,50.4,2.1,36.9,71.5,0.5,13,6,Warning,6.6,Occupied,0.91,0,0,0,0,0,0,0,0.33,0.1,1,6.5,35.0,58.9,0.0,0.0,0.0,0,37.4,6281.0,34.9,318,48.4,2,12.0
SIMULATED TRAINING DATA — PROTOTYPE ONLY,43203,EMU Local,20,7.2,59.4,2.7,38.949999999999996,77.3,1.5,19,1,Normal,0.2,Clear,0.47,0,0,0,0,0,0,0,0.68,0.4,1,6.1,35.6,63.6,0.0,0.0,0.0,0,41.8,6482.0,35.2,197,54.0,2,8.8
SIMULATED TRAINING DATA — PROTOTYPE ONLY,66015,EMU Local,8,5.4,36.8,2.0,14.349999999999998,31.2,1.5,18,2,Normal,0.0,Clear,0.21,0,0,1,0,20,1,114,0.63,0.2,1,5.8,25.5,66.0,0.0,0.0,0.0,0,12.6,9525.0,29.7,305,38.6,1,9.6
SIMULATED TRAINING DATA — PROTOTYPE ONLY,43247,EMU Local,19,7.5,63.6,2.2,36.9,73.9,0.5,14,2,Normal,0.9,Clear,0.34,0,0,0,0,0,0,0,0.16,0.4,1,8.3,36.0,85.8,0.0,0.0,0.0,2,50.1,8707.0,30.6,243,40.2,1,2.7
SIMULATED TRAINING DATA — PROTOTYPE ONLY,43217,MEMU,5,0.3,16.2,3.2,8.2,15.1,0.5,10,3,Warning,5.3,Occupied,0.99,0,0,0,0,0,0,0,0.82,2.2,3,2.1,39.9,55.0,0.0,0.0,0.0,0,55.2,6776.0,17.0,189,26.8,0,8.2
SIMULATED TRAINING DATA — PROTOTYPE ONLY,43217,Fast Local,11,0.1,58.2,1.8,20.5,37.0,1.5,11,3,Normal,0.3,Clear,0.19,0,0,1,0,20,1,27,0.07,0.2,1,0.1,30.7,67.9,0.0,0.0,0.0,0,24.5,8605.0,9.2,317,15.6,0,6.9
SIMULATED TRAINING DATA — PROTOTYPE ONLY,43247,EMU Local,15,1.2,59.2,1.9,28.699999999999996,52.9,0.5,14,3,Normal,0.1,Clear,0.26,0,1,0,0,30,1,49,0.55,1.2,1,0.0,27.9,77.3,1.9000000000000001,1.8,0.0,61,99.5,5130.0,37.9,35,51.3,2,11.1
SIMULATED TRAINING DATA — PROTOTYPE ONLY,43221,Fast Local,8,9.2,30.4,2.8,14.349999999999998,35.0,1.0,12,5,Normal,0.1,Clear,0.17,0,0,0,0,0,0,0,0.59,1.8,2,7.3,31.2,44.3,0.0,0.0,0.0,0,20.2,6771.0,5.8,356,7.7,0,2.4
SIMULATED TRAINING DATA — PROTOTYPE ONLY,43215,EMU Local,19,6.9,20.2,1.5,36.9,73.3,1.0,10,4,Warning,2.1,Occupied,0.75,0,0,0,0,0,0,0,0.44,1.7,1,8.4,36.2,52.1,0.0,0.0,0.0,0,37.3,5713.0,22.3,137,33.7,1,7.1
SIMULATED TRAINING DATA — PROTOTYPE ONLY,43423,EMU Local,8,4.6,38.5,2.9,14.349999999999998,30.4,1.5,18,2,Normal,1.1,Clear,0.45,0,0,0,0,0,0,0,0.92,10.7,5,3.9,36.8,55.2,0.0,0.0,0.0,0,11.1,6452.0,26.7,340,40.4,1,10.0
SIMULATED TRAINING DATA — PROTOTYPE ONLY,43227,EMU Local,19,4.8,48.1,2.0,36.9,71.2,1.0,18,3,Normal,0.1,Clear,0.45,0,0,0,0,0,0,0,0.86,2.4,3,4.3,31.4,69.8,0.0,0.0,0.0,0,16.4,7824.0,21.6,48,35.5,1,4.8
SIMULATED TRAINING DATA — PROTOTYPE ONLY,43407,EMU Local,18,5.2,37.0,1.6,34.849999999999994,67.9,0.5,19,2,Normal,0.4,Clear,0.37,0,0,0,0,0,0,0,0.6,0.6,2,3.8,27.8,66.5,4.8,4.7,0.0,61,89.8,8222.0,21.8,176,28.8,1,5.2
SIMULATED TRAINING DATA — PROTOTYPE ONLY,43239,MEMU,10,11.4,49.5,2.6,18.45,44.6,2.0,6,1,Normal,1.6,Clear,0.24,0,1,0,0,30,1,25,0.61,7.8,1,10.9,32.5,83.2,0.0,0.0,0.0,0,34.3,9822.0,20.7,302,32.4,1,11.2
SIMULATED TRAINING DATA — PROTOTYPE ONLY,43219,MEMU,7,7.1,71.1,1.9,12.299999999999999,29.2,0.5,19,3,Normal,0.5,Clear,0.36,0,0,0,0,0,0,0,0.88,0.3,4,9.2,31.1,45.4,0.0,0.0,0.0,0,47.2,8044.0,24.4,111,33.7,1,4.6
SIMULATED TRAINING DATA — PROTOTYPE ONLY,43217,EMU Local,9,3.9,21.5,3.2,16.4,33.4,0.5,18,2,Critical,21.3,Restricted,0.73,1,0,0,0,0,0,0,0.91,1.2,5,3.9,32.0,67.0,0.0,0.0,0.0,0,47.1,6477.0,20.4,8,30.0,0,28.1
SIMULATED TRAINING DATA — PROTOTYPE ONLY,43401,EMU Local,1,4.4,12.7,2.1,0.0,4.4,0.5,4,4,Normal,0.6,Clear,0.35,0,1,0,0,15,1,82,0.14,1.1,1,3.4,30.0,86.1,4.8,2.9,0.0,61,71.5,8919.0,23.8,90,32.8,1,11.8
SIMULATED TRAINING DATA — PROTOTYPE ONLY,43211,EMU Local,19,1.0,41.0,2.1,36.9,67.4,2.0,17,5,Critical,7.4,Restricted,0.65,1,0,0,0,0,0,0,0.58,5.8,1,2.3,32.3,53.1,0.0,0.0,0.0,0,43.8,6943.0,7.6,258,11.8,0,15.5
SIMULATED TRAINING DATA — PROTOTYPE ONLY,43245,EMU Local,5,4.3,31.8,1.7,8.2,19.1,1.0,14,6,Normal,0.4,Clear,0.47,0,0,0,0,0,0,0,0.07,0.3,2,1.3,24.0,70.6,0.0,0.0,0.0,0,53.0,5603.0,18.0,263,27.8,0,0.0
SIMULATED TRAINING DATA — PROTOTYPE ONLY,66015,EMU Local,19,2.2,34.8,2.0,36.9,68.6,0.5,6,4,Critical,13.8,Restricted,0.85,1,0,0,0,0,0,0,0.19,0.0,2,2.2,32.9,81.0,0.0,0.0,0.0,0,39.9,8034.0,36.4,185,56.6,2,23.6
SIMULATED TRAINING DATA — PROTOTYPE ONLY,43219,EMU Local,1,0.7,61.0,1.9,0.0,0.7,1.0,12,4,Normal,0.4,Clear,0.45,0,0,0,0,0,0,0,0.41,0.8,1,0.3,36.0,88.9,12.5,11.1,2.0,63,90.4,7726.0,22.9,19,29.8,1,5.2
SIMULATED TRAINING DATA — PROTOTYPE ONLY,43211,MEMU,15,6.6,40.2,2.9,28.699999999999996,58.3,0.5,9,6,Normal,0.9,Clear,0.46,0,0,0,0,0,0,0,0.62,5.9,1,6.3,30.7,57.0,0.0,0.0,0.0,0,59.7,5145.0,36.9,201,50.4,2,10.0
SIMULATED TRAINING DATA — PROTOTYPE ONLY,66015,Fast Local,16,2.9,41.6,2.3,30.749999999999996,58.2,2.0,19,3,Normal,1.5,Clear,0.26,0,1,1,1,15,1,33,0.31,2.4,2,1.2,32.0,76.5,0.0,0.0,0.0,0,35.7,5961.0,16.7,143,27.2,0,12.6
SIMULATED TRAINING DATA — PROTOTYPE ONLY,43403,EMU Local,7,15.2,35.4,2.5,12.299999999999999,37.3,0.5,14,4,Normal,0.3,Clear,0.44,0,1,0,0,20,1,115,0.26,2.0,1,15.0,25.1,72.5,0.0,0.0,0.0,0,23.0,5714.0,7.2,11,9.6,0,9.3
SIMULATED TRAINING DATA — PROTOTYPE ONLY,43435,Fast Local,12,1.3,41.4,2.2,22.549999999999997,41.9,1.0,21,5,Normal,0.5,Clear,0.33,0,0,0,1,0,1,76,0.26,0.3,2,0.8,33.6,59.5,0.0,0.0,0.0,0,49.4,7172.0,5.6,53,8.6,0,3.6
SIMULATED TRAINING DATA — PROTOTYPE ONLY,43213,EMU Local,8,2.6,46.0,1.9,14.349999999999998,28.4,1.0,20,0,Normal,0.5,Clear,0.12,0,0,0,0,0,0,0,0.71,4.3,4,1.5,35.2,57.2,0.0,0.0,0.0,0,18.7,9974.0,34.8,231,52.2,2,9.4
SIMULATED TRAINING DATA — PROTOTYPE ONLY,43249,EMU Local,5,2.4,75.0,2.3,8.2,17.2,0.5,20,5,Normal,0.8,Clear,0.35,0,0,0,1,0,1,52,0.81,3.2,5,1.9,38.1,56.8,0.0,0.0,0.0,0,48.7,8777.0,14.7,124,22.4,0,8.1
SIMULATED TRAINING DATA — PROTOTYPE ONLY,43251,EMU Local,10,0.5,46.2,3.1,18.45,33.7,1.5,6,1,Normal,0.9,Clear,0.29,0,0,0,0,0,0,0,0.65,5.1,2,0.0,22.0,98.0,0.0,0.0,0.0,2,32.2,6551.0,13.6,105,23.0,0,4.7
SIMULATED TRAINING DATA — PROTOTYPE ONLY,43221,EMU Local,21,2.2,59.4,1.5,41.0,76.0,0.5,22,5,Warning,6.3,Occupied,0.66,0,0,1,0,15,1,46,0.05,0.2,1,4.8,33.6,86.2,0.0,0.0,0.0,2,48.9,9754.0,34.7,194,51.9,2,17.2
SIMULATED TRAINING DATA — PROTOTYPE ONLY,43219,Fast Local,5,1.4,44.8,2.4,8.2,16.2,1.0,18,2,Normal,0.7,Clear,0.49,0,0,0,0,0,0,0,0.93,1.5,3,0.0,24.5,72.8,8.2,4.6,0.0,61,97.1,7656.0,10.5,280,17.0,1,6.2
SIMULATED TRAINING DATA — PROTOTYPE ONLY,43425,EMU Local,17,0.7,11.6,3.0,32.8,59.7,1.0,13,0,Critical,8.2,Restricted,0.9,1,0,0,0,0,0,0,0.23,0.8,1,0.5,33.1,61.9,0.0,0.0,0.0,0,32.7,9218.0,19.4,248,29.8,0,12.9
SIMULATED TRAINING DATA — PROTOTYPE ONLY,43409,EMU Local,5,1.3,33.5,1.6,8.2,16.1,1.0,11,3,Critical,18.4,Restricted,0.72,1,0,0,0,0,0,0,0.06,0.1,2,1.1,29.3,78.7,0.0,0.0,0.0,0,51.8,9923.0,36.3,30,48.8,2,27.8
SIMULATED TRAINING DATA — PROTOTYPE ONLY,43215,EMU Local,15,1.1,46.2,2.7,28.699999999999996,52.8,0.5,20,2,Normal,0.6,Clear,0.16,0,0,0,0,0,0,0,0.8,0.0,4,0.4,33.5,57.4,0.0,0.0,0.0,0,27.0,9046.0,26.0,148,32.7,1,5.0
SIMULATED TRAINING DATA — PROTOTYPE ONLY,43223,EMU Local,13,5.3,52.9,2.7,24.599999999999998,49.6,2.0,7,6,Normal,0.0,Clear,0.25,0,0,0,0,0,0,0,0.05,0.3,1,5.0,33.2,75.9,0.0,0.0,0.0,0,30.4,9141.0,36.8,70,50.5,2,5.2
SIMULATED TRAINING DATA — PROTOTYPE ONLY,43205,Fast Local,1,0.1,45.2,1.3,0.0,0.1,0.5,11,5,Normal,0.3,Clear,0.27,0,0,0,0,0,0,0,0.1,0.7,2,0.9,31.8,82.0,0.0,0.0,0.0,0,38.8,9751.0,13.0,298,15.6,0,0.9
SIMULATED TRAINING DATA — PROTOTYPE ONLY,43203,EMU Local,11,3.8,55.8,2.8,20.5,40.7,1.0,5,2,Normal,0.9,Clear,0.39,0,0,0,0,0,0,0,0.35,1.7,1,2.3,29.7,70.1,0.0,0.0,0.0,0,42.1,6081.0,14.4,211,22.5,0,3.5
SIMULATED TRAINING DATA — PROTOTYPE ONLY,43211,EMU Local,1,5.7,20.1,1.7,0.0,5.7,1.0,11,4,Normal,1.4,Clear,0.19,0,0,0,0,0,0,0,0.4,0.4,2,3.6,32.1,64.8,0.0,0.0,0.0,0,19.4,9249.0,27.3,285,33.9,1,4.5
SIMULATED TRAINING DATA — PROTOTYPE ONLY,43423,EMU Local,11,2.6,42.7,2.3,20.5,39.5,1.5,10,2,Normal,0.1,Clear,0.49,0,0,0,0,0,0,0,0.69,0.4,1,2.0,35.3,65.8,0.0,0.0,0.0,0,40.6,5859.0,37.8,46,59.4,2,8.6
SIMULATED TRAINING DATA — PROTOTYPE ONLY,43221,EMU Local,18,10.7,61.9,2.7,34.849999999999994,73.4,1.0,12,2,Normal,0.4,Clear,0.4,0,1,0,0,30,1,119,0.49,0.3,1,7.4,32.6,83.6,0.0,0.0,0.0,0,34.1,7779.0,27.4,102,42.5,1,8.1
SIMULATED TRAINING DATA — PROTOTYPE ONLY,43239,EMU Local,18,4.9,27.4,2.8,34.849999999999994,67.6,0.5,21,5,Normal,0.8,Clear,0.42,0,0,0,0,0,0,0,0.34,0.8,1,3.8,34.7,71.4,0.0,0.0,0.0,0,49.5,5533.0,28.9,259,40.7,1,5.6
SIMULATED TRAINING DATA — PROTOTYPE ONLY,43223,EMU Local,21,5.5,58.8,1.2,41.0,79.3,1.0,20,1,Normal,0.7,Clear,0.14,0,0,0,0,0,0,0,0.61,0.7,1,4.9,25.9,91.9,5.2,1.3,0.0,61,75.8,6675.0,11.0,92,18.7,0,2.2
SIMULATED TRAINING DATA — PROTOTYPE ONLY,43401,EMU Local,16,0.9,58.0,3.2,30.749999999999996,56.2,0.5,4,6,Warning,4.7,Occupied,0.79,0,0,0,1,0,1,18,0.07,0.5,1,1.0,31.8,50.1,14.0,12.1,2.6,63,92.6,5733.0,32.0,261,42.6,1,8.5
SIMULATED TRAINING DATA — PROTOTYPE ONLY,43223,MEMU,13,6.0,23.4,3.0,24.599999999999998,50.3,0.5,15,5,Normal,0.0,Clear,0.48,0,0,0,1,0,1,55,0.05,0.1,2,7.5,29.6,56.8,0.0,0.0,0.0,0,53.0,9166.0,28.7,295,48.0,2,6.8
SIMULATED TRAINING DATA — PROTOTYPE ONLY,43511,MEMU,7,7.1,47.1,2.7,12.299999999999999,29.2,1.5,7,3,Normal,0.6,Clear,0.21,0,0,0,0,0,0,0,0.22,0.5,1,7.5,34.6,73.0,0.0,0.0,0.0,0,40.0,8052.0,20.4,18,29.7,0,2.3
SIMULATED TRAINING DATA — PROTOTYPE ONLY,43215,MEMU,1,1.8,44.4,2.3,0.0,1.8,1.0,20,6,Normal,0.7,Clear,0.16,0,0,0,0,0,0,0,0.68,4.9,1,2.2,33.6,77.4,0.0,0.0,0.0,0,33.4,5989.0,23.8,9,38.0,1,5.2
SIMULATED TRAINING DATA — PROTOTYPE ONLY,43423,EMU Local,16,1.0,39.4,1.8,30.749999999999996,56.4,0.5,10,0,Normal,0.6,Clear,0.29,0,0,0,0,0,0,0,0.65,0.2,1,0.1,29.4,71.2,8.2,7.7,1.8,63,93.0,9275.0,25.6,289,35.7,1,3.7
SIMULATED TRAINING DATA — PROTOTYPE ONLY,43403,EMU Local,1,1.9,19.1,1.5,0.0,1.9,1.0,6,4,Normal,0.7,Clear,0.47,0,0,0,1,0,1,23,0.18,1.3,1,1.2,32.1,88.8,0.0,0.0,0.0,2,20.3,8212.0,7.7,232,9.4,0,4.6
SIMULATED TRAINING DATA — PROTOTYPE ONLY,43407,EMU Local,17,5.4,38.1,1.1,32.8,64.4,0.5,4,1,Normal,0.3,Clear,0.29,0,0,0,0,0,0,0,0.36,2.0,2,4.7,30.9,60.7,0.0,0.0,0.0,0,17.4,5384.0,37.0,15,62.4,2,7.6
SIMULATED TRAINING DATA — PROTOTYPE ONLY,43223,MEMU,6,2.2,39.7,2.5,10.25,20.6,0.5,22,0,Normal,2.5,Clear,0.26,0,0,0,0,0,0,0,0.43,1.7,2,2.0,33.1,72.2,0.0,0.0,0.0,0,51.1,6582.0,25.2,66,32.9,1,7.9
SIMULATED TRAINING DATA — PROTOTYPE ONLY,43505,EMU Local,2,5.3,16.5,2.7,2.05,9.0,0.5,5,0,Normal,0.7,Clear,0.36,0,1,0,0,20,1,75,0.11,0.0,1,4.8,32.9,85.0,0.0,0.0,0.0,0,11.8,5660.0,23.4,213,33.3,1,11.9
SIMULATED TRAINING DATA — PROTOTYPE ONLY,43425,EMU Local,17,0.5,22.4,2.0,32.8,59.5,1.0,9,6,Normal,0.4,Clear,0.47,0,0,0,0,0,0,0,0.48,0.1,1,0.9,31.8,93.4,0.0,0.0,0.0,2,58.4,5459.0,22.9,30,38.3,1,3.9
SIMULATED TRAINING DATA — PROTOTYPE ONLY,43403,EMU Local,6,6.6,28.1,1.8,10.25,25.0,1.0,14,1,Normal,1.4,Clear,0.12,0,0,0,0,0,0,0,0.35,0.2,2,7.3,26.1,69.5,0.0,0.0,0.0,0,39.5,8404.0,37.3,208,54.2,2,7.4
SIMULATED TRAINING DATA — PROTOTYPE ONLY,43213,EMU Local,14,1.2,26.3,2.1,26.65,49.2,1.0,7,4,Normal,1.2,Clear,0.16,0,1,1,0,15,1,112,0.18,0.2,1,2.7,37.4,98.0,0.0,0.0,0.0,2,15.6,5651.0,35.0,246,57.2,2,15.5
SIMULATED TRAINING DATA — PROTOTYPE ONLY,43249,EMU Local,18,1.1,46.9,1.7,34.849999999999994,63.8,0.5,4,3,Normal,0.8,Clear,0.15,0,0,0,1,0,1,112,0.41,1.4,1,1.4,35.7,73.1,0.0,0.0,0.0,0,50.6,5737.0,13.2,356,18.0,0,6.2
SIMULATED TRAINING DATA — PROTOTYPE ONLY,43425,EMU Local,6,3.6,55.7,2.1,10.25,22.0,1.0,14,1,Normal,0.4,Clear,0.13,0,0,0,0,0,0,0,0.42,0.1,2,4.0,31.9,92.4,0.0,0.0,0.0,2,53.8,8899.0,6.1,22,9.9,0,0.8
SIMULATED TRAINING DATA — PROTOTYPE ONLY,43205,MEMU,10,0.3,37.3,1.7,18.45,33.5,0.5,19,1,Warning,3.5,Occupied,0.8,0,0,1,0,15,1,39,0.92,0.7,3,1.7,33.6,67.9,0.0,0.0,0.0,0,28.4,9612.0,30.2,293,50.6,2,19.6
SIMULATED TRAINING DATA — PROTOTYPE ONLY,43203,EMU Local,18,0.1,53.5,2.5,34.849999999999994,62.8,1.0,9,1,Normal,0.2,Clear,0.19,0,0,0,0,0,0,0,0.77,0.6,3,1.0,33.9,70.2,0.0,0.0,0.0,0,28.2,6316.0,12.5,251,18.3,0,0.8
SIMULATED TRAINING DATA — PROTOTYPE ONLY,43511,EMU Local,9,1.2,56.3,2.8,16.4,30.7,1.5,14,4,Normal,0.1,Clear,0.32,0,0,0,0,0,0,0,0.42,1.6,1,0.8,28.7,86.1,0.0,0.0,0.0,2,52.3,9743.0,9.7,346,16.0,0,4.1
SIMULATED TRAINING DATA — PROTOTYPE ONLY,43245,EMU Local,8,3.1,40.7,2.4,14.349999999999998,28.9,0.5,11,1,Normal,0.4,Clear,0.23,0,0,1,0,15,1,98,0.16,0.2,1,1.8,36.5,81.8,1.5,1.3,0.0,61,80.7,6401.0,38.0,196,52.4,2,14.5
SIMULATED TRAINING DATA — PROTOTYPE ONLY,43209,EMU Local,10,9.5,48.1,2.1,18.45,42.7,1.0,23,1,Warning,5.6,Occupied,0.74,0,0,0,0,0,0,0,0.17,0.2,1,8.9,23.4,71.8,8.3,7.9,1.7,63,96.5,6821.0,18.3,152,29.9,1,7.3
SIMULATED TRAINING DATA — PROTOTYPE ONLY,43209,EMU Local,17,7.5,38.6,2.7,32.8,66.5,2.0,4,2,Warning,3.7,Occupied,0.79,0,0,0,0,0,0,0,0.2,0.0,1,6.5,24.7,59.5,0.0,0.0,0.0,0,54.6,8254.0,29.5,74,39.4,1,6.1
SIMULATED TRAINING DATA — PROTOTYPE ONLY,66069,MEMU,6,2.7,25.2,2.1,10.25,21.2,0.5,17,2,Warning,4.9,Occupied,0.86,0,0,0,0,0,0,0,0.51,0.2,2,2.8,28.6,98.0,0.0,0.0,0.0,2,16.5,8705.0,15.5,114,21.1,0,4.9
SIMULATED TRAINING DATA — PROTOTYPE ONLY,43409,EMU Local,14,0.2,30.8,2.7,26.65,48.2,1.0,5,2,Normal,0.4,Clear,0.26,0,0,1,0,30,1,71,0.66,1.8,1,0.8,32.8,68.7,0.0,0.0,0.0,0,54.2,9937.0,5.8,72,7.7,0,7.3
SIMULATED TRAINING DATA — PROTOTYPE ONLY,43211,MEMU,6,3.1,46.9,1.7,10.25,21.6,1.0,9,2,Warning,3.5,Occupied,0.66,0,0,0,0,0,0,0,0.88,3.1,5,2.6,32.0,72.9,0.0,0.0,0.0,0,56.3,8849.0,12.6,307,19.0,0,7.5
SIMULATED TRAINING DATA — PROTOTYPE ONLY,66015,EMU Local,7,4.9,40.2,1.8,12.299999999999999,27.0,0.5,12,1,Normal,0.3,Clear,0.32,0,0,1,0,20,1,23,0.57,2.7,2,4.5,31.8,48.9,0.0,0.0,0.0,0,10.7,7202.0,7.4,87,11.5,0,9.0
SIMULATED TRAINING DATA — PROTOTYPE ONLY,43505,EMU Local,12,1.7,53.1,1.5,22.549999999999997,42.3,1.0,17,6,Normal,0.0,Clear,0.39,0,0,0,0,0,0,0,0.75,1.8,3,0.0,31.2,65.3,0.0,0.0,0.0,0,44.1,5540.0,9.1,245,13.5,0,3.4
SIMULATED TRAINING DATA — PROTOTYPE ONLY,43425,MEMU,3,0.5,13.7,1.8,4.1,7.9,1.0,11,2,Normal,1.1,Clear,0.43,0,1,0,0,15,1,110,0.38,0.4,1,0.0,30.2,82.7,17.9,17.7,1.7,65,89.8,2226.0,31.3,207,38.1,2,14.3
SIMULATED TRAINING DATA — PROTOTYPE ONLY,43211,EMU Local,14,1.3,17.3,2.7,26.65,49.3,0.5,6,0,Normal,0.2,Clear,0.31,0,0,1,0,15,1,72,0.28,0.3,2,5.1,26.4,70.3,0.0,0.0,0.0,0,38.2,9208.0,35.6,65,59.0,2,15.1
SIMULATED TRAINING DATA — PROTOTYPE ONLY,43217,EMU Local,19,5.9,19.1,1.6,36.9,72.3,0.5,13,6,Normal,0.5,Clear,0.44,0,1,0,0,15,1,85,0.63,2.3,2,7.2,26.0,98.0,0.0,0.0,0.0,2,42.4,9161.0,36.8,193,60.6,2,14.5
SIMULATED TRAINING DATA — PROTOTYPE ONLY,43245,EMU Local,16,1.7,44.5,1.0,30.749999999999996,57.0,2.0,21,3,Normal,0.5,Clear,0.41,0,0,1,0,15,1,52,0.43,0.8,2,3.3,26.4,75.5,42.300000000000004,37.2,2.4,65,92.8,2917.0,18.1,83,25.5,2,11.0
SIMULATED TRAINING DATA — PROTOTYPE ONLY,43503,EMU Local,7,6.7,21.3,1.9,12.299999999999999,28.8,1.0,23,2,Warning,5.1,Occupied,0.86,0,0,0,0,0,0,0,0.31,0.2,2,7.3,27.1,64.9,1.7000000000000002,1.6,0.0,61,88.3,8783.0,14.4,323,21.0,0,5.5
SIMULATED TRAINING DATA — PROTOTYPE ONLY,43403,MEMU,8,1.5,46.8,1.4,14.349999999999998,27.3,0.5,12,4,Warning,5.8,Occupied,0.82,0,0,1,0,15,1,61,0.07,0.0,2,2.6,25.8,92.5,6.6,3.9,0.0,61,98.9,5649.0,31.2,289,41.2,1,15.4
SIMULATED TRAINING DATA — PROTOTYPE ONLY,43213,EMU Local,18,0.7,53.3,1.8,34.849999999999994,63.4,0.5,12,3,Normal,0.1,Clear,0.37,0,0,1,0,20,1,93,0.38,0.4,2,0.3,25.8,98.0,0.0,0.0,0.0,2,47.1,5631.0,20.4,327,29.2,0,7.0
SIMULATED TRAINING DATA — PROTOTYPE ONLY,43407,MEMU,13,2.3,64.7,3.4,24.599999999999998,46.6,1.0,22,5,Normal,0.2,Clear,0.49,0,1,0,0,15,1,117,0.1,0.5,2,1.3,30.4,88.2,1.8,1.5,0.0,61,78.4,7890.0,32.1,193,49.6,2,17.3
SIMULATED TRAINING DATA — PROTOTYPE ONLY,43207,Fast Local,21,2.4,63.1,1.6,41.0,76.2,0.5,16,5,Warning,3.2,Occupied,0.83,0,0,0,0,0,0,0,0.3,1.1,2,4.2,35.7,73.6,0.0,0.0,0.0,0,20.2,5312.0,32.8,270,49.1,2,7.7
SIMULATED TRAINING DATA — PROTOTYPE ONLY,43505,EMU Local,9,0.1,31.6,2.5,16.4,29.6,0.5,4,0,Warning,5.4,Occupied,0.73,0,0,0,0,0,0,0,0.14,0.1,2,0.0,33.3,69.8,0.0,0.0,0.0,0,20.0,5910.0,36.8,327,60.9,2,8.6
SIMULATED TRAINING DATA — PROTOTYPE ONLY,66015,Fast Local,10,0.5,17.0,2.1,18.45,33.7,1.0,20,3,Normal,0.3,Clear,0.45,0,0,0,0,0,0,0,0.52,1.1,2,1.1,27.8,52.3,7.3,7.1,3.2,63,94.7,8668.0,16.1,343,19.4,1,5.3
SIMULATED TRAINING DATA — PROTOTYPE ONLY,66069,EMU Local,21,0.8,32.5,2.3,41.0,74.6,1.0,7,3,Normal,0.1,Clear,0.18,0,0,0,0,0,0,0,0.19,0.1,1,2.9,28.7,76.3,0.0,0.0,0.0,0,35.4,5124.0,14.1,191,23.8,0,0.7
SIMULATED TRAINING DATA — PROTOTYPE ONLY,43239,Fast Local,9,0.5,56.7,1.8,16.4,30.0,0.5,7,0,Normal,0.0,Clear,0.38,0,0,0,0,0,0,0,0.5,1.1,1,1.7,39.1,76.8,0.0,0.0,0.0,0,27.9,5808.0,22.9,236,34.2,1,3.6
SIMULATED TRAINING DATA — PROTOTYPE ONLY,43425,EMU Local,15,1.7,36.2,2.8,28.699999999999996,53.4,0.5,19,5,Normal,0.5,Clear,0.11,0,0,0,0,0,0,0,0.87,0.4,5,1.4,29.5,58.3,0.0,0.0,0.0,0,38.4,8957.0,21.1,32,29.1,0,3.4
SIMULATED TRAINING DATA — PROTOTYPE ONLY,43201,EMU Local,20,13.4,41.6,2.4,38.949999999999996,83.5,0.5,19,2,Normal,0.3,Clear,0.11,0,0,0,0,0,0,0,0.7,2.8,2,14.9,27.2,72.9,0.0,0.0,0.0,0,59.4,9622.0,36.4,220,45.0,1,5.8
SIMULATED TRAINING DATA — PROTOTYPE ONLY,43205,EMU Local,2,2.8,33.6,2.4,2.05,6.5,0.5,18,0,Normal,0.1,Clear,0.28,0,0,1,0,20,1,112,0.83,2.5,5,3.1,30.3,85.4,0.6,0.1,0.0,2,89.4,6251.0,15.9,0,26.8,0,9.1
SIMULATED TRAINING DATA — PROTOTYPE ONLY,43245,EMU Local,13,4.0,65.7,2.2,24.599999999999998,48.3,0.5,9,4,Normal,0.6,Clear,0.36,0,0,0,0,0,0,0,0.91,1.0,3,3.8,29.2,68.6,6.1000000000000005,5.2,3.5,63,70.8,7542.0,28.9,89,47.0,2,9.3
SIMULATED TRAINING DATA — PROTOTYPE ONLY,43205,EMU Local,2,1.8,26.8,2.9,2.05,5.5,0.5,8,0,Normal,0.1,Clear,0.16,0,1,0,0,15,1,75,0.89,15.2,5,2.7,28.1,75.9,0.0,0.0,0.0,0,43.5,9424.0,16.9,175,24.6,0,17.8
SIMULATED TRAINING DATA — PROTOTYPE ONLY,43503,MEMU,19,1.6,43.0,2.4,36.9,68.0,0.5,13,1,Warning,6.1,Occupied,0.85,0,1,0,0,30,1,16,0.28,0.9,2,0.5,31.6,47.9,7.800000000000001,5.2,2.4,63,79.6,9031.0,5.5,67,8.7,1,13.9
SIMULATED TRAINING DATA — PROTOTYPE ONLY,43219,EMU Local,2,0.1,58.6,2.3,2.05,3.8,0.5,10,5,Normal,0.2,Clear,0.15,0,1,0,0,30,1,103,0.74,0.8,4,0.0,36.6,93.9,0.0,0.0,0.0,2,19.8,9271.0,7.4,129,12.2,0,7.4
SIMULATED TRAINING DATA — PROTOTYPE ONLY,43207,EMU Local,3,2.8,69.6,2.5,4.1,10.2,2.0,10,1,Normal,1.3,Clear,0.31,0,1,1,0,30,1,90,0.58,0.9,2,2.5,26.2,64.0,0.0,0.0,0.0,0,16.6,6612.0,9.8,69,14.5,0,6.8
SIMULATED TRAINING DATA — PROTOTYPE ONLY,43215,MEMU,6,2.6,31.6,1.0,10.25,21.0,0.5,13,5,Warning,2.3,Occupied,0.62,0,1,0,0,30,1,69,0.4,3.5,1,1.8,33.1,68.4,0.0,0.0,0.0,0,49.0,6460.0,18.4,184,26.1,0,7.6
SIMULATED TRAINING DATA — PROTOTYPE ONLY,43407,EMU Local,3,0.7,56.4,2.2,4.1,8.1,0.5,13,5,Normal,0.3,Clear,0.4,0,0,0,0,0,0,0,0.47,0.4,1,0.0,35.5,75.1,0.0,0.0,0.0,0,22.0,8615.0,27.6,222,34.1,1,3.7
SIMULATED TRAINING DATA — PROTOTYPE ONLY,43501,Fast Local,10,5.8,32.5,2.1,18.45,39.0,0.5,18,3,Normal,1.6,Clear,0.42,0,1,0,0,15,1,118,0.93,0.7,5,5.8,33.3,69.6,0.0,0.0,0.0,0,10.5,7602.0,17.4,26,27.4,0,11.9
SIMULATED TRAINING DATA — PROTOTYPE ONLY,43227,MEMU,6,2.7,62.7,2.8,10.25,21.2,0.5,9,2,Normal,0.2,Clear,0.13,0,1,0,0,15,1,72,0.73,2.2,3,2.1,35.6,83.5,5.0,4.7,0.0,61,75.6,9347.0,31.8,304,48.6,2,18.7
SIMULATED TRAINING DATA — PROTOTYPE ONLY,43221,Fast Local,16,1.7,67.9,1.7,30.749999999999996,57.0,1.0,5,2,Warning,5.4,Occupied,0.68,0,0,0,1,0,1,27,0.06,0.1,2,0.6,33.6,67.6,0.0,0.0,0.0,0,33.2,8718.0,36.1,287,55.8,2,14.5
SIMULATED TRAINING DATA — PROTOTYPE ONLY,43217,MEMU,17,0.6,28.7,2.2,32.8,59.6,0.5,11,5,Critical,14.2,Restricted,0.71,1,0,0,0,0,0,0,0.37,0.5,1,0.6,28.7,65.0,0.0,0.0,0.0,0,23.4,6747.0,35.6,222,53.3,2,25.7
SIMULATED TRAINING DATA — PROTOTYPE ONLY,43249,EMU Local,19,3.2,51.8,3.3,36.9,69.6,1.0,23,5,Normal,0.1,Clear,0.27,0,0,0,0,0,0,0,0.58,1.1,2,2.1,38.7,83.2,3.3,2.5,0.0,61,88.5,9128.0,5.8,272,8.1,0,2.4
SIMULATED TRAINING DATA — PROTOTYPE ONLY,43403,EMU Local,3,5.6,58.7,2.1,4.1,13.0,0.5,18,1,Warning,3.1,Occupied,0.73,0,0,0,0,0,0,0,0.93,5.8,5,7.0,33.6,39.2,0.0,0.0,0.0,0,22.6,9613.0,5.6,291,9.1,0,8.1
SIMULATED TRAINING DATA — PROTOTYPE ONLY,43423,MEMU,18,1.3,37.6,1.3,34.849999999999994,64.0,1.5,21,4,Normal,1.2,Clear,0.17,0,0,1,0,30,1,44,0.62,4.0,2,3.4,40.6,56.7,0.0,0.0,0.0,0,14.0,5588.0,30.2,16,46.8,2,12.3
SIMULATED TRAINING DATA — PROTOTYPE ONLY,43407,EMU Local,7,1.0,50.2,3.4,12.299999999999999,23.1,0.5,8,0,Warning,3.6,Occupied,0.62,0,0,0,0,0,0,0,0.79,3.0,4,1.8,24.1,74.9,0.0,0.0,0.0,0,36.8,7688.0,25.6,317,35.7,1,7.1
SIMULATED TRAINING DATA — PROTOTYPE ONLY,43401,EMU Local,9,3.0,51.0,1.7,16.4,32.5,0.5,7,5,Critical,20.8,Restricted,0.91,1,0,0,0,0,0,0,0.41,1.2,1,2.5,41.1,82.1,0.0,0.0,0.0,0,44.3,7850.0,15.1,116,24.1,0,26.1
SIMULATED TRAINING DATA — PROTOTYPE ONLY,43401,EMU Local,20,0.7,72.1,1.5,38.949999999999996,70.8,0.5,13,5,Normal,0.5,Clear,0.1,0,0,0,0,0,0,0,0.05,0.0,1,1.2,35.0,82.2,0.0,0.0,0.0,0,45.7,5298.0,35.2,234,59.5,2,7.5
SIMULATED TRAINING DATA — PROTOTYPE ONLY,43503,Fast Local,12,4.4,12.4,1.5,22.549999999999997,45.0,0.5,22,0,Warning,3.9,Occupied,0.97,0,0,1,0,20,1,25,0.39,1.1,2,3.6,33.4,39.3,0.0,0.0,0.0,0,49.5,5073.0,6.6,250,9.3,0,10.6
SIMULATED TRAINING DATA — PROTOTYPE ONLY,43435,EMU Local,5,3.7,41.2,2.5,8.2,18.5,1.0,17,0,Normal,0.5,Clear,0.45,0,1,1,0,15,1,101,0.59,6.4,1,4.5,27.8,66.2,0.0,0.0,0.0,0,12.6,5901.0,13.4,270,22.7,0,12.0
SIMULATED TRAINING DATA — PROTOTYPE ONLY,43249,EMU Local,3,0.4,23.2,2.9,4.1,7.8,0.5,16,4,Normal,0.2,Clear,0.27,0,0,0,0,0,0,0,0.49,3.1,1,1.3,34.5,82.3,0.0,0.0,0.0,0,47.2,9174.0,13.8,352,21.3,0,2.0
SIMULATED TRAINING DATA — PROTOTYPE ONLY,43219,EMU Local,11,0.1,42.2,3.2,20.5,37.0,1.0,13,4,Warning,3.0,Occupied,0.65,0,0,1,0,15,1,31,0.58,0.3,2,1.0,36.3,59.7,0.0,0.0,0.0,0,47.3,8203.0,8.4,345,11.7,0,15.0
SIMULATED TRAINING DATA — PROTOTYPE ONLY,43245,EMU Local,4,3.9,30.3,2.1,6.1499999999999995,15.0,0.5,9,0,Normal,0.3,Clear,0.25,0,1,1,1,15,1,29,0.88,11.2,3,3.5,24.5,69.2,0.0,0.0,0.0,0,35.4,5902.0,23.6,127,36.4,1,15.8
SIMULATED TRAINING DATA — PROTOTYPE ONLY,43211,EMU Local,5,1.4,38.2,1.5,8.2,16.2,0.5,16,5,Normal,1.0,Clear,0.11,0,0,0,0,0,0,0,0.41,0.4,2,2.2,33.8,77.4,4.3999999999999995,3.8,0.0,61,86.7,8036.0,10.1,244,13.9,1,4.1
SIMULATED TRAINING DATA — PROTOTYPE ONLY,43227,EMU Local,1,0.4,28.9,1.8,0.0,0.4,0.5,14,5,Normal,0.2,Clear,0.42,0,0,0,0,0,0,0,0.23,0.1,1,1.0,28.9,72.8,8.0,4.0,0.0,61,72.6,8139.0,26.8,253,38.8,1,4.7
SIMULATED TRAINING DATA — PROTOTYPE ONLY,43403,EMU Local,18,5.7,44.3,2.1,34.849999999999994,68.4,1.0,18,0,Warning,6.8,Occupied,0.62,0,0,0,0,0,0,0,0.96,1.1,3,6.0,33.8,77.9,0.0,0.0,0.0,0,34.9,7337.0,27.6,65,46.1,2,16.4
SIMULATED TRAINING DATA — PROTOTYPE ONLY,43239,MEMU,12,1.5,58.1,2.1,22.549999999999997,42.1,0.5,5,5,Warning,4.1,Occupied,0.64,0,1,0,0,15,1,115,0.3,0.2,2,1.6,27.4,69.9,0.0,0.0,0.0,0,59.6,7626.0,26.4,155,36.8,1,15.0
SIMULATED TRAINING DATA — PROTOTYPE ONLY,43505,EMU Local,13,2.5,36.4,2.9,24.599999999999998,46.8,0.5,18,4,Normal,0.1,Clear,0.2,0,0,0,0,0,0,0,0.66,0.6,1,1.2,36.6,78.8,0.0,0.0,0.0,0,12.4,8461.0,29.6,331,48.2,2,8.1
SIMULATED TRAINING DATA — PROTOTYPE ONLY,43425,MEMU,9,1.1,63.5,1.3,16.4,30.6,0.5,22,0,Normal,0.5,Clear,0.41,0,0,0,0,0,0,0,0.12,0.2,1,1.6,31.2,79.1,4.7,3.1,0.0,61,74.5,9505.0,37.8,59,46.4,2,7.1
SIMULATED TRAINING DATA — PROTOTYPE ONLY,43219,Fast Local,2,3.9,57.7,1.4,2.05,7.6,1.0,20,4,Critical,10.2,Restricted,0.71,1,1,1,0,30,1,117,0.76,2.4,4,3.6,34.5,82.2,0.0,0.0,0.0,0,23.8,9287.0,31.6,247,42.1,1,22.0
SIMULATED TRAINING DATA — PROTOTYPE ONLY,43403,EMU Local,5,1.4,72.5,1.9,8.2,16.2,1.0,23,5,Normal,0.3,Clear,0.32,0,1,0,0,30,1,49,0.16,0.5,1,0.0,35.4,81.6,0.0,0.0,0.0,0,38.6,8543.0,20.2,5,28.2,0,5.1
SIMULATED TRAINING DATA — PROTOTYPE ONLY,43247,EMU Local,13,13.8,48.2,2.3,24.599999999999998,58.1,0.5,21,5,Critical,19.3,Restricted,0.91,1,0,0,0,0,0,0,0.11,0.3,1,13.0,32.7,83.8,0.0,0.0,0.0,0,56.2,9280.0,14.6,231,22.9,0,22.6
SIMULATED TRAINING DATA — PROTOTYPE ONLY,43203,EMU Local,16,4.9,41.1,1.8,30.749999999999996,60.2,0.5,9,3,Warning,4.1,Occupied,0.96,0,1,0,0,15,1,73,0.79,1.0,4,5.4,28.0,66.2,13.7,11.7,2.4,63,95.5,8137.0,12.2,131,20.1,1,13.8
SIMULATED TRAINING DATA — PROTOTYPE ONLY,43407,Fast Local,16,0.6,18.2,1.8,30.749999999999996,56.0,0.5,18,1,Normal,0.1,Clear,0.41,0,0,0,0,0,0,0,0.61,6.5,1,0.0,34.0,66.9,0.0,0.0,0.0,0,58.1,8752.0,32.8,203,47.6,2,10.8
SIMULATED TRAINING DATA — PROTOTYPE ONLY,43407,EMU Local,3,2.2,30.3,2.8,4.1,9.6,0.5,20,1,Normal,0.6,Clear,0.32,0,0,0,0,0,0,0,0.79,1.0,4,1.5,31.1,74.4,0.0,0.0,0.0,0,57.6,9418.0,30.9,264,50.2,2,7.7
SIMULATED TRAINING DATA — PROTOTYPE ONLY,66069,EMU Local,4,1.9,38.9,2.4,6.1499999999999995,13.0,1.0,12,6,Normal,0.6,Clear,0.19,0,0,0,0,0,0,0,0.18,0.3,1,0.0,32.3,95.5,0.0,0.0,0.0,2,53.1,9395.0,8.7,3,13.0,0,0.0
SIMULATED TRAINING DATA — PROTOTYPE ONLY,43435,EMU Local,11,3.1,40.7,1.5,20.5,40.0,0.5,15,4,Normal,0.6,Clear,0.15,0,0,0,0,0,0,0,0.18,0.3,1,4.4,30.0,74.7,16.7,14.2,2.1,63,90.4,9059.0,36.1,260,54.0,2,6.1
SIMULATED TRAINING DATA — PROTOTYPE ONLY,43247,EMU Local,14,7.4,75.0,1.8,26.65,55.4,0.5,8,0,Normal,1.4,Clear,0.22,0,0,0,0,0,0,0,0.57,0.0,1,6.1,24.3,92.1,12.7,12.6,2.9,63,88.3,7741.0,22.5,253,37.6,1,5.6
SIMULATED TRAINING DATA — PROTOTYPE ONLY,43425,EMU Local,3,3.5,38.9,2.4,4.1,10.9,1.0,17,1,Warning,5.8,Occupied,0.78,0,0,0,0,0,0,0,0.65,1.3,1,3.6,31.7,89.8,16.4,16.4,4.0,65,73.5,1647.0,8.9,347,11.9,2,9.6
SIMULATED TRAINING DATA — PROTOTYPE ONLY,43221,EMU Local,16,0.3,15.5,1.3,30.749999999999996,55.6,0.5,11,5,Warning,4.5,Occupied,0.7,0,0,0,1,0,1,66,0.23,0.3,1,0.0,29.1,89.8,0.0,0.0,0.0,2,11.4,9202.0,36.9,190,58.6,2,14.4
SIMULATED TRAINING DATA — PROTOTYPE ONLY,43435,MEMU,15,4.3,52.0,2.4,28.699999999999996,56.0,0.5,20,2,Normal,0.2,Clear,0.36,0,0,0,0,0,0,0,0.63,0.2,1,4.6,32.7,88.9,0.0,0.0,0.0,2,53.6,8793.0,18.8,193,24.0,0,1.0
SIMULATED TRAINING DATA — PROTOTYPE ONLY,43207,EMU Local,10,0.0,51.1,1.9,18.45,33.2,0.5,12,0,Normal,0.2,Clear,0.14,0,0,0,0,0,0,0,0.45,2.6,1,0.3,31.4,60.6,0.2,0.2,0.0,0,75.1,8859.0,20.7,87,34.2,1,5.1
SIMULATED TRAINING DATA — PROTOTYPE ONLY,43245,EMU Local,9,6.1,35.1,2.3,16.4,35.6,0.5,6,4,Normal,0.0,Clear,0.48,0,0,0,0,0,0,0,0.19,0.8,2,5.9,29.4,59.1,0.0,0.0,0.0,0,28.7,5627.0,27.8,323,41.1,1,0.4
SIMULATED TRAINING DATA — PROTOTYPE ONLY,43249,EMU Local,11,4.4,73.9,2.2,20.5,41.3,1.5,10,5,Normal,1.2,Clear,0.22,0,0,0,0,0,0,0,0.59,0.7,2,4.7,40.0,61.7,0.0,0.0,0.0,0,19.6,9282.0,16.4,39,22.5,0,2.9
SIMULATED TRAINING DATA — PROTOTYPE ONLY,66015,MEMU,16,1.5,13.6,1.4,30.749999999999996,56.8,1.0,15,5,Normal,0.0,Clear,0.34,0,1,0,0,15,1,24,0.53,0.6,2,1.5,30.3,85.4,0.0,0.0,0.0,2,23.0,8990.0,6.4,311,7.8,0,9.0
SIMULATED TRAINING DATA — PROTOTYPE ONLY,43403,EMU Local,10,1.4,60.7,1.7,18.45,34.6,0.5,6,2,Warning,5.8,Occupied,0.86,0,1,1,0,20,1,86,0.59,4.9,1,0.0,31.8,68.7,0.0,0.0,0.0,0,45.5,6984.0,27.0,232,39.1,1,14.7
SIMULATED TRAINING DATA — PROTOTYPE ONLY,43501,Fast Local,17,6.4,37.6,3.0,32.8,65.4,0.5,12,4,Normal,0.7,Clear,0.15,0,1,0,1,20,1,80,0.26,0.2,1,7.8,39.0,64.8,2.3,0.9,0.0,61,75.0,7395.0,16.8,219,28.5,0,9.5
SIMULATED TRAINING DATA — PROTOTYPE ONLY,43203,EMU Local,19,6.1,27.7,3.5,36.9,72.5,0.5,17,6,Normal,0.9,Clear,0.36,0,0,1,0,15,1,70,0.48,3.5,1,7.9,27.5,67.0,0.0,0.0,0.0,0,28.8,9772.0,25.8,242,31.0,1,15.3
SIMULATED TRAINING DATA — PROTOTYPE ONLY,43407,EMU Local,2,1.7,75.0,1.1,2.05,5.4,0.5,21,0,Normal,0.4,Clear,0.11,0,1,0,0,15,1,21,0.28,0.1,1,0.6,34.9,77.7,0.0,0.0,0.0,0,43.2,5219.0,30.3,251,45.5,2,11.0
SIMULATED TRAINING DATA — PROTOTYPE ONLY,43435,EMU Local,2,1.4,53.1,2.7,2.05,5.1,1.5,14,5,Normal,0.6,Clear,0.14,0,0,0,0,0,0,0,0.25,1.6,1,0.0,28.5,63.6,0.0,0.0,0.0,0,46.6,5662.0,6.1,78,7.4,0,2.4
SIMULATED TRAINING DATA — PROTOTYPE ONLY,43247,EMU Local,6,3.3,37.5,2.3,10.25,21.8,0.5,7,6,Normal,0.2,Clear,0.39,0,0,0,0,0,0,0,0.57,1.6,2,4.8,30.6,66.0,0.0,0.0,0.0,0,35.8,9083.0,26.3,309,41.5,1,5.6
SIMULATED TRAINING DATA — PROTOTYPE ONLY,43423,EMU Local,19,0.0,37.2,3.3,36.9,66.4,1.5,11,3,Normal,0.7,Clear,0.16,0,0,0,0,0,0,0,0.14,0.7,1,0.0,33.1,68.3,0.0,0.0,0.0,0,30.0,8064.0,32.3,287,42.5,1,2.3
SIMULATED TRAINING DATA — PROTOTYPE ONLY,43249,EMU Local,8,0.3,46.1,1.8,14.349999999999998,26.1,1.0,21,5,Warning,4.9,Occupied,0.92,0,1,1,0,15,1,84,0.29,0.1,1,1.9,36.1,83.0,9.8,9.4,3.2,63,92.1,5270.0,5.4,338,6.8,1,12.9
SIMULATED TRAINING DATA — PROTOTYPE ONLY,43435,MEMU,3,0.5,35.1,2.6,4.1,7.9,1.5,16,3,Normal,1.2,Clear,0.2,0,0,0,0,0,0,0,0.13,0.2,2,1.9,27.4,52.1,0.0,0.0,0.0,0,38.2,8494.0,15.7,193,19.7,0,1.7
SIMULATED TRAINING DATA — PROTOTYPE ONLY,43217,EMU Local,14,0.8,61.5,1.9,26.65,48.8,1.0,7,3,Normal,0.1,Clear,0.27,0,0,0,0,0,0,0,0.46,1.0,1,0.6,32.5,72.1,0.0,0.0,0.0,0,26.0,6941.0,27.8,71,43.9,1,3.4
SIMULATED TRAINING DATA — PROTOTYPE ONLY,43423,EMU Local,16,2.9,43.3,2.9,30.749999999999996,58.2,1.0,13,0,Normal,0.2,Clear,0.13,0,0,0,1,0,1,66,0.34,0.9,1,2.7,28.5,67.7,0.0,0.0,0.0,0,26.8,7288.0,32.8,291,39.6,1,5.8
SIMULATED TRAINING DATA — PROTOTYPE ONLY,43237,EMU Local,1,19.4,57.3,3.5,0.0,19.4,1.0,11,0,Critical,6.9,Restricted,0.94,1,0,0,0,0,0,0,0.47,1.6,2,18.2,34.1,79.3,0.0,0.0,0.0,0,20.0,6127.0,27.9,57,39.3,1,15.4
SIMULATED TRAINING DATA — PROTOTYPE ONLY,43501,EMU Local,21,4.2,45.1,2.2,41.0,78.0,1.0,15,2,Normal,0.7,Clear,0.13,0,0,1,0,30,1,26,0.63,1.1,2,4.3,35.4,70.6,0.0,0.0,0.0,0,38.4,5878.0,32.4,199,45.1,2,12.7
SIMULATED TRAINING DATA — PROTOTYPE ONLY,43503,EMU Local,3,0.3,55.0,1.4,4.1,7.7,0.5,22,5,Warning,6.8,Occupied,0.74,0,0,0,0,0,0,0,0.13,0.3,1,0.9,34.2,61.0,0.0,0.0,0.0,0,56.9,7137.0,33.1,279,49.0,2,12.3
SIMULATED TRAINING DATA — PROTOTYPE ONLY,43223,EMU Local,18,3.0,62.2,2.9,34.849999999999994,65.7,1.5,15,0,Warning,6.6,Occupied,0.74,0,0,1,0,30,1,76,0.28,0.5,1,3.4,28.3,97.8,5.8,5.1,3.0,63,99.9,7921.0,31.2,324,52.8,2,16.6
SIMULATED TRAINING DATA — PROTOTYPE ONLY,43503,EMU Local,9,2.7,67.2,2.4,16.4,32.2,1.0,5,0,Normal,0.1,Clear,0.27,0,0,0,0,0,0,0,0.31,1.3,2,3.4,27.1,90.5,9.8,8.9,2.6,63,97.2,6079.0,15.5,73,20.9,1,4.6
SIMULATED TRAINING DATA — PROTOTYPE ONLY,43425,EMU Local,6,0.6,49.4,2.3,10.25,19.0,0.5,11,2,Warning,2.7,Occupied,0.79,0,0,0,0,0,0,0,0.1,0.8,1,1.9,30.8,74.9,6.9,1.5,0.0,61,84.7,7272.0,13.0,141,21.0,0,3.2
SIMULATED TRAINING DATA — PROTOTYPE ONLY,43211,EMU Local,21,10.1,29.0,3.0,41.0,83.9,2.0,16,2,Normal,0.3,Clear,0.17,0,1,0,0,15,1,54,0.22,0.1,1,10.0,26.6,79.1,0.0,0.0,0.0,0,58.2,7935.0,20.8,296,34.9,1,14.5
SIMULATED TRAINING DATA — PROTOTYPE ONLY,43407,EMU Local,1,2.3,39.4,1.4,0.0,2.3,1.5,4,5,Normal,0.4,Clear,0.21,0,1,0,0,15,1,84,0.15,0.2,2,5.7,33.6,63.1,8.3,7.2,2.7,63,91.7,7416.0,23.9,24,30.5,1,8.3
SIMULATED TRAINING DATA — PROTOTYPE ONLY,43251,EMU Local,21,20.9,41.6,1.7,41.0,94.7,1.0,6,6,Normal,0.3,Clear,0.15,0,0,0,1,0,1,64,0.54,0.5,2,21.4,37.2,74.5,10.1,5.3,3.4,63,78.8,7340.0,6.0,24,8.9,1,8.3
SIMULATED TRAINING DATA — PROTOTYPE ONLY,43407,EMU Local,10,2.2,33.4,2.5,18.45,35.4,0.5,5,4,Warning,3.9,Occupied,0.7,0,0,0,0,0,0,0,0.46,4.5,2,2.7,28.4,98.0,0.0,0.0,0.0,2,13.7,6443.0,35.0,171,46.2,2,13.2
SIMULATED TRAINING DATA — PROTOTYPE ONLY,43245,Fast Local,6,3.7,30.9,1.7,10.25,22.2,2.0,23,1,Critical,18.0,Restricted,0.87,1,0,0,0,0,0,0,0.2,0.6,1,4.2,33.6,86.9,0.0,0.0,0.0,2,45.8,5561.0,17.3,85,28.1,0,22.6
SIMULATED TRAINING DATA — PROTOTYPE ONLY,43409,EMU Local,12,0.4,44.6,1.9,22.549999999999997,41.0,1.0,11,5,Warning,2.5,Occupied,0.92,0,0,0,0,0,0,0,0.22,0.1,2,0.9,28.3,59.3,0.0,0.0,0.0,0,46.5,9750.0,10.3,246,16.0,0,2.9
SIMULATED TRAINING DATA — PROTOTYPE ONLY,43223,EMU Local,4,2.4,27.3,2.9,6.1499999999999995,13.5,1.0,6,1,Normal,0.2,Clear,0.43,0,1,0,0,15,1,32,0.15,0.3,1,2.9,36.5,76.9,0.0,0.0,0.0,0,54.0,9514.0,11.9,67,18.7,0,10.1
SIMULATED TRAINING DATA — PROTOTYPE ONLY,43215,EMU Local,13,1.1,24.3,2.4,24.599999999999998,45.4,1.5,18,4,Normal,0.5,Clear,0.36,0,1,1,0,20,1,41,0.87,2.0,3,2.4,35.5,73.0,0.0,0.0,0.0,0,49.5,9651.0,15.2,274,23.7,0,10.8
SIMULATED TRAINING DATA — PROTOTYPE ONLY,43227,MEMU,17,7.2,16.6,1.4,32.8,66.2,0.5,5,3,Normal,0.5,Clear,0.11,0,1,0,0,20,1,111,0.24,0.8,1,4.2,31.2,78.2,0.0,0.0,0.0,0,39.6,7735.0,16.9,19,28.1,0,6.0
SIMULATED TRAINING DATA — PROTOTYPE ONLY,43223,MEMU,8,6.1,49.2,2.3,14.349999999999998,31.9,0.5,20,6,Normal,0.2,Clear,0.48,0,0,0,0,0,0,0,0.89,0.8,4,5.8,34.6,93.4,0.6,0.1,0.0,2,75.8,6306.0,35.2,26,53.7,2,8.4
SIMULATED TRAINING DATA — PROTOTYPE ONLY,43209,EMU Local,20,7.0,47.1,2.8,38.949999999999996,77.1,1.0,9,5,Normal,0.3,Clear,0.49,0,0,0,0,0,0,0,0.62,1.5,2,5.0,34.8,61.1,0.0,0.0,0.0,0,40.6,6649.0,16.7,38,27.4,0,3.0
SIMULATED TRAINING DATA — PROTOTYPE ONLY,43435,Fast Local,3,5.1,37.1,2.2,4.1,12.5,0.5,4,0,Normal,0.2,Clear,0.47,0,0,0,1,0,1,58,0.49,2.8,2,6.7,26.7,69.6,0.0,0.0,0.0,0,55.1,8004.0,12.7,174,19.1,0,5.3
SIMULATED TRAINING DATA — PROTOTYPE ONLY,43205,EMU Local,12,7.2,56.9,2.6,22.549999999999997,47.8,1.0,7,2,Critical,13.4,Restricted,0.86,1,0,0,0,0,0,0,0.2,0.8,1,5.5,33.5,58.5,0.0,0.0,0.0,0,32.6,8575.0,17.8,109,24.0,0,19.5
SIMULATED TRAINING DATA — PROTOTYPE ONLY,43401,EMU Local,7,0.9,27.0,1.8,12.299999999999999,23.0,0.5,22,5,Normal,0.3,Clear,0.19,0,1,0,0,15,1,76,0.26,0.1,1,0.0,29.0,74.6,2.5,0.8,0.0,61,84.4,8221.0,10.9,204,14.2,0,7.8
SIMULATED TRAINING DATA — PROTOTYPE ONLY,43203,MEMU,12,2.4,47.7,2.3,22.549999999999997,43.0,0.5,10,2,Normal,0.2,Clear,0.26,0,0,1,0,30,1,64,0.69,5.9,1,1.6,32.0,73.3,0.0,0.0,0.0,0,19.3,5884.0,21.0,299,28.6,0,9.9
SIMULATED TRAINING DATA — PROTOTYPE ONLY,43219,MEMU,2,4.7,42.8,1.2,2.05,8.4,0.5,17,3,Normal,0.1,Clear,0.35,0,0,0,0,0,0,0,0.74,1.1,4,3.2,30.1,97.0,6.1,5.5,3.0,63,98.5,9451.0,35.7,302,54.3,2,8.9
SIMULATED TRAINING DATA — PROTOTYPE ONLY,43221,EMU Local,14,4.1,30.9,2.5,26.65,52.1,0.5,17,2,Normal,0.3,Clear,0.25,0,0,0,0,0,0,0,0.81,1.6,4,3.7,31.6,61.8,0.0,0.0,0.0,0,50.9,8071.0,29.7,334,38.4,1,4.6
SIMULATED TRAINING DATA — PROTOTYPE ONLY,43423,EMU Local,5,5.0,34.6,2.3,8.2,19.8,0.5,13,3,Critical,19.7,Restricted,0.74,1,0,0,0,0,0,0,0.25,1.0,2,2.5,35.2,82.9,0.0,0.0,0.0,0,39.2,9321.0,34.4,335,57.8,2,28.6
SIMULATED TRAINING DATA — PROTOTYPE ONLY,66069,EMU Local,9,1.0,33.5,1.3,16.4,30.5,0.5,10,6,Normal,0.1,Clear,0.42,0,0,0,0,0,0,0,0.83,1.8,3,2.8,26.9,40.5,0.0,0.0,0.0,0,33.2,8089.0,37.3,317,61.3,2,8.1
SIMULATED TRAINING DATA — PROTOTYPE ONLY,43409,EMU Local,21,0.4,45.8,3.0,41.0,74.2,0.5,19,4,Normal,0.1,Clear,0.18,0,1,1,0,30,1,89,0.82,2.5,3,0.9,24.5,95.2,0.0,0.0,0.0,2,47.2,7022.0,17.7,253,27.4,0,8.2
SIMULATED TRAINING DATA — PROTOTYPE ONLY,66015,MEMU,11,9.9,50.9,2.4,20.5,46.8,1.0,7,3,Normal,0.5,Clear,0.26,0,0,0,0,0,0,0,0.24,0.5,1,9.0,29.7,72.3,0.0,0.0,0.0,0,25.8,5427.0,11.0,169,18.6,0,0.0
SIMULATED TRAINING DATA — PROTOTYPE ONLY,43217,EMU Local,5,3.3,35.6,1.7,8.2,18.1,1.5,10,1,Critical,11.3,Restricted,0.93,1,0,0,0,0,0,0,0.84,1.1,5,4.0,35.9,73.7,0.0,0.0,0.0,0,46.5,6515.0,26.5,303,33.9,1,19.4
SIMULATED TRAINING DATA — PROTOTYPE ONLY,43213,EMU Local,3,0.7,31.3,2.5,4.1,8.1,0.5,18,5,Normal,1.4,Clear,0.2,0,0,1,0,15,1,56,0.78,1.6,3,1.1,27.9,69.3,12.3,10.8,3.9,63,75.6,5955.0,27.1,107,40.6,1,15.4
SIMULATED TRAINING DATA — PROTOTYPE ONLY,43409,EMU Local,17,6.3,44.1,1.5,32.8,65.3,1.0,20,3,Normal,0.0,Clear,0.24,0,0,0,0,0,0,0,0.94,1.2,5,5.2,29.4,77.7,0.0,0.0,0.0,0,40.8,9811.0,26.3,89,36.9,1,5.3
SIMULATED TRAINING DATA — PROTOTYPE ONLY,43249,EMU Local,2,9.9,17.2,1.6,2.05,13.6,0.5,6,5,Normal,0.1,Clear,0.11,0,0,0,0,0,0,0,0.06,0.1,2,10.7,36.2,64.9,0.0,0.0,0.0,0,58.6,7002.0,30.3,185,46.4,2,3.3
SIMULATED TRAINING DATA — PROTOTYPE ONLY,43501,EMU Local,1,0.7,42.5,1.5,0.0,0.7,0.5,19,4,Normal,0.0,Clear,0.23,0,0,0,0,0,0,0,0.4,0.3,2,0.4,37.0,73.7,13.3,11.1,3.9,63,96.3,9525.0,11.7,118,19.3,1,4.4
SIMULATED TRAINING DATA — PROTOTYPE ONLY,43223,EMU Local,7,6.8,65.4,1.5,12.299999999999999,28.9,1.5,5,6,Warning,2.3,Occupied,0.64,0,0,1,0,30,1,27,0.37,0.1,2,8.2,34.3,88.2,0.0,0.0,0.0,2,31.9,6654.0,5.4,25,7.8,0,7.6
SIMULATED TRAINING DATA — PROTOTYPE ONLY,43227,Fast Local,14,10.8,31.4,2.4,26.65,58.8,0.5,10,3,Normal,0.5,Clear,0.14,0,0,0,0,0,0,0,0.5,2.1,2,10.2,33.1,67.3,0.0,0.0,0.0,0,41.2,5619.0,21.5,134,27.2,0,2.8
SIMULATED TRAINING DATA — PROTOTYPE ONLY,43227,MEMU,5,11.1,39.3,2.2,8.2,25.9,0.5,19,4,Normal,0.3,Clear,0.1,0,1,0,0,15,1,93,0.52,0.2,1,9.5,35.5,68.4,0.0,0.0,0.0,0,16.0,9049.0,9.9,192,12.7,0,10.6
SIMULATED TRAINING DATA — PROTOTYPE ONLY,43203,EMU Local,19,9.8,57.4,2.5,36.9,76.2,0.5,12,1,Normal,0.8,Clear,0.33,0,0,0,0,0,0,0,0.18,1.1,1,11.0,29.8,68.6,0.0,0.0,0.0,0,55.6,7346.0,5.9,328,8.9,0,0.9
SIMULATED TRAINING DATA — PROTOTYPE ONLY,43215,Fast Local,11,3.2,53.3,1.0,20.5,40.1,2.0,15,6,Critical,17.6,Restricted,0.68,1,0,1,0,20,1,58,0.08,0.1,1,2.9,34.3,83.5,14.299999999999999,13.7,1.1,63,71.3,9254.0,20.2,199,26.0,1,28.0
SIMULATED TRAINING DATA — PROTOTYPE ONLY,43511,MEMU,2,1.8,42.9,1.9,2.05,5.5,0.5,4,0,Normal,2.1,Clear,0.11,0,0,0,0,0,0,0,0.37,0.4,1,1.8,28.3,70.2,0.0,0.0,0.0,0,30.5,7833.0,27.4,214,36.3,1,7.0
SIMULATED TRAINING DATA — PROTOTYPE ONLY,43423,MEMU,8,0.0,41.1,1.9,14.349999999999998,25.8,1.0,17,4,Warning,3.5,Occupied,0.8,0,0,0,0,0,0,0,0.56,1.0,1,0.3,38.0,66.7,0.0,0.0,0.0,0,52.7,5499.0,22.7,310,34.3,1,7.6
SIMULATED TRAINING DATA — PROTOTYPE ONLY,43209,EMU Local,9,0.3,23.5,2.1,16.4,29.8,0.5,14,0,Normal,0.0,Clear,0.33,0,0,0,0,0,0,0,0.21,0.1,2,0.0,35.7,74.2,8.1,6.9,1.6,63,99.5,5158.0,6.0,112,7.3,1,1.5
SIMULATED TRAINING DATA — PROTOTYPE ONLY,43211,EMU Local,3,2.2,49.4,2.1,4.1,9.6,0.5,21,4,Warning,3.3,Occupied,0.66,0,0,1,0,20,1,45,0.26,1.7,2,1.8,34.1,84.8,0.0,0.0,0.0,0,36.6,5797.0,11.4,318,18.5,0,10.3
SIMULATED TRAINING DATA — PROTOTYPE ONLY,43505,EMU Local,2,2.0,21.8,2.2,2.05,5.7,1.0,8,6,Critical,7.0,Restricted,0.68,1,0,1,0,30,1,18,0.96,0.6,4,1.4,30.1,56.4,0.0,0.0,0.0,0,47.1,6604.0,19.2,334,32.0,1,18.6
SIMULATED TRAINING DATA — PROTOTYPE ONLY,43251,EMU Local,7,0.8,11.0,2.2,12.299999999999999,22.9,0.5,18,3,Normal,1.3,Clear,0.2,0,0,0,0,0,0,0,0.97,2.3,5,0.3,34.3,81.0,3.5999999999999996,1.2,0.0,61,85.4,7045.0,31.9,17,47.9,2,8.1
SIMULATED TRAINING DATA — PROTOTYPE ONLY,43215,EMU Local,5,2.0,57.1,1.8,8.2,16.8,1.0,10,0,Normal,0.2,Clear,0.19,0,0,0,0,0,0,0,0.79,0.5,5,3.5,31.4,76.2,0.0,0.0,0.0,0,10.9,9323.0,14.8,245,23.2,0,2.7
SIMULATED TRAINING DATA — PROTOTYPE ONLY,43207,EMU Local,21,0.8,47.8,1.9,41.0,74.6,1.0,17,6,Normal,0.4,Clear,0.46,0,0,0,0,0,0,0,0.78,0.1,4,0.0,29.3,76.8,0.0,0.0,0.0,0,21.3,9397.0,33.2,188,45.4,2,5.2
SIMULATED TRAINING DATA — PROTOTYPE ONLY,43503,EMU Local,5,7.6,55.2,2.1,8.2,22.4,0.5,23,4,Warning,6.1,Occupied,0.89,0,0,0,0,0,0,0,0.26,1.5,1,6.6,33.8,72.2,3.7,3.0,0.0,61,97.7,7282.0,32.6,55,50.5,2,14.5
SIMULATED TRAINING DATA — PROTOTYPE ONLY,43211,MEMU,20,1.4,31.0,2.4,38.949999999999996,71.5,0.5,11,5,Normal,0.1,Clear,0.45,0,1,0,0,20,1,33,0.25,0.7,1,3.1,23.9,72.4,8.2,4.6,0.0,61,75.5,8281.0,25.6,82,34.3,1,11.0
SIMULATED TRAINING DATA — PROTOTYPE ONLY,43237,EMU Local,13,3.7,49.0,2.2,24.599999999999998,48.0,1.0,7,4,Normal,0.1,Clear,0.42,0,1,0,0,15,1,82,0.34,0.1,1,2.5,35.0,80.4,0.0,0.0,0.0,0,34.0,5650.0,32.9,240,42.8,1,10.2
SIMULATED TRAINING DATA — PROTOTYPE ONLY,43435,EMU Local,21,2.8,35.4,1.6,41.0,76.6,0.5,6,0,Normal,0.2,Clear,0.22,0,0,1,0,15,1,79,0.23,1.8,2,2.9,27.4,53.4,0.0,0.0,0.0,0,59.4,9758.0,26.6,102,44.5,1,10.6
SIMULATED TRAINING DATA — PROTOTYPE ONLY,43223,Fast Local,20,0.2,37.1,1.6,38.949999999999996,70.3,0.5,15,5,Normal,0.5,Clear,0.11,0,1,0,0,20,1,54,0.05,0.1,1,1.0,34.4,62.3,4.0,1.4,0.0,61,95.8,6688.0,11.2,281,18.3,0,7.2
SIMULATED TRAINING DATA — PROTOTYPE ONLY,43207,Fast Local,6,11.4,56.6,2.4,10.25,29.8,0.5,21,6,Normal,1.8,Clear,0.13,0,0,0,0,0,0,0,0.47,0.9,1,12.2,25.5,51.7,0.0,0.0,0.0,0,37.9,8242.0,5.4,248,8.2,0,3.6
SIMULATED TRAINING DATA — PROTOTYPE ONLY,43425,MEMU,20,3.0,39.8,2.6,38.949999999999996,73.1,1.0,18,4,Warning,5.7,Occupied,0.7,0,0,0,0,0,0,0,0.65,1.6,2,1.3,29.8,93.7,0.0,0.0,0.0,2,38.9,7763.0,24.7,356,32.7,1,9.7
SIMULATED TRAINING DATA — PROTOTYPE ONLY,43435,Fast Local,18,1.6,31.6,2.7,34.849999999999994,64.3,1.5,14,0,Warning,5.3,Occupied,0.88,0,0,0,0,0,0,0,0.75,0.7,4,0.7,33.3,87.1,0.0,0.0,0.0,2,19.0,8831.0,11.8,286,18.6,0,7.8
SIMULATED TRAINING DATA — PROTOTYPE ONLY,43401,EMU Local,2,0.7,21.5,1.8,2.05,4.4,1.0,14,1,Normal,0.0,Clear,0.26,0,0,0,0,0,0,0,0.57,1.6,2,0.0,35.0,45.9,0.0,0.0,0.0,0,44.4,9962.0,25.1,149,41.7,1,4.3
SIMULATED TRAINING DATA — PROTOTYPE ONLY,43425,Fast Local,6,1.7,47.4,1.0,10.25,20.2,0.5,15,2,Normal,0.9,Clear,0.11,0,0,0,0,0,0,0,0.19,0.2,1,2.7,28.7,76.3,0.0,0.0,0.0,0,11.2,7175.0,12.2,62,18.1,0,2.0
SIMULATED TRAINING DATA — PROTOTYPE ONLY,43207,EMU Local,9,0.1,57.9,2.3,16.4,29.6,1.0,22,1,Normal,0.0,Clear,0.32,0,1,0,0,20,1,44,0.21,1.3,2,1.4,27.8,69.4,0.0,0.0,0.0,0,26.2,6484.0,9.2,42,15.3,0,6.8
SIMULATED TRAINING DATA — PROTOTYPE ONLY,43425,EMU Local,3,1.8,30.3,1.7,4.1,9.2,0.5,20,0,Warning,6.7,Occupied,0.67,0,0,0,0,0,0,0,0.67,4.1,1,3.0,35.6,79.1,0.0,0.0,0.0,0,25.4,5505.0,18.9,75,28.6,0,9.6
SIMULATED TRAINING DATA — PROTOTYPE ONLY,43435,EMU Local,1,3.0,52.3,2.0,0.0,3.0,0.5,9,3,Normal,0.4,Clear,0.19,0,0,0,0,0,0,0,0.58,1.3,2,3.0,39.1,76.0,0.0,0.0,0.0,0,13.7,8960.0,29.7,295,49.4,2,6.8
SIMULATED TRAINING DATA — PROTOTYPE ONLY,66069,EMU Local,1,8.2,27.9,2.2,0.0,8.2,1.0,11,3,Normal,0.1,Clear,0.16,0,0,0,1,0,1,63,0.29,0.8,1,7.9,27.9,70.3,0.0,0.0,0.0,0,26.8,6559.0,12.8,52,18.2,0,4.9
SIMULATED TRAINING DATA — PROTOTYPE ONLY,43435,EMU Local,19,4.7,53.2,2.4,36.9,71.1,1.0,18,2,Normal,0.3,Clear,0.4,0,0,0,0,0,0,0,0.88,15.2,3,4.0,21.0,71.3,0.0,0.0,0.0,0,40.1,7220.0,32.7,107,48.1,2,12.3
SIMULATED TRAINING DATA — PROTOTYPE ONLY,43435,EMU Local,5,0.5,42.5,2.6,8.2,15.3,1.0,23,0,Normal,2.6,Clear,0.1,0,0,1,0,15,1,55,0.39,2.2,1,0.0,37.6,84.2,9.0,9.0,1.4,63,98.5,9783.0,34.5,31,58.4,2,18.9
SIMULATED TRAINING DATA — PROTOTYPE ONLY,43205,MEMU,13,0.6,46.0,2.8,24.599999999999998,44.9,0.5,13,5,Normal,0.2,Clear,0.28,0,0,0,0,0,0,0,0.05,0.0,1,1.2,30.9,64.9,0.0,0.0,0.0,0,11.0,9735.0,13.4,244,20.2,0,0.8
SIMULATED TRAINING DATA — PROTOTYPE ONLY,66015,EMU Local,19,2.2,31.5,2.9,36.9,68.6,1.5,18,4,Normal,0.2,Clear,0.13,0,1,0,0,20,1,63,0.87,0.6,5,1.0,27.9,67.4,0.0,0.0,0.0,0,41.3,8471.0,13.6,216,19.7,0,9.5
SIMULATED TRAINING DATA — PROTOTYPE ONLY,43401,EMU Local,12,0.9,47.4,2.2,22.549999999999997,41.5,1.5,15,1,Normal,0.1,Clear,0.32,0,0,0,0,0,0,0,0.05,0.2,1,0.0,31.7,79.8,0.0,0.0,0.0,0,25.3,5518.0,16.8,254,20.4,0,0.0
SIMULATED TRAINING DATA — PROTOTYPE ONLY,43251,MEMU,16,0.1,33.0,1.1,30.749999999999996,55.4,0.5,14,5,Normal,0.5,Clear,0.24,0,1,0,0,30,1,15,0.38,0.6,1,1.7,39.3,82.3,0.0,0.0,0.0,0,59.9,7243.0,28.5,293,40.3,1,6.1
SIMULATED TRAINING DATA — PROTOTYPE ONLY,43239,EMU Local,19,6.5,35.8,1.7,36.9,72.9,0.5,21,6,Normal,0.0,Clear,0.11,0,0,0,0,0,0,0,0.37,2.1,1,5.8,34.1,75.5,0.0,0.0,0.0,0,55.0,9543.0,9.1,300,11.0,0,2.5
SIMULATED TRAINING DATA — PROTOTYPE ONLY,43227,EMU Local,3,0.1,19.2,2.9,4.1,7.5,0.5,8,1,Normal,0.7,Clear,0.28,0,0,0,0,0,0,0,0.67,2.4,1,0.4,34.6,66.2,3.3,2.8,0.0,61,85.1,7520.0,31.2,131,39.2,1,6.1
SIMULATED TRAINING DATA — PROTOTYPE ONLY,43249,EMU Local,12,7.1,30.4,2.2,22.549999999999997,47.7,0.5,15,2,Normal,1.3,Clear,0.33,0,1,0,0,15,1,41,0.64,10.5,1,6.9,32.1,51.9,0.0,0.0,0.0,0,28.4,9920.0,22.1,328,29.8,0,14.1
SIMULATED TRAINING DATA — PROTOTYPE ONLY,43217,EMU Local,5,0.6,34.1,3.4,8.2,15.4,1.5,8,2,Warning,6.4,Occupied,0.93,0,0,0,0,0,0,0,0.69,0.0,2,2.0,33.4,52.4,4.8,4.2,0.0,61,70.1,5944.0,24.7,81,31.8,1,9.8
SIMULATED TRAINING DATA — PROTOTYPE ONLY,66015,EMU Local,2,14.7,46.7,1.9,2.05,18.4,0.5,13,6,Normal,0.1,Clear,0.41,0,0,0,0,0,0,0,0.32,0.6,1,12.9,38.3,69.6,0.0,0.0,0.0,0,10.1,7988.0,31.9,40,44.8,1,4.6
SIMULATED TRAINING DATA — PROTOTYPE ONLY,43501,Fast Local,7,3.7,50.9,3.5,12.299999999999999,25.8,1.0,17,2,Normal,0.4,Clear,0.25,0,0,1,0,15,1,54,0.57,1.0,1,4.6,27.9,74.0,0.0,0.0,0.0,0,49.9,5946.0,8.3,47,12.7,0,13.3
SIMULATED TRAINING DATA — PROTOTYPE ONLY,43223,EMU Local,13,5.3,32.9,2.1,24.599999999999998,49.6,1.0,19,6,Normal,0.1,Clear,0.4,0,0,0,0,0,0,0,0.79,1.6,5,5.2,34.5,67.8,0.0,0.0,0.0,0,34.6,8980.0,33.6,69,45.4,2,10.8
SIMULATED TRAINING DATA — PROTOTYPE ONLY,43221,EMU Local,15,0.5,39.5,1.8,28.699999999999996,52.2,1.0,8,5,Normal,0.4,Clear,0.33,0,0,0,0,0,0,0,0.93,7.0,3,1.0,31.4,59.4,0.0,0.0,0.0,0,25.9,9588.0,36.1,252,52.2,2,7.0
SIMULATED TRAINING DATA — PROTOTYPE ONLY,43407,Fast Local,3,7.9,67.3,1.7,4.1,15.3,0.5,14,5,Normal,0.8,Clear,0.45,0,0,0,0,0,0,0,0.3,0.5,1,7.4,31.2,57.5,0.0,0.0,0.0,0,38.5,5308.0,27.6,207,45.0,1,3.9
SIMULATED TRAINING DATA — PROTOTYPE ONLY,43435,MEMU,21,7.3,44.0,2.5,41.0,81.1,2.0,22,2,Warning,2.8,Occupied,0.94,0,0,1,1,20,1,29,0.3,1.7,1,6.9,26.9,74.0,0.0,0.0,0.0,0,25.3,7135.0,30.4,135,49.8,2,16.7
SIMULATED TRAINING DATA — PROTOTYPE ONLY,43215,EMU Local,20,4.2,33.9,1.3,38.949999999999996,74.3,0.5,11,5,Normal,1.0,Clear,0.17,0,1,0,0,15,1,35,0.26,0.9,1,5.3,33.2,88.3,0.0,0.0,0.0,2,29.2,5190.0,9.2,146,14.2,0,8.9
SIMULATED TRAINING DATA — PROTOTYPE ONLY,43245,EMU Local,5,2.8,16.8,1.8,8.2,17.6,1.0,22,2,Warning,5.5,Occupied,0.96,0,1,0,0,20,1,51,0.32,0.7,1,1.9,33.8,63.1,0.0,0.0,0.0,0,13.7,5344.0,22.1,132,34.0,1,13.3
SIMULATED TRAINING DATA — PROTOTYPE ONLY,43407,EMU Local,8,5.1,29.2,2.1,14.349999999999998,30.9,1.0,23,5,Warning,2.4,Occupied,0.75,0,0,0,0,0,0,0,0.27,1.1,2,4.5,30.8,71.7,0.0,0.0,0.0,0,32.1,6840.0,13.2,231,19.3,0,3.5
SIMULATED TRAINING DATA — PROTOTYPE ONLY,43213,EMU Local,1,0.0,28.6,1.0,0.0,0.0,0.5,21,2,Normal,0.5,Clear,0.49,0,1,0,0,20,1,68,0.53,0.5,1,0.0,37.3,63.5,0.0,0.0,0.0,0,17.1,7916.0,31.2,217,49.8,2,12.3
SIMULATED TRAINING DATA — PROTOTYPE ONLY,43203,EMU Local,8,3.6,71.7,2.0,14.349999999999998,29.4,1.5,15,4,Warning,6.4,Occupied,0.94,0,0,0,0,0,0,0,0.12,0.1,1,1.9,31.8,79.2,12.7,12.6,1.2,63,96.1,9259.0,31.2,216,41.8,1,8.5
SIMULATED TRAINING DATA — PROTOTYPE ONLY,43245,EMU Local,18,7.5,29.3,3.1,34.849999999999994,70.2,0.5,16,4,Normal,0.3,Clear,0.34,0,0,0,0,0,0,0,0.11,1.3,2,7.2,23.0,70.5,0.0,0.0,0.0,0,48.8,9736.0,17.6,280,29.6,0,0.0
SIMULATED TRAINING DATA — PROTOTYPE ONLY,43503,Fast Local,20,1.8,42.8,2.4,38.949999999999996,71.9,1.0,21,6,Normal,0.1,Clear,0.3,0,0,0,0,0,0,0,0.32,0.6,1,1.6,33.7,83.9,0.0,0.0,0.0,0,21.8,6344.0,28.5,136,37.7,1,2.7
SIMULATED TRAINING DATA — PROTOTYPE ONLY,66069,EMU Local,16,0.5,47.6,1.7,30.749999999999996,55.8,1.0,18,1,Critical,20.3,Restricted,0.96,1,0,0,0,0,0,0,0.84,1.1,5,1.3,26.8,73.4,0.0,0.0,0.0,0,21.5,6120.0,22.2,98,35.4,1,28.7
SIMULATED TRAINING DATA — PROTOTYPE ONLY,43219,EMU Local,18,2.2,58.6,1.8,34.849999999999994,64.9,1.0,18,6,Normal,0.3,Clear,0.49,0,0,0,0,0,0,0,0.75,0.8,5,1.6,37.2,73.4,0.0,0.0,0.0,0,45.5,5791.0,21.9,192,35.0,1,4.3
SIMULATED TRAINING DATA — PROTOTYPE ONLY,43251,EMU Local,20,5.2,42.1,2.3,38.949999999999996,75.3,0.5,15,1,Normal,0.5,Clear,0.31,0,0,0,0,0,0,0,0.08,0.3,1,2.9,39.0,61.8,8.0,6.9,3.9,63,79.2,5098.0,27.0,65,43.3,1,1.7
SIMULATED TRAINING DATA — PROTOTYPE ONLY,43205,EMU Local,12,0.5,34.3,1.8,22.549999999999997,41.1,1.0,12,6,Normal,0.7,Clear,0.37,0,1,0,0,15,1,101,0.24,4.7,2,0.5,35.5,62.0,0.0,0.0,0.0,0,31.0,7675.0,24.3,43,36.4,1,12.4
SIMULATED TRAINING DATA — PROTOTYPE ONLY,43409,EMU Local,13,0.9,33.4,2.4,24.599999999999998,45.2,1.0,22,2,Normal,0.7,Clear,0.24,0,0,0,0,0,0,0,0.42,3.3,2,0.3,31.5,77.5,0.0,0.0,0.0,0,12.4,7656.0,10.5,280,12.8,0,2.1
SIMULATED TRAINING DATA — PROTOTYPE ONLY,43423,EMU Local,13,0.6,47.3,1.8,24.599999999999998,44.9,0.5,15,1,Normal,0.7,Clear,0.22,0,0,0,0,0,0,0,0.2,0.4,1,0.0,33.9,74.8,7.3,1.5,0.0,61,97.6,5427.0,25.5,252,39.2,1,2.6
SIMULATED TRAINING DATA — PROTOTYPE ONLY,43201,MEMU,10,6.4,31.7,1.5,18.45,39.6,1.0,8,5,Warning,6.9,Occupied,0.89,0,0,0,1,0,1,48,0.72,5.7,4,6.8,28.5,96.2,0.0,0.0,0.0,2,30.4,5086.0,19.2,99,26.0,0,13.9
SIMULATED TRAINING DATA — PROTOTYPE ONLY,43505,EMU Local,7,0.3,25.4,2.8,12.299999999999999,22.4,1.0,23,2,Normal,0.6,Clear,0.12,0,0,0,0,0,0,0,0.22,0.5,2,0.7,34.0,58.8,0.0,0.0,0.0,0,18.1,6908.0,19.9,227,33.8,1,3.8
SIMULATED TRAINING DATA — PROTOTYPE ONLY,43237,EMU Local,14,4.6,34.3,2.5,26.65,52.6,1.0,13,4,Warning,2.2,Occupied,0.79,0,0,1,0,15,1,85,0.44,0.2,1,5.3,28.3,83.9,0.0,0.0,0.0,0,56.5,5394.0,31.3,139,42.0,1,16.4
SIMULATED TRAINING DATA — PROTOTYPE ONLY,43247,EMU Local,16,1.8,22.1,1.0,30.749999999999996,57.1,0.5,10,3,Normal,0.5,Clear,0.17,0,1,0,0,20,1,27,0.81,0.6,5,2.3,39.0,73.6,11.100000000000001,8.9,3.8,63,78.7,5281.0,29.8,284,40.6,1,8.0
SIMULATED TRAINING DATA — PROTOTYPE ONLY,66069,EMU Local,15,5.6,69.8,1.9,28.699999999999996,57.3,0.5,14,4,Normal,0.0,Clear,0.28,0,1,0,0,15,1,18,0.07,0.1,1,6.5,27.6,60.3,18.8,16.1,1.0,65,73.2,2070.0,28.7,127,38.4,2,12.2
SIMULATED TRAINING DATA — PROTOTYPE ONLY,43239,EMU Local,12,13.3,50.9,2.7,22.549999999999997,53.9,0.5,11,0,Normal,0.1,Clear,0.28,0,1,0,0,20,1,25,0.25,2.2,2,13.7,24.9,39.9,0.0,0.0,0.0,0,58.4,9062.0,32.6,244,49.8,2,12.0
SIMULATED TRAINING DATA — PROTOTYPE ONLY,43407,EMU Local,9,0.5,66.3,2.0,16.4,30.0,0.5,10,4,Normal,1.3,Clear,0.41,0,0,0,1,0,1,64,0.58,7.8,2,2.9,30.8,64.4,3.0,2.7,0.0,61,99.3,8344.0,11.6,198,15.9,0,9.1
SIMULATED TRAINING DATA — PROTOTYPE ONLY,43205,EMU Local,8,1.5,49.3,1.8,14.349999999999998,27.3,1.5,19,0,Normal,0.2,Clear,0.3,0,0,0,0,0,0,0,0.87,0.8,4,3.3,33.9,65.9,1.8,0.1,0.0,0,77.6,5768.0,21.5,166,33.5,1,6.1
SIMULATED TRAINING DATA — PROTOTYPE ONLY,43511,EMU Local,18,6.6,64.9,1.9,34.849999999999994,69.3,0.5,19,1,Critical,15.9,Restricted,0.67,1,0,1,0,15,1,74,0.92,1.7,4,6.9,40.8,65.9,0.0,0.0,0.0,0,29.2,8304.0,36.7,213,50.4,2,34.1
SIMULATED TRAINING DATA — PROTOTYPE ONLY,43237,MEMU,18,1.2,47.5,2.2,34.849999999999994,63.9,0.5,17,4,Normal,0.1,Clear,0.19,0,0,0,0,0,0,0,0.53,7.4,2,0.0,28.6,82.8,0.0,0.0,0.0,0,49.2,6753.0,8.3,54,13.8,0,4.7
SIMULATED TRAINING DATA — PROTOTYPE ONLY,43501,Fast Local,13,1.0,52.9,2.0,24.599999999999998,45.3,1.0,18,3,Normal,0.1,Clear,0.44,0,0,0,1,0,1,57,0.79,5.2,5,3.2,31.8,66.5,0.0,0.0,0.0,0,25.5,5430.0,35.9,200,47.7,2,13.2
SIMULATED TRAINING DATA — PROTOTYPE ONLY,43227,MEMU,18,7.0,10.0,2.1,34.849999999999994,69.7,0.5,23,5,Normal,0.1,Clear,0.14,0,0,1,0,30,1,59,0.21,0.4,2,6.7,31.5,75.3,0.0,0.0,0.0,0,32.7,6849.0,9.8,294,13.2,0,4.9
SIMULATED TRAINING DATA — PROTOTYPE ONLY,43501,Fast Local,15,17.4,28.3,2.0,28.699999999999996,69.1,0.5,12,4,Normal,0.4,Clear,0.49,0,0,0,0,0,0,0,0.08,0.2,2,18.2,27.3,55.3,0.0,0.0,0.0,0,31.2,9328.0,6.4,205,9.1,0,0.0
SIMULATED TRAINING DATA — PROTOTYPE ONLY,66069,EMU Local,4,3.3,42.6,1.5,6.1499999999999995,14.4,1.0,19,5,Normal,1.3,Clear,0.29,0,1,0,0,30,1,40,0.56,4.1,1,3.9,27.5,76.7,0.0,0.0,0.0,0,31.7,6021.0,11.4,179,19.1,0,7.3
SIMULATED TRAINING DATA — PROTOTYPE ONLY,43251,Fast Local,17,1.3,42.9,1.5,32.8,60.3,1.0,19,4,Normal,0.2,Clear,0.17,0,0,0,0,0,0,0,0.9,0.1,5,1.2,24.0,56.4,0.0,0.0,0.0,0,41.4,7458.0,19.9,156,25.1,0,2.5
SIMULATED TRAINING DATA — PROTOTYPE ONLY,43409,EMU Local,5,2.0,40.9,1.4,8.2,16.8,1.0,8,4,Warning,3.6,Occupied,0.92,0,0,0,0,0,0,0,0.84,7.8,3,1.4,37.6,80.1,0.0,0.0,0.0,0,49.4,6752.0,13.9,169,20.1,0,7.9
SIMULATED TRAINING DATA — PROTOTYPE ONLY,43217,Fast Local,16,0.7,48.8,2.2,30.749999999999996,56.0,1.0,6,5,Warning,4.5,Occupied,0.72,0,0,0,0,0,0,0,0.15,0.0,2,0.3,28.3,83.6,3.7,1.0,0.0,61,82.2,8998.0,19.9,139,28.6,0,5.0
SIMULATED TRAINING DATA — PROTOTYPE ONLY,43209,Fast Local,9,5.7,49.4,2.4,16.4,35.2,0.5,16,5,Normal,0.2,Clear,0.17,0,0,0,0,0,0,0,0.11,0.9,1,2.5,23.2,54.0,0.0,0.0,0.0,0,41.4,7994.0,20.6,30,32.3,1,2.4
SIMULATED TRAINING DATA — PROTOTYPE ONLY,43223,MEMU,10,5.9,55.0,1.5,18.45,39.1,1.5,11,2,Normal,1.2,Clear,0.23,0,0,0,0,0,0,0,0.23,0.1,1,4.5,30.0,95.1,0.0,0.0,0.0,2,13.2,7049.0,37.7,241,51.5,2,4.3
SIMULATED TRAINING DATA — PROTOTYPE ONLY,43425,Fast Local,18,8.3,52.0,1.2,34.849999999999994,71.0,0.5,20,4,Normal,0.2,Clear,0.32,0,0,0,0,0,0,0,0.71,8.6,4,7.7,36.4,66.5,0.0,0.0,0.0,0,13.6,7176.0,23.2,117,31.7,1,8.3
SIMULATED TRAINING DATA — PROTOTYPE ONLY,43249,EMU Local,17,0.1,60.1,1.6,32.8,59.1,0.5,8,4,Normal,0.3,Clear,0.15,0,0,0,0,0,0,0,0.36,0.0,1,0.2,33.6,76.3,0.0,0.0,0.0,0,15.3,9518.0,30.4,115,43.6,1,4.6
SIMULATED TRAINING DATA — PROTOTYPE ONLY,43423,EMU Local,18,3.3,60.2,2.9,34.849999999999994,66.0,0.5,9,3,Warning,5.9,Occupied,0.7,0,0,0,0,0,0,0,0.92,10.8,4,4.0,33.5,81.2,0.0,0.0,0.0,0,21.4,6261.0,8.1,182,11.8,0,12.2
SIMULATED TRAINING DATA — PROTOTYPE ONLY,43227,EMU Local,7,1.0,44.6,1.9,12.299999999999999,23.1,0.5,5,5,Warning,4.8,Occupied,0.99,0,0,0,0,0,0,0,0.18,0.0,1,0.3,38.0,63.9,0.0,0.0,0.0,0,18.9,5417.0,24.9,270,32.6,1,8.1
SIMULATED TRAINING DATA — PROTOTYPE ONLY,43239,EMU Local,4,1.7,73.2,2.0,6.1499999999999995,12.8,0.5,17,5,Normal,0.4,Clear,0.33,0,0,0,1,0,1,111,0.2,0.1,1,2.5,35.7,63.6,7.8,5.6,2.8,63,77.8,9267.0,14.1,143,21.1,1,5.5
SIMULATED TRAINING DATA — PROTOTYPE ONLY,43239,EMU Local,5,6.1,62.4,1.6,8.2,20.9,1.0,7,0,Normal,0.1,Clear,0.22,0,1,0,0,20,1,49,0.48,5.5,2,5.8,21.0,66.9,3.1,2.9,0.0,61,99.8,7387.0,13.7,185,17.0,0,10.1
SIMULATED TRAINING DATA — PROTOTYPE ONLY,43217,EMU Local,16,0.9,29.9,2.4,30.749999999999996,56.2,1.0,6,0,Normal,0.1,Clear,0.15,0,0,0,0,0,0,0,0.1,0.5,1,0.5,29.6,77.5,0.0,0.0,0.0,0,44.4,5242.0,37.8,79,54.4,2,7.2
SIMULATED TRAINING DATA — PROTOTYPE ONLY,43407,Fast Local,3,4.1,47.9,2.0,4.1,11.5,0.5,12,5,Critical,10.0,Restricted,0.93,1,0,0,0,0,0,0,0.28,1.8,1,4.2,33.2,79.0,0.0,0.0,0.0,0,49.0,9524.0,15.3,220,21.1,0,16.2
SIMULATED TRAINING DATA — PROTOTYPE ONLY,43501,EMU Local,18,4.3,14.4,1.7,34.849999999999994,67.0,1.0,21,3,Critical,9.8,Restricted,0.75,1,0,0,0,0,0,0,0.37,0.7,1,5.2,32.3,88.7,5.1,4.1,0.0,61,95.5,8139.0,33.8,156,54.6,2,18.7
SIMULATED TRAINING DATA — PROTOTYPE ONLY,43201,MEMU,21,12.3,16.9,1.5,41.0,86.1,1.0,15,1,Normal,0.0,Clear,0.35,0,1,0,0,20,1,117,0.39,0.1,2,12.0,33.7,86.9,0.0,0.0,0.0,2,54.2,6260.0,20.2,220,26.7,0,5.4
SIMULATED TRAINING DATA — PROTOTYPE ONLY,66015,Fast Local,14,6.0,34.5,2.3,26.65,54.0,0.5,12,4,Warning,2.8,Occupied,0.85,0,0,0,0,0,0,0,0.29,0.2,2,6.4,42.2,86.8,0.0,0.0,0.0,2,39.3,8492.0,17.6,311,27.8,0,3.3
SIMULATED TRAINING DATA — PROTOTYPE ONLY,43203,Fast Local,15,6.5,28.9,2.3,28.699999999999996,58.2,0.5,21,1,Critical,20.6,Restricted,0.76,1,0,0,0,0,0,0,0.31,2.8,2,7.4,27.6,82.5,0.0,0.0,0.0,0,53.8,6341.0,9.7,180,13.9,0,25.6
SIMULATED TRAINING DATA — PROTOTYPE ONLY,43249,Fast Local,17,3.0,34.6,1.4,32.8,62.0,0.5,16,3,Normal,0.4,Clear,0.18,0,0,0,0,0,0,0,0.05,0.1,1,3.7,22.5,81.6,0.0,0.0,0.0,0,33.3,6952.0,26.9,327,44.4,1,0.8
SIMULATED TRAINING DATA — PROTOTYPE ONLY,43501,EMU Local,1,0.8,46.9,2.8,0.0,0.8,0.5,17,1,Warning,6.7,Occupied,0.89,0,0,0,0,0,0,0,0.94,4.6,3,0.0,21.8,67.2,7.1,6.3,1.8,63,84.9,6766.0,22.6,17,32.2,1,12.5
SIMULATED TRAINING DATA — PROTOTYPE ONLY,43223,Fast Local,21,2.2,60.4,1.7,41.0,76.0,1.0,13,0,Normal,0.8,Clear,0.29,0,0,0,0,0,0,0,0.25,1.0,2,1.6,35.2,65.4,0.0,0.0,0.0,0,36.8,8728.0,25.4,263,39.9,1,2.5
SIMULATED TRAINING DATA — PROTOTYPE ONLY,43215,MEMU,17,3.2,59.6,1.0,32.8,62.2,0.5,6,2,Normal,0.1,Clear,0.49,0,0,0,1,0,1,34,0.33,0.7,1,3.9,30.9,53.5,0.0,0.0,0.0,0,29.3,5532.0,32.5,310,39.8,1,5.5
SIMULATED TRAINING DATA — PROTOTYPE ONLY,43511,EMU Local,11,4.5,48.2,3.0,20.5,41.4,0.5,10,1,Normal,0.7,Clear,0.5,0,0,0,0,0,0,0,0.81,5.6,5,4.3,25.5,88.8,3.9,1.1,0.0,61,95.0,6409.0,31.3,358,49.0,2,11.8
SIMULATED TRAINING DATA — PROTOTYPE ONLY,43503,EMU Local,17,3.7,25.7,2.0,32.8,62.7,0.5,21,2,Normal,0.0,Clear,0.42,0,0,0,0,0,0,0,0.21,0.8,2,2.8,30.6,72.6,0.0,0.0,0.0,0,15.3,9506.0,8.3,225,13.0,0,0.0
SIMULATED TRAINING DATA — PROTOTYPE ONLY,43435,MEMU,14,2.0,33.6,2.4,26.65,50.0,1.0,19,1,Warning,4.1,Occupied,0.9,0,0,0,0,0,0,0,0.57,2.7,1,2.1,29.6,76.0,9.6,8.7,2.3,63,93.0,9422.0,6.6,142,8.5,1,9.2
SIMULATED TRAINING DATA — PROTOTYPE ONLY,43217,EMU Local,20,1.2,51.6,3.1,38.949999999999996,71.3,0.5,20,3,Normal,0.0,Clear,0.19,0,0,0,0,0,0,0,0.88,5.6,4,2.1,30.1,38.2,4.8,0.9,0.0,61,86.2,9853.0,22.3,273,30.4,1,6.6
SIMULATED TRAINING DATA — PROTOTYPE ONLY,43205,EMU Local,19,0.7,29.6,1.5,36.9,67.1,1.0,9,2,Normal,0.1,Clear,0.2,0,0,0,0,0,0,0,0.86,0.8,3,1.8,23.8,64.1,0.0,0.0,0.0,0,49.8,5134.0,9.1,13,13.2,0,1.0
SIMULATED TRAINING DATA — PROTOTYPE ONLY,43249,EMU Local,21,4.7,23.0,2.4,41.0,78.5,0.5,15,1,Normal,0.2,Clear,0.49,0,0,0,0,0,0,0,0.2,0.2,2,5.9,33.9,83.7,13.6,8.5,3.6,63,78.0,5574.0,37.1,313,60.7,2,3.9
SIMULATED TRAINING DATA — PROTOTYPE ONLY,43205,EMU Local,7,4.1,49.4,2.8,12.299999999999999,26.2,1.0,22,3,Normal,0.1,Clear,0.23,0,0,0,0,0,0,0,0.2,1.0,2,4.1,34.4,76.0,0.0,0.0,0.0,0,18.5,9841.0,27.0,102,36.1,1,3.0
SIMULATED TRAINING DATA — PROTOTYPE ONLY,43503,EMU Local,13,4.7,41.3,1.5,24.599999999999998,49.0,1.5,6,6,Normal,0.3,Clear,0.38,0,0,0,0,0,0,0,0.14,0.9,1,5.2,32.0,64.1,0.0,0.0,0.0,0,29.3,6445.0,33.9,82,50.2,2,5.1
SIMULATED TRAINING DATA — PROTOTYPE ONLY,43203,MEMU,18,1.9,38.8,3.0,34.849999999999994,64.6,0.5,6,6,Normal,0.2,Clear,0.48,0,1,0,0,15,1,51,0.23,0.7,1,3.2,31.2,70.6,0.4,0.3,0.0,0,75.0,8637.0,5.9,37,8.0,0,11.9
SIMULATED TRAINING DATA — PROTOTYPE ONLY,43223,EMU Local,14,1.2,58.6,1.3,26.65,49.2,1.0,21,5,Normal,2.5,Clear,0.43,0,1,0,0,20,1,20,0.2,3.5,1,0.4,32.2,95.7,0.0,0.0,0.0,2,41.8,9733.0,20.1,63,26.9,0,9.2
SIMULATED TRAINING DATA — PROTOTYPE ONLY,43511,EMU Local,1,5.7,58.3,2.0,0.0,5.7,1.0,14,6,Warning,4.9,Occupied,0.64,0,1,0,0,20,1,68,0.58,4.3,1,6.9,31.7,69.2,0.0,0.0,0.0,0,53.5,9144.0,20.2,46,31.5,1,15.7
SIMULATED TRAINING DATA — PROTOTYPE ONLY,43205,EMU Local,7,5.9,68.7,1.5,12.299999999999999,28.0,1.0,9,0,Warning,5.6,Occupied,0.99,0,0,0,0,0,0,0,0.71,4.0,5,6.7,24.4,73.5,0.0,0.0,0.0,0,35.9,6927.0,13.0,67,18.6,0,8.2
SIMULATED TRAINING DATA — PROTOTYPE ONLY,43223,EMU Local,8,2.4,32.2,2.5,14.349999999999998,28.2,1.0,22,4,Normal,0.1,Clear,0.17,0,0,0,0,0,0,0,0.2,0.2,1,3.2,28.1,71.9,0.0,0.0,0.0,0,37.2,8089.0,7.8,148,11.2,0,1.3
SIMULATED TRAINING DATA — PROTOTYPE ONLY,43205,Fast Local,18,3.8,48.4,1.5,34.849999999999994,66.5,0.5,8,3,Normal,0.3,Clear,0.3,0,1,0,0,30,1,113,0.8,1.1,3,1.8,32.4,74.5,23.4,22.7,1.5,65,90.1,3457.0,14.2,291,20.9,2,10.9
SIMULATED TRAINING DATA — PROTOTYPE ONLY,43505,EMU Local,9,1.9,42.3,1.7,16.4,31.4,0.5,16,3,Warning,2.9,Occupied,0.74,0,0,0,0,0,0,0,0.19,0.3,2,1.2,28.6,86.4,0.0,0.0,0.0,2,57.9,6548.0,27.5,207,43.3,1,5.1
SIMULATED TRAINING DATA — PROTOTYPE ONLY,43505,EMU Local,1,4.8,47.1,1.6,0.0,4.8,2.0,8,0,Normal,0.7,Clear,0.46,0,0,0,0,0,0,0,0.38,0.1,1,4.1,35.0,98.0,2.0,2.0,0.0,61,88.1,8715.0,6.1,257,8.9,0,1.7
SIMULATED TRAINING DATA — PROTOTYPE ONLY,43219,EMU Local,17,7.2,25.0,1.4,32.8,66.2,0.5,6,2,Normal,0.2,Clear,0.17,0,0,0,0,0,0,0,0.25,1.2,1,8.9,26.1,89.7,0.0,0.0,0.0,2,46.3,9904.0,21.5,16,28.0,0,0.0
SIMULATED TRAINING DATA — PROTOTYPE ONLY,43217,EMU Local,19,4.7,21.0,1.6,36.9,71.1,2.0,22,1,Warning,5.3,Occupied,0.9,0,1,0,0,30,1,50,0.38,0.7,1,3.6,40.9,74.8,0.0,0.0,0.0,0,36.2,7259.0,19.6,6,30.7,1,11.7
SIMULATED TRAINING DATA — PROTOTYPE ONLY,43223,MEMU,6,2.9,41.4,2.1,10.25,21.3,1.0,20,2,Normal,0.2,Clear,0.34,0,0,0,0,0,0,0,0.55,1.9,2,1.6,39.8,86.3,0.0,0.0,0.0,2,23.3,7759.0,13.7,64,22.9,0,2.7
SIMULATED TRAINING DATA — PROTOTYPE ONLY,43213,MEMU,3,2.5,29.4,2.0,4.1,9.9,0.5,6,3,Normal,2.2,Clear,0.29,0,0,0,0,0,0,0,0.14,0.6,2,1.0,30.4,54.1,0.0,0.0,0.0,0,19.9,7174.0,14.8,358,22.3,0,2.2
SIMULATED TRAINING DATA — PROTOTYPE ONLY,66015,EMU Local,5,4.1,56.1,2.0,8.2,18.9,1.0,18,5,Warning,2.2,Occupied,0.86,0,0,0,0,0,0,0,0.87,0.0,5,3.7,25.5,71.8,0.0,0.0,0.0,0,39.3,9880.0,12.2,43,20.4,0,5.3
SIMULATED TRAINING DATA — PROTOTYPE ONLY,43213,EMU Local,2,4.6,19.5,1.7,2.05,8.3,1.0,20,6,Normal,0.0,Clear,0.25,0,0,0,0,0,0,0,0.77,0.1,5,5.1,29.4,63.6,0.0,0.0,0.0,0,12.3,8629.0,26.4,145,38.3,1,3.9
SIMULATED TRAINING DATA — PROTOTYPE ONLY,43501,EMU Local,20,3.3,20.7,1.9,38.949999999999996,73.4,0.5,16,1,Warning,2.4,Occupied,0.73,0,0,1,0,30,1,79,0.13,0.2,2,5.5,36.4,65.2,0.0,0.0,0.0,0,57.8,7513.0,20.5,158,27.9,0,6.9
SIMULATED TRAINING DATA — PROTOTYPE ONLY,43219,EMU Local,4,3.9,35.8,1.1,6.1499999999999995,15.0,0.5,17,6,Normal,1.5,Clear,0.48,0,0,0,0,0,0,0,0.72,2.7,3,3.4,30.1,83.5,0.0,0.0,0.0,0,27.1,8805.0,30.6,206,37.4,1,7.1
SIMULATED TRAINING DATA — PROTOTYPE ONLY,43407,EMU Local,10,0.4,18.9,1.7,18.45,33.6,1.0,19,6,Normal,0.5,Clear,0.32,0,0,0,0,0,0,0,0.96,2.2,5,0.0,33.1,88.4,0.0,0.0,0.0,2,59.9,5743.0,28.2,127,45.8,2,8.3
SIMULATED TRAINING DATA — PROTOTYPE ONLY,43407,EMU Local,10,12.1,67.1,2.0,18.45,45.3,2.0,14,4,Normal,0.0,Clear,0.35,0,0,0,0,0,0,0,0.23,2.3,1,14.0,31.7,56.0,11.4,8.5,3.5,63,80.4,5167.0,23.2,78,30.1,1,3.3
SIMULATED TRAINING DATA — PROTOTYPE ONLY,43401,EMU Local,21,6.3,39.3,2.3,41.0,80.1,1.0,20,6,Normal,0.4,Clear,0.19,0,0,0,0,0,0,0,0.89,0.9,3,8.4,33.8,69.9,3.1,3.1,0.0,61,90.3,7551.0,37.0,309,51.2,2,8.8
SIMULATED TRAINING DATA — PROTOTYPE ONLY,43247,EMU Local,11,1.9,33.0,2.2,20.5,38.8,0.5,8,4,Warning,3.2,Occupied,0.96,0,0,0,0,0,0,0,0.84,0.3,4,0.0,33.5,64.2,0.0,0.0,0.0,0,21.5,8466.0,17.9,169,28.1,0,5.1
SIMULATED TRAINING DATA — PROTOTYPE ONLY,43501,Fast Local,16,3.3,49.0,1.4,30.749999999999996,58.6,0.5,18,1,Normal,0.0,Clear,0.12,0,1,0,0,15,1,86,0.98,0.4,4,2.7,30.3,80.0,0.0,0.0,0.0,0,48.3,5520.0,33.9,202,50.3,2,14.8
SIMULATED TRAINING DATA — PROTOTYPE ONLY,43217,Fast Local,17,0.2,55.3,2.4,32.8,59.2,1.5,21,3,Warning,2.5,Occupied,0.75,0,0,0,0,0,0,0,0.32,0.3,1,0.5,37.3,85.3,0.0,0.0,0.0,2,12.7,6317.0,20.7,208,30.7,1,6.3
SIMULATED TRAINING DATA — PROTOTYPE ONLY,43207,EMU Local,16,0.2,45.1,2.2,30.749999999999996,55.6,0.5,19,5,Normal,0.8,Clear,0.1,0,0,0,0,0,0,0,0.85,0.8,4,0.4,33.5,98.0,0.0,0.0,0.0,2,48.9,9908.0,12.3,321,15.9,0,3.7
SIMULATED TRAINING DATA — PROTOTYPE ONLY,43251,MEMU,7,1.2,41.0,3.0,12.299999999999999,23.3,1.0,17,0,Normal,1.1,Clear,0.25,0,0,0,0,0,0,0,0.58,1.0,1,3.9,36.2,86.4,0.0,0.0,0.0,2,41.6,5880.0,26.0,346,43.0,1,6.1
SIMULATED TRAINING DATA — PROTOTYPE ONLY,43201,EMU Local,16,4.7,27.2,1.2,30.749999999999996,60.0,0.5,17,6,Critical,21.9,Restricted,0.88,1,1,1,0,15,1,90,0.67,1.9,2,4.0,30.5,85.7,0.0,0.0,0.0,2,27.4,5806.0,21.3,137,26.3,0,32.1
SIMULATED TRAINING DATA — PROTOTYPE ONLY,43435,EMU Local,3,7.6,51.5,2.0,4.1,15.0,0.5,16,5,Normal,2.4,Clear,0.49,0,0,0,0,0,0,0,0.28,0.3,1,6.2,30.8,60.0,9.6,7.9,1.1,63,85.2,6886.0,16.2,135,21.5,1,6.4
SIMULATED TRAINING DATA — PROTOTYPE ONLY,43249,MEMU,16,3.3,63.3,2.7,30.749999999999996,58.6,0.5,4,6,Warning,5.8,Occupied,0.85,0,0,1,0,15,1,53,0.12,0.3,2,2.4,42.2,63.9,0.0,0.0,0.0,0,54.3,9996.0,33.0,326,41.7,1,17.6
SIMULATED TRAINING DATA — PROTOTYPE ONLY,43207,Fast Local,8,3.0,38.7,1.9,14.349999999999998,28.8,0.5,9,6,Normal,0.4,Clear,0.4,0,0,0,0,0,0,0,0.61,1.4,2,4.3,31.4,72.7,0.0,0.0,0.0,0,57.4,6550.0,7.2,4,8.7,0,1.6
SIMULATED TRAINING DATA — PROTOTYPE ONLY,43403,Fast Local,12,2.1,29.3,1.6,22.549999999999997,42.7,1.0,14,2,Warning,4.1,Occupied,0.76,0,0,0,0,0,0,0,0.33,0.4,2,2.1,36.5,98.0,0.0,0.0,0.0,2,56.7,6018.0,15.7,9,20.2,0,4.0
SIMULATED TRAINING DATA — PROTOTYPE ONLY,43425,EMU Local,3,0.7,44.7,1.6,4.1,8.1,0.5,14,5,Normal,0.6,Clear,0.31,0,0,0,0,0,0,0,0.61,1.2,1,2.6,25.7,72.9,0.0,0.0,0.0,0,35.7,5886.0,29.1,89,39.9,1,5.6
SIMULATED TRAINING DATA — PROTOTYPE ONLY,43425,EMU Local,17,0.5,42.0,2.6,32.8,59.5,0.5,19,5,Critical,14.7,Restricted,0.65,1,0,0,0,0,0,0,0.58,1.0,1,1.3,32.9,89.2,0.0,0.0,0.0,2,39.4,8969.0,10.9,280,13.8,0,19.9
SIMULATED TRAINING DATA — PROTOTYPE ONLY,43201,MEMU,21,5.7,23.8,1.2,41.0,79.5,0.5,6,2,Warning,4.5,Occupied,0.87,0,0,0,0,0,0,0,0.27,2.8,1,4.9,29.9,67.0,0.0,0.0,0.0,0,19.1,9179.0,21.4,135,29.2,0,6.1
SIMULATED TRAINING DATA — PROTOTYPE ONLY,43227,EMU Local,18,10.5,34.5,1.9,34.849999999999994,73.2,1.5,20,0,Normal,0.2,Clear,0.14,0,0,0,0,0,0,0,0.69,0.2,2,11.5,37.7,71.7,0.0,0.0,0.0,0,56.0,8573.0,17.0,238,27.1,0,2.4
SIMULATED TRAINING DATA — PROTOTYPE ONLY,43227,EMU Local,11,2.5,68.8,1.6,20.5,39.4,1.0,17,0,Normal,0.0,Clear,0.4,0,0,0,0,0,0,0,0.64,3.3,1,3.9,28.8,71.7,0.0,0.0,0.0,0,13.2,9411.0,15.9,54,20.6,0,2.3
SIMULATED TRAINING DATA — PROTOTYPE ONLY,43203,EMU Local,4,4.3,21.8,1.6,6.1499999999999995,15.4,0.5,5,4,Normal,0.2,Clear,0.19,0,0,0,0,0,0,0,0.22,0.3,2,6.1,29.8,66.1,0.0,0.0,0.0,0,34.2,9513.0,18.7,118,22.7,0,0.0
SIMULATED TRAINING DATA — PROTOTYPE ONLY,43239,EMU Local,16,9.8,31.6,2.4,30.749999999999996,65.1,0.5,12,6,Normal,0.6,Clear,0.14,0,0,0,0,0,0,0,0.24,0.2,2,8.1,33.8,80.2,0.0,0.0,0.0,0,20.4,8961.0,22.8,178,37.3,1,2.2
SIMULATED TRAINING DATA — PROTOTYPE ONLY,66069,EMU Local,17,0.4,27.8,1.9,32.8,59.4,1.0,11,0,Normal,0.1,Clear,0.29,0,0,0,0,0,0,0,0.05,0.4,1,0.7,27.3,56.5,0.0,0.0,0.0,0,31.8,8239.0,15.1,120,20.2,0,0.3
SIMULATED TRAINING DATA — PROTOTYPE ONLY,43211,EMU Local,9,5.9,29.1,2.2,16.4,35.4,1.5,14,1,Normal,0.8,Clear,0.13,0,1,1,0,20,1,96,0.3,0.7,1,4.6,32.0,50.1,15.7,11.2,1.4,63,92.1,8856.0,18.3,29,22.9,1,11.2
SIMULATED TRAINING DATA — PROTOTYPE ONLY,43501,Fast Local,6,3.8,35.3,1.4,10.25,22.2,0.5,10,4,Normal,0.1,Clear,0.35,0,1,1,0,30,1,99,0.57,1.4,2,3.4,29.1,68.9,0.0,0.0,0.0,0,31.1,9797.0,25.6,9,36.2,1,6.5
SIMULATED TRAINING DATA — PROTOTYPE ONLY,43227,EMU Local,20,3.7,48.7,2.6,38.949999999999996,73.8,0.5,5,3,Normal,0.0,Clear,0.36,0,1,0,0,30,1,82,0.46,0.9,1,3.4,32.1,78.6,3.9000000000000004,2.1,0.0,61,96.3,8575.0,15.9,113,21.3,0,5.2
SIMULATED TRAINING DATA — PROTOTYPE ONLY,43211,EMU Local,2,1.4,61.6,2.2,2.05,5.1,1.0,7,4,Warning,3.3,Occupied,0.72,0,0,0,0,0,0,0,0.27,0.5,2,1.7,31.1,62.9,0.0,0.0,0.0,0,42.0,8699.0,33.7,43,49.8,2,9.0
SIMULATED TRAINING DATA — PROTOTYPE ONLY,43205,EMU Local,9,4.6,45.0,2.8,16.4,34.1,1.0,17,6,Warning,2.4,Occupied,0.65,0,0,0,0,0,0,0,0.89,3.7,4,5.2,38.8,98.0,3.4,1.9,0.0,61,72.3,6710.0,31.5,138,52.5,2,12.5
SIMULATED TRAINING DATA — PROTOTYPE ONLY,43247,EMU Local,21,6.3,31.7,1.9,41.0,80.1,1.0,16,5,Warning,4.1,Occupied,0.68,0,0,0,0,0,0,0,0.2,1.0,2,5.6,33.4,72.0,6.300000000000001,5.2,3.2,63,90.9,7402.0,9.7,45,12.5,1,6.3
SIMULATED TRAINING DATA — PROTOTYPE ONLY,43247,EMU Local,6,0.5,65.1,2.4,10.25,19.0,0.5,16,5,Normal,0.7,Clear,0.14,0,0,0,0,0,0,0,0.65,3.5,1,2.0,26.3,72.9,0.0,0.0,0.0,0,27.4,9808.0,33.0,44,55.0,2,8.8
SIMULATED TRAINING DATA — PROTOTYPE ONLY,43239,EMU Local,3,3.1,11.0,2.6,4.1,10.5,0.5,16,4,Normal,0.3,Clear,0.4,0,0,0,0,0,0,0,0.41,1.1,1,4.7,27.8,60.0,0.0,0.0,0.0,0,54.7,9434.0,11.0,294,17.6,0,1.9
SIMULATED TRAINING DATA — PROTOTYPE ONLY,43423,Fast Local,20,0.4,52.1,2.4,38.949999999999996,70.5,0.5,8,2,Normal,0.1,Clear,0.24,0,0,0,0,0,0,0,0.52,2.2,1,0.6,29.8,79.5,0.0,0.0,0.0,0,30.9,5749.0,8.8,178,13.4,0,0.9
SIMULATED TRAINING DATA — PROTOTYPE ONLY,43217,EMU Local,6,8.2,26.6,3.1,10.25,26.6,0.5,15,6,Critical,12.0,Restricted,0.69,1,0,0,0,0,0,0,0.36,1.9,2,10.3,28.7,84.3,0.0,0.0,0.0,0,39.0,5476.0,37.2,190,54.3,2,24.2
SIMULATED TRAINING DATA — PROTOTYPE ONLY,43215,Fast Local,7,2.8,41.2,1.1,12.299999999999999,24.9,2.0,9,0,Normal,0.6,Clear,0.42,0,1,0,0,20,1,26,0.86,3.5,4,2.7,37.2,74.4,0.0,0.0,0.0,0,34.6,7271.0,23.2,150,34.2,1,10.1
SIMULATED TRAINING DATA — PROTOTYPE ONLY,43249,EMU Local,1,6.6,50.4,2.2,0.0,6.6,0.5,17,5,Normal,0.2,Clear,0.16,0,0,1,0,20,1,89,0.65,0.5,1,4.4,29.3,75.8,0.0,0.0,0.0,0,40.1,5884.0,33.7,4,45.5,2,12.9
SIMULATED TRAINING DATA — PROTOTYPE ONLY,43409,EMU Local,1,1.8,17.9,1.9,0.0,1.8,1.0,11,5,Normal,1.2,Clear,0.36,0,0,0,0,0,0,0,0.19,0.8,1,0.7,31.4,74.9,0.0,0.0,0.0,0,20.7,9803.0,13.1,159,19.4,0,2.7
SIMULATED TRAINING DATA — PROTOTYPE ONLY,43511,EMU Local,5,0.5,44.1,1.8,8.2,15.3,1.0,11,1,Normal,0.4,Clear,0.45,0,1,0,0,30,1,17,0.48,1.8,1,0.0,33.9,61.2,0.0,0.0,0.0,0,59.1,8770.0,36.2,176,52.3,2,9.5
SIMULATED TRAINING DATA — PROTOTYPE ONLY,43409,EMU Local,6,0.2,45.3,3.0,10.25,18.6,0.5,10,6,Normal,0.2,Clear,0.23,0,1,0,0,15,1,76,0.92,0.3,5,1.3,42.7,89.3,0.0,0.0,0.0,2,29.1,9195.0,34.7,221,49.5,2,18.9
SIMULATED TRAINING DATA — PROTOTYPE ONLY,43205,MEMU,13,1.3,63.9,1.7,24.599999999999998,45.6,1.5,20,0,Normal,0.2,Clear,0.13,0,1,1,0,15,1,25,0.84,3.1,4,0.1,30.9,68.3,0.0,0.0,0.0,0,23.3,8284.0,22.7,89,28.0,0,11.0
SIMULATED TRAINING DATA — PROTOTYPE ONLY,43223,EMU Local,2,1.1,75.0,2.6,2.05,4.8,1.0,14,6,Normal,0.1,Clear,0.11,0,0,0,0,0,0,0,0.13,0.9,1,1.0,38.1,92.7,0.0,0.0,0.0,2,11.9,8948.0,32.8,264,49.5,2,4.7
SIMULATED TRAINING DATA — PROTOTYPE ONLY,43213,EMU Local,15,3.3,18.7,1.5,28.699999999999996,55.0,2.0,13,5,Normal,0.5,Clear,0.14,0,0,0,0,0,0,0,0.5,0.9,2,6.3,29.8,57.5,0.0,0.0,0.0,0,52.2,6132.0,17.7,54,22.6,0,2.2
SIMULATED TRAINING DATA — PROTOTYPE ONLY,43201,Fast Local,15,0.1,63.3,2.7,28.699999999999996,51.8,0.5,16,2,Normal,0.4,Clear,0.1,0,0,0,0,0,0,0,0.23,0.1,1,0.4,35.4,82.9,0.0,0.0,0.0,0,42.5,9936.0,24.9,318,35.7,1,2.3
SIMULATED TRAINING DATA — PROTOTYPE ONLY,43209,Fast Local,13,2.9,41.4,2.1,24.599999999999998,47.2,0.5,13,5,Normal,0.8,Clear,0.23,0,0,0,0,0,0,0,0.29,1.0,2,4.8,28.2,74.2,0.0,0.0,0.0,0,24.9,7956.0,27.0,134,36.3,1,3.8
SIMULATED TRAINING DATA — PROTOTYPE ONLY,43219,Fast Local,14,2.0,29.9,1.9,26.65,50.0,0.5,17,0,Warning,6.4,Occupied,0.76,0,1,0,0,15,1,99,0.89,0.9,4,0.6,34.7,73.1,17.0,15.1,1.2,65,76.5,1831.0,32.9,28,54.3,2,21.5
SIMULATED TRAINING DATA — PROTOTYPE ONLY,43403,EMU Local,7,3.4,47.5,1.2,12.299999999999999,25.5,0.5,12,1,Normal,0.2,Clear,0.14,0,1,0,0,30,1,86,0.29,0.8,2,1.0,30.0,64.9,0.0,0.0,0.0,0,33.8,9934.0,26.5,170,40.7,1,6.9
SIMULATED TRAINING DATA — PROTOTYPE ONLY,43503,MEMU,14,4.8,22.5,1.9,26.65,52.8,0.5,10,0,Normal,0.1,Clear,0.36,0,0,0,0,0,0,0,0.86,3.3,5,2.9,35.1,80.0,0.0,0.0,0.0,0,31.0,5103.0,37.3,67,49.9,2,7.9
SIMULATED TRAINING DATA — PROTOTYPE ONLY,43251,EMU Local,10,4.0,23.4,1.7,18.45,37.2,1.5,10,6,Warning,5.6,Occupied,0.71,0,0,0,0,0,0,0,0.82,2.0,5,5.3,34.7,78.4,0.0,0.0,0.0,0,31.3,8452.0,5.4,342,9.0,0,8.2
SIMULATED TRAINING DATA — PROTOTYPE ONLY,43435,EMU Local,17,16.7,16.0,3.1,32.8,75.7,0.5,21,6,Warning,3.1,Occupied,0.95,0,1,0,0,20,1,69,0.34,0.4,1,16.4,34.0,93.4,0.0,0.0,0.0,2,41.2,9140.0,32.5,191,48.1,2,16.8
SIMULATED TRAINING DATA — PROTOTYPE ONLY,43201,EMU Local,14,0.6,50.2,2.1,26.65,48.6,1.5,19,2,Normal,1.7,Clear,0.2,0,1,0,0,20,1,96,0.36,2.5,1,0.2,33.2,80.0,0.0,0.0,0.0,0,52.5,5433.0,14.9,242,21.0,0,10.3
SIMULATED TRAINING DATA — PROTOTYPE ONLY,43503,EMU Local,8,2.2,46.9,1.7,14.349999999999998,28.0,0.5,11,1,Normal,0.5,Clear,0.41,0,0,0,0,0,0,0,0.6,0.3,2,4.3,29.6,67.1,8.9,7.4,2.6,63,83.2,9059.0,8.7,28,11.2,1,3.2
SIMULATED TRAINING DATA — PROTOTYPE ONLY,66069,EMU Local,4,2.2,29.8,1.7,6.1499999999999995,13.3,1.0,19,0,Warning,5.1,Occupied,0.76,0,0,1,0,15,1,35,0.45,0.1,1,3.5,34.4,66.8,0.0,0.0,0.0,0,19.0,8524.0,12.1,175,16.5,0,13.8
SIMULATED TRAINING DATA — PROTOTYPE ONLY,43201,EMU Local,16,2.2,64.9,1.3,30.749999999999996,57.6,0.5,22,2,Normal,0.2,Clear,0.46,0,0,0,0,0,0,0,0.2,1.2,2,2.8,25.1,75.9,0.0,0.0,0.0,0,11.5,6505.0,31.3,166,38.2,1,1.4
SIMULATED TRAINING DATA — PROTOTYPE ONLY,66069,Fast Local,13,4.4,32.1,3.0,24.599999999999998,48.7,0.5,18,2,Critical,15.8,Restricted,0.89,1,0,1,0,30,1,62,0.74,0.1,3,5.8,41.7,89.8,0.0,0.0,0.0,2,32.4,5577.0,18.2,75,25.8,0,26.3
SIMULATED TRAINING DATA — PROTOTYPE ONLY,43247,EMU Local,20,2.7,61.2,2.9,38.949999999999996,72.8,1.5,18,4,Normal,0.1,Clear,0.41,0,1,0,0,15,1,101,0.64,1.5,2,2.5,34.1,76.6,0.0,0.0,0.0,0,20.7,8872.0,26.9,209,35.0,1,15.6
SIMULATED TRAINING DATA — PROTOTYPE ONLY,43409,EMU Local,18,2.9,43.8,2.1,34.849999999999994,65.6,0.5,9,5,Critical,10.2,Restricted,0.64,1,0,0,0,0,0,0,0.59,1.6,1,3.3,33.7,84.3,8.3,7.2,2.0,63,74.1,9607.0,26.7,212,36.1,1,18.6
SIMULATED TRAINING DATA — PROTOTYPE ONLY,43239,EMU Local,14,2.3,31.9,3.4,26.65,50.3,1.0,12,6,Normal,0.4,Clear,0.13,0,0,0,0,0,0,0,0.12,0.2,1,0.8,33.4,75.6,0.0,0.0,0.0,0,14.4,7151.0,16.5,210,26.9,0,1.9
SIMULATED TRAINING DATA — PROTOTYPE ONLY,43219,Fast Local,18,19.2,40.3,2.1,34.849999999999994,81.9,1.0,18,1,Warning,3.3,Occupied,0.89,0,0,0,0,0,0,0,0.86,1.0,5,18.3,28.5,49.5,0.0,0.0,0.0,0,17.7,7859.0,22.5,67,30.8,1,8.6
SIMULATED TRAINING DATA — PROTOTYPE ONLY,43249,EMU Local,5,10.5,23.2,2.8,8.2,25.3,1.5,10,1,Normal,1.0,Clear,0.12,0,0,0,0,0,0,0,0.79,3.7,5,10.2,29.1,77.5,19.7,17.9,3.1,65,72.7,1437.0,21.7,249,34.8,2,11.1
SIMULATED TRAINING DATA — PROTOTYPE ONLY,43201,EMU Local,9,1.5,45.3,2.4,16.4,31.0,1.0,11,5,Critical,9.0,Restricted,0.82,1,0,0,0,0,0,0,0.28,0.4,2,1.5,32.5,69.7,0.0,0.0,0.0,0,44.3,8812.0,19.3,335,31.6,1,16.7
SIMULATED TRAINING DATA — PROTOTYPE ONLY,43221,MEMU,3,0.5,42.5,1.8,4.1,7.9,0.5,21,6,Normal,0.2,Clear,0.24,0,0,0,0,0,0,0,0.65,0.3,1,1.7,29.6,86.7,0.0,0.0,0.0,2,32.5,9305.0,13.2,5,18.6,0,3.7
SIMULATED TRAINING DATA — PROTOTYPE ONLY,43423,MEMU,8,7.3,49.9,2.2,14.349999999999998,33.1,1.0,19,6,Normal,0.6,Clear,0.48,0,1,0,0,20,1,26,0.7,1.5,1,8.8,26.8,91.8,15.299999999999999,13.6,2.1,63,83.5,8055.0,20.2,85,34.0,1,12.6
SIMULATED TRAINING DATA — PROTOTYPE ONLY,43503,EMU Local,20,23.5,55.2,2.3,38.949999999999996,93.6,0.5,18,0,Normal,0.5,Clear,0.41,0,0,0,0,0,0,0,0.54,2.4,1,26.9,31.2,93.6,2.9,1.4,0.0,61,80.8,7435.0,7.5,306,10.5,0,2.2
SIMULATED TRAINING DATA — PROTOTYPE ONLY,43501,EMU Local,10,1.4,43.7,1.3,18.45,34.6,0.5,6,4,Critical,15.8,Restricted,0.96,1,0,0,0,0,0,0,0.05,0.1,1,4.2,32.9,69.9,0.0,0.0,0.0,0,43.0,8538.0,28.4,248,45.6,2,25.6
SIMULATED TRAINING DATA — PROTOTYPE ONLY,43237,MEMU,19,1.8,19.9,2.3,36.9,68.2,0.5,4,1,Normal,1.3,Clear,0.15,0,0,0,1,0,1,37,0.3,0.1,1,3.2,31.5,66.3,0.0,0.0,0.0,0,11.2,7127.0,21.2,343,35.5,1,6.4
SIMULATED TRAINING DATA — PROTOTYPE ONLY,43409,EMU Local,21,11.4,56.0,2.8,41.0,85.2,0.5,16,2,Normal,0.1,Clear,0.19,0,0,0,0,0,0,0,0.12,0.2,1,9.6,35.7,68.2,0.0,0.0,0.0,0,37.6,8085.0,31.3,358,37.7,1,0.9
SIMULATED TRAINING DATA — PROTOTYPE ONLY,43435,EMU Local,3,5.0,42.2,1.7,4.1,12.4,0.5,15,1,Normal,0.7,Clear,0.37,0,1,0,0,30,1,65,0.38,1.0,1,6.7,32.2,70.6,0.0,0.0,0.0,0,24.4,7571.0,12.3,352,16.9,0,5.1
SIMULATED TRAINING DATA — PROTOTYPE ONLY,43247,Fast Local,11,1.4,13.6,2.0,20.5,38.3,2.0,12,4,Warning,6.5,Occupied,0.76,0,0,0,0,0,0,0,0.23,0.1,1,3.7,37.8,74.0,0.0,0.0,0.0,0,53.3,5889.0,18.2,198,28.8,0,6.3
SIMULATED TRAINING DATA — PROTOTYPE ONLY,43511,EMU Local,11,3.5,46.6,1.4,20.5,40.4,1.0,5,5,Normal,0.2,Clear,0.49,0,0,0,0,0,0,0,0.2,0.2,2,3.7,40.7,60.9,0.0,0.0,0.0,0,55.2,6986.0,35.3,40,57.0,2,3.1
SIMULATED TRAINING DATA — PROTOTYPE ONLY,43505,EMU Local,17,11.5,47.8,1.8,32.8,70.5,1.5,12,3,Normal,0.3,Clear,0.15,0,0,0,0,0,0,0,0.34,4.2,2,9.5,31.0,72.3,19.200000000000003,19.1,1.6,65,77.1,2066.0,22.3,92,36.3,2,7.9
SIMULATED TRAINING DATA — PROTOTYPE ONLY,43219,EMU Local,16,6.7,36.6,1.9,30.749999999999996,62.0,0.5,11,5,Normal,1.0,Clear,0.16,0,1,0,0,30,1,71,0.21,0.2,1,6.9,27.0,47.6,0.0,0.0,0.0,0,47.5,6389.0,35.1,18,55.5,2,8.7
SIMULATED TRAINING DATA — PROTOTYPE ONLY,43217,EMU Local,7,5.4,39.0,3.0,12.299999999999999,27.5,1.0,8,2,Warning,6.8,Occupied,0.88,0,0,0,0,0,0,0,0.83,0.2,4,6.5,26.9,97.8,0.0,0.0,0.0,2,29.0,5071.0,18.1,76,24.7,0,8.5
SIMULATED TRAINING DATA — PROTOTYPE ONLY,43205,EMU Local,4,5.3,33.1,1.9,6.1499999999999995,16.4,0.5,16,1,Normal,0.0,Clear,0.2,0,0,0,0,0,0,0,0.28,0.6,1,5.6,31.3,69.2,0.0,0.0,0.0,0,34.3,9137.0,35.7,241,57.2,2,7.3
SIMULATED TRAINING DATA — PROTOTYPE ONLY,43245,MEMU,19,0.8,48.2,1.8,36.9,67.2,0.5,5,5,Normal,0.3,Clear,0.43,0,1,0,0,30,1,94,0.08,0.0,1,0.3,34.7,66.9,5.1,4.3,0.0,61,73.6,5141.0,21.3,21,31.6,1,4.6
SIMULATED TRAINING DATA — PROTOTYPE ONLY,43401,EMU Local,12,7.0,44.1,2.0,22.549999999999997,47.6,1.5,13,2,Normal,0.0,Clear,0.18,0,0,0,0,0,0,0,0.24,0.0,1,6.9,30.1,78.5,6.8999999999999995,2.3,0.0,61,76.6,8833.0,11.5,59,14.9,0,0.0
SIMULATED TRAINING DATA — PROTOTYPE ONLY,43505,EMU Local,15,1.3,28.4,1.1,28.699999999999996,53.0,2.0,9,6,Normal,0.6,Clear,0.32,0,0,0,0,0,0,0,0.56,0.0,1,2.9,31.6,82.1,3.2,1.6,0.0,61,96.6,5845.0,21.8,41,28.3,0,3.1
SIMULATED TRAINING DATA — PROTOTYPE ONLY,43237,EMU Local,11,10.7,66.3,1.0,20.5,47.6,0.5,10,0,Normal,0.7,Clear,0.28,0,0,0,0,0,0,0,0.68,0.8,1,11.3,29.4,47.6,8.0,7.5,3.1,63,85.3,9669.0,27.0,181,35.4,1,5.4
SIMULATED TRAINING DATA — PROTOTYPE ONLY,43217,EMU Local,5,1.8,32.0,1.3,8.2,16.6,1.5,6,2,Normal,1.0,Clear,0.23,0,0,0,0,0,0,0,0.09,0.0,2,3.6,30.2,63.8,0.0,0.0,0.0,0,52.2,9026.0,28.2,49,36.2,1,3.3
SIMULATED TRAINING DATA — PROTOTYPE ONLY,43505,Fast Local,5,7.8,1.4,2.3,8.2,22.6,1.0,17,1,Critical,15.8,Restricted,0.97,1,0,0,0,0,0,0,0.93,0.7,4,9.1,31.9,89.1,0.0,0.0,0.0,2,17.4,5578.0,22.0,17,29.7,0,23.3
SIMULATED TRAINING DATA — PROTOTYPE ONLY,43217,EMU Local,15,1.2,34.9,2.1,28.699999999999996,52.9,2.0,19,0,Normal,1.2,Clear,0.3,0,0,0,0,0,0,0,0.44,1.6,1,1.0,35.4,82.5,0.0,0.0,0.0,0,55.2,9018.0,21.6,7,33.9,1,4.4
SIMULATED TRAINING DATA — PROTOTYPE ONLY,43435,EMU Local,18,2.9,57.5,2.6,34.849999999999994,65.6,1.0,9,0,Warning,6.2,Occupied,0.89,0,0,0,0,0,0,0,0.41,0.5,1,3.9,35.2,57.9,0.0,0.0,0.0,0,44.0,6791.0,12.8,124,21.3,0,7.3
SIMULATED TRAINING DATA — PROTOTYPE ONLY,43221,EMU Local,11,0.5,38.9,1.2,20.5,37.4,2.0,11,0,Normal,1.4,Clear,0.38,0,1,0,0,20,1,82,0.24,0.7,1,2.3,22.6,86.2,0.0,0.0,0.0,2,59.7,9570.0,7.5,262,9.9,0,6.8
SIMULATED TRAINING DATA — PROTOTYPE ONLY,43237,EMU Local,12,4.3,17.5,2.0,22.549999999999997,44.9,1.5,4,3,Normal,0.1,Clear,0.21,0,0,0,0,0,0,0,0.45,0.8,2,4.5,34.2,81.1,1.7000000000000002,1.1,0.0,61,96.1,7543.0,6.9,36,10.3,0,1.7
SIMULATED TRAINING DATA — PROTOTYPE ONLY,43205,EMU Local,2,7.2,26.6,1.1,2.05,10.9,0.5,23,3,Normal,0.3,Clear,0.36,0,0,0,0,0,0,0,0.25,1.9,1,8.0,34.1,62.3,17.6,15.5,1.3,65,84.3,2078.0,17.6,99,21.9,2,6.3
SIMULATED TRAINING DATA — PROTOTYPE ONLY,43201,MEMU,20,5.1,25.8,2.3,38.949999999999996,75.2,0.5,18,0,Critical,12.6,Restricted,0.71,1,0,0,0,0,0,0,0.83,3.5,5,3.3,31.1,71.9,0.0,0.0,0.0,0,19.5,5112.0,14.2,201,21.0,0,19.4
SIMULATED TRAINING DATA — PROTOTYPE ONLY,43503,Fast Local,15,3.0,33.4,1.3,28.699999999999996,54.7,0.5,20,5,Normal,0.6,Clear,0.39,0,0,0,0,0,0,0,0.86,5.8,3,2.5,30.2,51.6,0.0,0.0,0.0,0,30.1,5279.0,34.5,295,55.2,2,9.8
SIMULATED TRAINING DATA — PROTOTYPE ONLY,43223,EMU Local,20,0.2,38.1,2.0,38.949999999999996,70.3,1.0,21,5,Normal,1.1,Clear,0.27,0,0,0,0,0,0,0,0.27,0.7,2,0.0,33.9,81.7,12.0,7.8,1.6,63,85.8,5005.0,6.3,34,9.6,1,4.9
SIMULATED TRAINING DATA — PROTOTYPE ONLY,43201,EMU Local,4,10.8,49.4,2.2,6.1499999999999995,21.9,1.0,6,5,Normal,0.0,Clear,0.4,0,0,0,0,0,0,0,0.1,0.5,2,9.6,32.0,90.5,0.0,0.0,0.0,2,25.1,5161.0,32.0,132,47.3,2,5.1
SIMULATED TRAINING DATA — PROTOTYPE ONLY,43407,MEMU,18,4.9,43.9,1.9,34.849999999999994,67.6,1.0,9,1,Normal,1.0,Clear,0.42,0,1,0,0,15,1,92,0.73,2.4,4,5.1,30.6,67.9,0.0,0.0,0.0,0,57.3,7762.0,21.9,345,33.8,1,12.3
SIMULATED TRAINING DATA — PROTOTYPE ONLY,43247,MEMU,6,5.5,44.6,1.0,10.25,24.0,1.0,20,0,Normal,0.6,Clear,0.23,0,0,0,0,0,0,0,0.68,3.2,2,7.5,40.2,71.9,0.0,0.0,0.0,0,47.7,8919.0,31.2,326,42.9,1,5.1
SIMULATED TRAINING DATA — PROTOTYPE ONLY,43209,EMU Local,19,6.3,68.7,3.1,36.9,72.7,0.5,16,5,Warning,6.4,Occupied,0.68,0,0,0,0,0,0,0,0.3,1.2,1,6.7,33.5,77.1,0.0,0.0,0.0,0,21.1,5260.0,10.0,134,15.1,0,7.0
SIMULATED TRAINING DATA — PROTOTYPE ONLY,43209,EMU Local,11,5.5,54.9,1.8,20.5,42.4,0.5,20,0,Warning,4.7,Occupied,0.72,0,0,0,0,0,0,0,0.7,0.9,2,7.1,29.4,69.3,0.0,0.0,0.0,0,56.0,6366.0,34.7,139,42.7,1,9.3
SIMULATED TRAINING DATA — PROTOTYPE ONLY,43215,EMU Local,2,2.3,53.6,1.1,2.05,6.0,0.5,19,2,Normal,0.2,Clear,0.43,0,0,0,0,0,0,0,0.74,0.3,3,3.2,34.5,47.2,9.0,7.5,3.6,63,99.7,7303.0,16.5,358,22.1,1,4.4
SIMULATED TRAINING DATA — PROTOTYPE ONLY,43209,MEMU,8,5.3,14.8,2.6,14.349999999999998,31.1,1.0,20,5,Warning,2.9,Occupied,0.74,0,0,0,0,0,0,0,0.84,4.8,3,7.4,33.3,84.9,0.0,0.0,0.0,0,37.1,7534.0,37.3,121,47.8,2,9.5
SIMULATED TRAINING DATA — PROTOTYPE ONLY,43219,MEMU,11,3.9,30.7,2.6,20.5,40.8,0.5,4,2,Normal,0.6,Clear,0.48,0,0,0,0,0,0,0,0.17,0.0,2,3.8,33.0,86.5,0.0,0.0,0.0,2,39.9,8325.0,30.2,167,48.0,2,1.8
SIMULATED TRAINING DATA — PROTOTYPE ONLY,43409,EMU Local,5,7.7,18.0,1.9,8.2,22.5,0.5,19,2,Warning,3.2,Occupied,0.71,0,0,0,0,0,0,0,0.76,2.5,3,6.9,35.0,80.2,0.0,0.0,0.0,0,29.4,5370.0,33.0,62,41.5,1,8.6
SIMULATED TRAINING DATA — PROTOTYPE ONLY,43423,EMU Local,18,6.5,30.5,3.0,34.849999999999994,69.2,0.5,9,5,Normal,0.3,Clear,0.24,0,0,0,0,0,0,0,0.65,10.2,2,7.4,29.6,88.8,0.0,0.0,0.0,2,23.4,8837.0,6.1,216,9.5,0,5.4
SIMULATED TRAINING DATA — PROTOTYPE ONLY,43511,Fast Local,18,0.2,53.9,1.7,34.849999999999994,62.9,0.5,11,4,Warning,4.7,Occupied,0.64,0,0,0,0,0,0,0,0.62,0.4,2,0.0,32.6,70.4,0.0,0.0,0.0,0,13.1,5739.0,5.3,297,7.4,0,6.9
SIMULATED TRAINING DATA — PROTOTYPE ONLY,43511,MEMU,14,1.9,36.1,2.2,26.65,49.9,0.5,4,2,Warning,6.4,Occupied,1.0,0,0,1,0,20,1,58,0.28,1.3,1,2.6,28.1,77.3,0.0,0.0,0.0,0,52.7,7068.0,11.2,238,15.9,0,12.8
SIMULATED TRAINING DATA — PROTOTYPE ONLY,43215,Fast Local,10,0.1,58.1,2.4,18.45,33.3,0.5,5,5,Warning,4.1,Occupied,0.96,0,0,0,0,0,0,0,0.3,3.2,1,0.0,34.7,63.6,0.0,0.0,0.0,0,18.3,6418.0,28.1,133,43.3,1,8.7
SIMULATED TRAINING DATA — PROTOTYPE ONLY,43249,MEMU,3,0.4,52.4,3.0,4.1,7.8,2.0,18,6,Normal,0.1,Clear,0.13,0,0,0,0,0,0,0,0.74,1.8,4,0.0,31.6,61.5,0.0,0.0,0.0,0,22.4,7463.0,25.2,256,40.6,1,6.4
SIMULATED TRAINING DATA — PROTOTYPE ONLY,43209,EMU Local,9,3.7,42.8,1.0,16.4,33.2,0.5,8,2,Normal,2.5,Clear,0.23,0,0,0,0,0,0,0,0.56,1.7,1,4.1,28.3,56.4,0.0,0.0,0.0,0,51.6,6044.0,31.2,55,43.3,1,5.0
SIMULATED TRAINING DATA — PROTOTYPE ONLY,43227,EMU Local,3,8.3,58.4,3.5,4.1,15.7,1.5,23,1,Warning,2.2,Occupied,0.99,0,1,0,0,30,1,113,0.05,0.1,1,6.8,31.3,76.1,0.0,0.0,0.0,0,26.7,8571.0,31.4,294,40.0,1,10.3
SIMULATED TRAINING DATA — PROTOTYPE ONLY,43215,EMU Local,11,0.5,62.5,2.8,20.5,37.4,0.5,18,3,Warning,2.4,Occupied,0.97,0,0,0,0,0,0,0,0.66,1.3,1,0.0,32.4,73.1,0.0,0.0,0.0,0,42.0,8066.0,32.3,253,48.6,2,6.9
SIMULATED TRAINING DATA — PROTOTYPE ONLY,43207,EMU Local,12,2.4,48.8,2.4,22.549999999999997,43.0,1.5,13,3,Normal,0.0,Clear,0.11,0,0,0,0,0,0,0,0.14,0.5,2,0.8,35.1,85.2,5.5,3.6,0.0,61,96.4,8148.0,37.8,198,63.2,2,5.9
SIMULATED TRAINING DATA — PROTOTYPE ONLY,43401,EMU Local,12,9.7,45.4,1.6,22.549999999999997,50.3,1.0,8,3,Normal,0.2,Clear,0.33,0,0,0,1,0,1,91,0.84,6.0,3,10.6,36.4,51.1,0.0,0.0,0.0,0,49.4,8594.0,26.3,61,34.1,1,11.5
SIMULATED TRAINING DATA — PROTOTYPE ONLY,43207,MEMU,3,6.7,51.5,1.6,4.1,14.1,1.0,6,6,Normal,1.1,Clear,0.16,0,0,0,0,0,0,0,0.13,1.4,2,8.1,35.2,75.2,0.0,0.0,0.0,0,42.4,6057.0,21.7,229,31.2,1,2.9
SIMULATED TRAINING DATA — PROTOTYPE ONLY,43401,EMU Local,21,2.9,20.9,2.3,41.0,76.7,1.5,9,4,Normal,0.4,Clear,0.18,0,0,0,0,0,0,0,0.84,2.3,5,2.9,33.7,92.7,0.0,0.0,0.0,2,29.3,7833.0,17.4,141,21.3,0,4.1
SIMULATED TRAINING DATA — PROTOTYPE ONLY,43237,MEMU,7,5.9,40.2,2.4,12.299999999999999,28.0,1.0,18,0,Warning,4.7,Occupied,0.65,0,0,0,0,0,0,0,0.9,4.8,5,8.5,34.5,73.4,0.0,0.0,0.0,0,52.2,7790.0,36.9,272,48.5,2,14.9
SIMULATED TRAINING DATA — PROTOTYPE ONLY,43423,EMU Local,14,3.0,41.6,2.3,26.65,51.0,1.5,21,2,Warning,2.4,Occupied,0.95,0,0,0,0,0,0,0,0.32,1.5,2,2.7,30.4,82.8,0.0,0.0,0.0,0,42.1,8284.0,26.5,358,39.5,1,7.1
SIMULATED TRAINING DATA — PROTOTYPE ONLY,43203,Fast Local,11,0.7,36.5,2.2,20.5,37.6,1.0,17,6,Normal,0.4,Clear,0.14,0,1,0,0,30,1,41,0.75,0.7,3,0.0,27.1,98.0,13.0,11.7,3.7,63,85.2,8906.0,28.4,50,43.4,1,10.5
SIMULATED TRAINING DATA — PROTOTYPE ONLY,43251,EMU Local,7,0.5,30.2,2.4,12.299999999999999,22.6,1.0,13,1,Critical,21.2,Restricted,0.99,1,0,1,0,30,1,32,0.42,0.9,2,0.0,28.8,88.4,10.5,9.3,2.2,63,97.6,9499.0,29.2,133,38.1,1,31.7
SIMULATED TRAINING DATA — PROTOTYPE ONLY,43203,EMU Local,21,0.8,57.0,1.0,41.0,74.6,0.5,7,4,Normal,0.2,Clear,0.28,0,0,0,0,0,0,0,0.51,2.1,2,0.6,31.7,54.9,6.199999999999999,4.3,0.0,61,72.0,5608.0,14.3,270,23.5,1,3.1
SIMULATED TRAINING DATA — PROTOTYPE ONLY,43239,EMU Local,10,1.7,44.6,1.9,18.45,34.9,1.5,14,6,Normal,1.9,Clear,0.17,0,0,0,1,0,1,58,0.37,0.2,1,2.1,30.7,68.3,0.0,0.0,0.0,0,11.0,5596.0,28.8,107,45.2,2,9.7
SIMULATED TRAINING DATA — PROTOTYPE ONLY,43245,EMU Local,11,10.7,45.9,1.3,20.5,47.6,1.0,23,3,Normal,0.0,Clear,0.28,0,1,0,0,15,1,112,0.13,1.0,2,13.7,30.5,76.3,0.0,0.0,0.0,0,47.5,5570.0,12.6,111,19.1,0,6.3
SIMULATED TRAINING DATA — PROTOTYPE ONLY,43251,MEMU,15,6.4,63.4,2.1,28.699999999999996,58.1,0.5,10,4,Warning,5.8,Occupied,0.89,0,0,0,0,0,0,0,0.75,1.4,5,5.1,32.6,71.2,0.0,0.0,0.0,0,46.8,9460.0,22.2,63,28.4,0,8.3
SIMULATED TRAINING DATA — PROTOTYPE ONLY,66069,MEMU,19,2.3,39.1,2.9,36.9,68.7,1.0,18,6,Warning,6.6,Occupied,0.61,0,1,0,0,20,1,22,0.53,1.1,1,1.5,35.5,87.8,0.7,0.2,0.0,2,79.1,6723.0,9.5,286,13.5,0,15.2
SIMULATED TRAINING DATA — PROTOTYPE ONLY,43245,EMU Local,16,2.7,36.2,1.6,30.749999999999996,58.0,1.5,12,1,Normal,0.1,Clear,0.42,0,0,0,0,0,0,0,0.36,2.6,2,3.3,32.6,71.8,0.0,0.0,0.0,0,29.3,8337.0,22.4,294,36.1,1,4.1
SIMULATED TRAINING DATA — PROTOTYPE ONLY,43425,EMU Local,21,1.2,62.4,1.7,41.0,75.0,1.0,18,5,Normal,0.2,Clear,0.5,0,0,0,0,0,0,0,0.44,0.3,1,1.3,29.6,71.2,0.0,0.0,0.0,0,50.1,6828.0,34.6,227,52.8,2,4.2
SIMULATED TRAINING DATA — PROTOTYPE ONLY,43219,EMU Local,20,4.9,19.6,1.6,38.949999999999996,75.0,2.0,15,4,Normal,0.2,Clear,0.31,0,0,0,0,0,0,0,0.35,0.0,1,4.2,26.6,85.0,0.0,0.0,0.0,0,17.8,7379.0,17.2,260,20.7,0,1.4
SIMULATED TRAINING DATA — PROTOTYPE ONLY,43219,EMU Local,12,6.5,42.8,1.7,22.549999999999997,47.1,0.5,21,3,Normal,0.0,Clear,0.33,0,0,0,0,0,0,0,0.26,0.3,1,6.4,30.9,55.1,0.0,0.0,0.0,0,47.0,8109.0,19.8,28,26.1,0,0.4
SIMULATED TRAINING DATA — PROTOTYPE ONLY,43223,Fast Local,18,1.1,30.9,2.4,34.849999999999994,63.8,0.5,9,0,Normal,0.4,Clear,0.48,0,0,0,0,0,0,0,0.64,0.4,2,0.0,23.3,77.9,0.0,0.0,0.0,0,11.3,7113.0,25.3,39,39.7,1,3.1
SIMULATED TRAINING DATA — PROTOTYPE ONLY,43205,MEMU,13,0.2,46.4,2.6,24.599999999999998,44.5,1.0,21,6,Normal,2.5,Clear,0.26,0,0,0,0,0,0,0,0.16,2.4,2,0.0,35.9,64.4,0.0,0.0,0.0,0,55.4,5453.0,38.0,158,53.1,2,6.5
SIMULATED TRAINING DATA — PROTOTYPE ONLY,66069,EMU Local,5,3.9,50.6,3.0,8.2,18.7,0.5,21,3,Warning,2.2,Occupied,0.76,0,0,0,0,0,0,0,0.23,0.7,2,2.6,31.9,81.3,1.4,1.2,0.0,61,99.5,7886.0,35.4,224,50.4,2,8.0
SIMULATED TRAINING DATA — PROTOTYPE ONLY,43435,MEMU,4,3.3,51.4,1.5,6.1499999999999995,14.4,0.5,9,6,Normal,0.4,Clear,0.25,0,0,0,0,0,0,0,0.73,2.1,4,4.6,38.6,67.6,2.9,1.7,0.0,61,85.7,9426.0,18.5,159,26.2,0,3.1
SIMULATED TRAINING DATA — PROTOTYPE ONLY,43505,EMU Local,14,2.1,57.4,2.5,26.65,50.1,1.0,18,3,Normal,0.0,Clear,0.32,0,0,0,0,0,0,0,0.76,4.2,3,3.0,36.9,78.2,0.0,0.0,0.0,0,47.4,7571.0,37.5,319,58.7,2,8.7
SIMULATED TRAINING DATA — PROTOTYPE ONLY,43245,Fast Local,8,4.1,38.2,2.6,14.349999999999998,29.9,0.5,22,3,Normal,0.1,Clear,0.13,0,0,0,0,0,0,0,0.17,0.2,2,4.0,33.7,65.4,0.0,0.0,0.0,0,28.3,9541.0,29.6,224,41.0,1,2.3
SIMULATED TRAINING DATA — PROTOTYPE ONLY,43227,EMU Local,9,3.2,39.1,3.1,16.4,32.7,0.5,8,6,Normal,0.4,Clear,0.41,0,1,0,0,15,1,92,0.86,2.2,3,3.2,29.5,48.2,0.0,0.0,0.0,0,53.9,7898.0,8.5,294,13.3,0,14.8
SIMULATED TRAINING DATA — PROTOTYPE ONLY,43223,MEMU,19,1.2,49.9,1.5,36.9,67.6,0.5,7,4,Normal,2.1,Clear,0.49,0,1,0,0,20,1,71,0.5,0.3,2,1.5,30.0,76.3,0.0,0.0,0.0,0,25.2,8356.0,37.5,218,62.1,2,15.4
SIMULATED TRAINING DATA — PROTOTYPE ONLY,43503,Fast Local,3,2.0,55.3,1.0,4.1,9.4,1.0,20,1,Normal,1.0,Clear,0.13,0,0,0,1,0,1,26,0.84,0.3,5,1.5,37.7,56.4,0.0,0.0,0.0,0,38.4,6575.0,28.2,0,35.8,1,6.8
SIMULATED TRAINING DATA — PROTOTYPE ONLY,43501,EMU Local,5,2.2,22.5,1.9,8.2,17.0,0.5,13,3,Normal,0.2,Clear,0.42,0,0,0,0,0,0,0,0.33,0.7,2,0.2,33.4,90.0,0.0,0.0,0.0,2,47.0,7088.0,26.1,177,44.1,1,3.0
SIMULATED TRAINING DATA — PROTOTYPE ONLY,43205,MEMU,21,8.5,46.7,3.8,41.0,82.3,0.5,15,5,Normal,0.4,Clear,0.2,0,1,0,0,30,1,26,0.13,1.1,1,8.1,26.2,78.8,0.0,0.0,0.0,0,39.2,8038.0,36.9,19,50.5,2,11.1
SIMULATED TRAINING DATA — PROTOTYPE ONLY,66015,EMU Local,18,13.0,36.1,1.4,34.849999999999994,75.7,1.0,8,4,Normal,0.4,Clear,0.18,0,0,0,0,0,0,0,0.87,1.8,3,13.6,30.2,80.7,0.0,0.0,0.0,0,34.7,8975.0,21.8,297,36.5,1,4.7
SIMULATED TRAINING DATA — PROTOTYPE ONLY,43211,EMU Local,1,8.9,43.3,2.4,0.0,8.9,0.5,10,1,Normal,0.6,Clear,0.38,0,0,0,0,0,0,0,0.71,1.5,5,10.0,37.1,68.6,1.2,0.5,0.0,0,89.8,8589.0,11.2,54,16.1,0,2.6
SIMULATED TRAINING DATA — PROTOTYPE ONLY,43425,EMU Local,8,5.1,36.6,1.0,14.349999999999998,30.9,1.5,15,0,Critical,21.4,Restricted,0.98,1,0,0,0,0,0,0,0.26,1.8,2,5.2,35.9,71.8,8.3,7.8,2.1,63,84.5,8278.0,14.4,114,21.8,1,30.0
SIMULATED TRAINING DATA — PROTOTYPE ONLY,43213,Fast Local,19,3.5,31.2,3.2,36.9,69.9,0.5,5,3,Normal,0.8,Clear,0.29,0,0,0,0,0,0,0,0.12,0.1,2,2.8,33.1,43.6,0.0,0.0,0.0,0,47.9,9751.0,24.2,270,38.6,1,0.0
SIMULATED TRAINING DATA — PROTOTYPE ONLY,43201,Fast Local,17,4.7,26.7,1.0,32.8,63.7,1.5,23,2,Normal,0.0,Clear,0.1,0,0,1,0,20,1,62,0.18,0.4,2,5.4,37.0,76.7,0.0,0.0,0.0,0,38.4,5224.0,12.4,258,16.2,0,4.7
SIMULATED TRAINING DATA — PROTOTYPE ONLY,43217,MEMU,17,11.2,39.7,1.0,32.8,70.2,0.5,20,4,Normal,1.4,Clear,0.32,0,0,0,0,0,0,0,0.77,0.5,4,11.4,26.5,58.3,21.7,18.0,3.1,65,77.3,2555.0,14.2,259,19.5,2,7.4
SIMULATED TRAINING DATA — PROTOTYPE ONLY,43213,MEMU,11,1.2,47.4,2.2,20.5,38.1,1.5,16,5,Normal,0.0,Clear,0.28,0,1,0,0,20,1,102,0.39,2.6,1,0.0,29.1,75.8,0.0,0.0,0.0,0,40.0,7140.0,35.3,106,48.0,2,13.9
SIMULATED TRAINING DATA — PROTOTYPE ONLY,43425,EMU Local,2,3.1,33.0,2.2,2.05,6.8,0.5,8,0,Normal,0.3,Clear,0.47,0,0,0,0,0,0,0,0.65,0.1,2,0.9,31.1,58.8,0.0,0.0,0.0,0,47.4,5902.0,18.4,241,29.7,0,2.5
SIMULATED TRAINING DATA — PROTOTYPE ONLY,43407,Fast Local,6,4.7,59.8,3.0,10.25,23.2,0.5,8,0,Normal,1.3,Clear,0.39,0,0,1,0,15,1,108,0.9,1.7,3,4.1,29.5,79.4,0.0,0.0,0.0,0,56.6,5540.0,31.0,248,37.6,1,16.0
SIMULATED TRAINING DATA — PROTOTYPE ONLY,43239,EMU Local,14,4.5,75.0,2.6,26.65,52.5,1.0,23,0,Warning,6.6,Occupied,0.8,0,0,0,0,0,0,0,0.45,0.5,2,6.3,34.5,74.2,0.0,0.0,0.0,0,23.6,9902.0,20.1,145,27.0,0,7.3
SIMULATED TRAINING DATA — PROTOTYPE ONLY,66015,EMU Local,3,1.2,48.2,1.0,4.1,8.6,0.5,15,4,Warning,5.5,Occupied,0.61,0,0,0,0,0,0,0,0.44,0.5,1,1.9,34.7,56.2,0.0,0.0,0.0,0,32.4,9778.0,25.2,140,35.6,1,8.1
SIMULATED TRAINING DATA — PROTOTYPE ONLY,43425,EMU Local,12,3.5,41.4,2.0,22.549999999999997,44.1,1.0,15,1,Normal,0.1,Clear,0.47,0,0,0,0,0,0,0,0.34,0.3,1,5.3,33.5,88.2,0.0,0.0,0.0,2,55.4,9943.0,37.1,274,44.8,1,3.6
SIMULATED TRAINING DATA — PROTOTYPE ONLY,43423,MEMU,4,6.4,28.3,1.7,6.1499999999999995,17.5,0.5,10,2,Normal,0.4,Clear,0.39,0,0,1,0,20,1,54,0.88,1.4,5,6.4,27.4,69.6,5.9,3.3,0.0,61,91.3,8004.0,5.5,178,7.5,1,11.3
SIMULATED TRAINING DATA — PROTOTYPE ONLY,43409,MEMU,12,2.6,47.6,1.3,22.549999999999997,43.2,1.0,9,5,Normal,0.0,Clear,0.34,0,0,0,0,0,0,0,0.94,7.6,4,2.6,38.6,61.4,8.8,4.4,0.0,61,71.2,7527.0,7.4,83,10.3,1,7.6
SIMULATED TRAINING DATA — PROTOTYPE ONLY,43423,EMU Local,13,6.3,64.2,2.4,24.599999999999998,50.6,1.5,13,1,Normal,0.3,Clear,0.32,0,0,0,0,0,0,0,0.27,1.2,2,3.1,32.9,84.4,1.1,0.8,0.0,61,80.9,8366.0,14.1,358,17.9,0,0.5
SIMULATED TRAINING DATA — PROTOTYPE ONLY,43227,EMU Local,2,1.8,71.2,2.7,2.05,5.5,2.0,22,3,Normal,0.2,Clear,0.26,0,0,0,1,0,1,32,0.21,1.6,1,0.0,25.1,65.4,8.8,6.5,3.7,63,82.8,6650.0,21.7,185,35.9,1,5.8
SIMULATED TRAINING DATA — PROTOTYPE ONLY,43409,MEMU,2,11.2,62.9,1.6,2.05,14.9,0.5,19,2,Normal,0.8,Clear,0.33,0,0,0,1,0,1,32,0.91,0.7,5,11.8,26.7,70.0,0.0,0.0,0.0,0,30.4,6561.0,36.8,72,59.9,2,11.2
SIMULATED TRAINING DATA — PROTOTYPE ONLY,43237,EMU Local,15,3.1,54.6,1.9,28.699999999999996,54.8,0.5,5,1,Normal,0.1,Clear,0.41,0,0,0,0,0,0,0,0.29,1.9,1,3.3,28.5,90.4,0.0,0.0,0.0,2,29.1,7790.0,17.5,113,25.7,0,0.0
SIMULATED TRAINING DATA — PROTOTYPE ONLY,43247,MEMU,17,3.6,48.2,1.9,32.8,62.6,2.0,7,3,Normal,0.6,Clear,0.15,0,0,0,0,0,0,0,0.06,0.1,1,0.9,38.1,76.8,2.5,2.0,0.0,61,91.7,9342.0,19.0,322,32.2,1,4.0
SIMULATED TRAINING DATA — PROTOTYPE ONLY,43209,Fast Local,7,0.1,26.3,1.7,12.299999999999999,22.2,1.5,12,6,Normal,0.3,Clear,0.49,0,1,0,0,30,1,90,0.05,0.7,2,0.3,28.0,79.4,0.0,0.0,0.0,0,20.6,9807.0,26.5,131,42.9,1,5.6
SIMULATED TRAINING DATA — PROTOTYPE ONLY,43249,EMU Local,14,0.7,40.5,1.8,26.65,48.7,0.5,8,2,Normal,0.4,Clear,0.2,0,0,0,0,0,0,0,0.83,2.6,5,1.9,27.3,70.7,4.0,3.9,0.0,61,71.4,6714.0,37.4,241,45.9,2,8.7
SIMULATED TRAINING DATA — PROTOTYPE ONLY,43215,EMU Local,12,4.0,38.8,1.7,22.549999999999997,44.6,1.0,4,4,Normal,0.1,Clear,0.28,0,0,0,0,0,0,0,0.42,1.0,1,4.4,35.9,64.0,1.2,0.6,0.0,61,72.4,9496.0,13.8,332,17.6,0,2.9
SIMULATED TRAINING DATA — PROTOTYPE ONLY,43245,MEMU,17,2.2,40.6,2.2,32.8,61.2,0.5,14,5,Normal,0.5,Clear,0.11,0,0,0,0,0,0,0,0.32,2.9,1,1.6,35.1,68.0,0.0,0.0,0.0,0,59.5,5651.0,25.8,265,33.7,1,4.1
SIMULATED TRAINING DATA — PROTOTYPE ONLY,43217,MEMU,14,2.8,31.2,1.7,26.65,50.8,2.0,22,6,Normal,0.6,Clear,0.32,0,0,0,0,0,0,0,0.41,0.7,2,0.0,29.3,43.6,3.0999999999999996,0.7,0.0,61,89.5,5694.0,30.5,217,38.9,1,4.3
SIMULATED TRAINING DATA — PROTOTYPE ONLY,43425,EMU Local,6,0.3,53.4,2.4,10.25,18.8,0.5,6,5,Normal,0.0,Clear,0.25,0,0,0,0,0,0,0,0.49,2.4,2,0.8,33.5,80.1,0.0,0.0,0.0,0,10.1,9771.0,11.7,201,17.6,0,3.9
SIMULATED TRAINING DATA — PROTOTYPE ONLY,43401,Fast Local,19,7.2,37.9,1.7,36.9,73.6,1.0,4,3,Normal,0.9,Clear,0.2,0,0,0,0,0,0,0,0.49,1.1,1,6.1,30.5,79.1,0.0,0.0,0.0,0,40.8,9666.0,11.8,301,18.3,0,2.9
SIMULATED TRAINING DATA — PROTOTYPE ONLY,43501,EMU Local,6,6.1,36.7,2.5,10.25,24.5,1.0,7,1,Normal,1.0,Clear,0.49,0,0,0,0,0,0,0,0.27,1.3,1,6.7,34.0,54.2,0.0,0.0,0.0,0,36.0,5593.0,25.2,198,41.6,1,2.9
SIMULATED TRAINING DATA — PROTOTYPE ONLY,43207,EMU Local,18,0.8,31.3,1.7,34.849999999999994,63.5,1.5,12,2,Normal,0.0,Clear,0.27,0,0,0,0,0,0,0,0.47,0.5,1,1.6,30.3,76.5,0.0,0.0,0.0,0,27.6,9563.0,30.7,25,49.3,2,7.8
SIMULATED TRAINING DATA — PROTOTYPE ONLY,43217,MEMU,5,4.0,45.5,2.5,8.2,18.8,1.0,19,3,Normal,0.5,Clear,0.27,0,1,0,0,20,1,47,0.62,1.1,2,5.1,33.6,36.1,0.0,0.0,0.0,0,26.7,7412.0,17.2,213,22.0,0,9.6
SIMULATED TRAINING DATA — PROTOTYPE ONLY,43203,Fast Local,6,6.8,64.5,1.6,10.25,25.2,0.5,10,3,Normal,0.5,Clear,0.29,0,1,0,0,30,1,55,0.91,1.3,4,7.3,31.6,97.6,14.2,13.5,3.2,63,93.7,9189.0,33.3,41,40.5,1,9.3
SIMULATED TRAINING DATA — PROTOTYPE ONLY,43245,EMU Local,2,4.1,41.8,2.6,2.05,7.8,1.0,8,4,Normal,0.0,Clear,0.15,0,0,0,0,0,0,0,0.66,4.7,1,3.7,29.1,65.1,2.7,0.6,0.0,61,73.4,6461.0,19.8,49,28.2,0,2.5
SIMULATED TRAINING DATA — PROTOTYPE ONLY,43221,MEMU,8,1.5,46.2,1.0,14.349999999999998,27.3,2.0,16,3,Normal,0.2,Clear,0.26,0,0,0,0,0,0,0,0.22,2.0,2,2.2,35.2,65.8,0.0,0.0,0.0,0,58.7,8528.0,20.9,96,35.3,1,4.4
SIMULATED TRAINING DATA — PROTOTYPE ONLY,43409,EMU Local,15,4.3,71.0,2.1,28.699999999999996,56.0,1.0,14,2,Normal,1.7,Clear,0.23,0,0,0,0,0,0,0,0.48,2.2,1,3.1,31.8,80.9,0.0,0.0,0.0,0,14.8,9395.0,16.6,197,23.7,0,4.2
SIMULATED TRAINING DATA — PROTOTYPE ONLY,43409,EMU Local,15,0.9,60.1,1.8,28.699999999999996,52.6,1.0,17,0,Normal,0.4,Clear,0.29,0,0,0,0,0,0,0,0.33,2.0,2,2.5,35.4,77.6,0.0,0.0,0.0,0,14.3,8994.0,12.6,266,18.2,0,2.5
SIMULATED TRAINING DATA — PROTOTYPE ONLY,43249,EMU Local,11,1.5,50.8,2.1,20.5,38.4,1.0,20,2,Normal,1.4,Clear,0.44,0,0,0,0,0,0,0,0.31,0.5,1,0.7,33.5,53.6,3.7,0.7,0.0,61,75.2,6769.0,13.1,41,20.1,0,1.8
SIMULATED TRAINING DATA — PROTOTYPE ONLY,43237,Fast Local,1,1.1,50.2,1.4,0.0,1.1,0.5,15,2,Critical,21.4,Restricted,0.89,1,0,0,0,0,0,0,0.1,0.1,1,3.3,31.3,72.6,5.8,3.5,0.0,61,98.1,5409.0,28.2,150,34.2,1,27.1
SIMULATED TRAINING DATA — PROTOTYPE ONLY,43227,EMU Local,18,3.3,33.0,2.0,34.849999999999994,66.0,1.0,22,4,Warning,2.5,Occupied,0.64,0,0,0,0,0,0,0,0.25,1.0,2,3.0,36.2,77.1,0.0,0.0,0.0,0,34.1,9258.0,19.0,312,30.3,1,7.1
SIMULATED TRAINING DATA — PROTOTYPE ONLY,43213,EMU Local,12,0.5,31.5,1.4,22.549999999999997,41.1,0.5,8,4,Normal,0.0,Clear,0.12,0,0,1,0,15,1,93,0.75,2.7,3,1.1,32.5,62.0,0.0,0.0,0.0,0,14.9,6872.0,14.2,44,22.8,0,10.0
SIMULATED TRAINING DATA — PROTOTYPE ONLY,43425,EMU Local,12,10.8,44.1,2.0,22.549999999999997,51.4,0.5,11,5,Normal,0.6,Clear,0.23,0,0,1,0,20,1,18,0.05,0.1,2,11.0,33.4,81.5,0.0,0.0,0.0,0,27.9,7990.0,21.7,244,29.8,0,7.2
SIMULATED TRAINING DATA — PROTOTYPE ONLY,43435,Fast Local,11,1.6,44.5,1.9,20.5,38.5,1.5,5,6,Normal,0.4,Clear,0.29,0,0,0,0,0,0,0,0.38,3.2,2,0.0,30.3,56.7,0.0,0.0,0.0,0,38.2,5076.0,6.1,312,8.5,0,2.2
SIMULATED TRAINING DATA — PROTOTYPE ONLY,43511,EMU Local,8,1.0,29.3,2.3,14.349999999999998,26.8,0.5,20,5,Normal,0.1,Clear,0.13,0,0,0,0,0,0,0,0.73,1.1,3,1.6,29.7,79.2,0.0,0.0,0.0,0,14.5,9844.0,21.9,296,28.0,0,1.4
SIMULATED TRAINING DATA — PROTOTYPE ONLY,43213,MEMU,7,2.7,52.5,2.1,12.299999999999999,24.8,0.5,5,3,Normal,0.5,Clear,0.32,0,0,0,0,0,0,0,0.1,0.6,2,1.8,32.3,54.1,0.0,0.0,0.0,0,45.0,5686.0,24.6,250,30.2,1,2.3
SIMULATED TRAINING DATA — PROTOTYPE ONLY,43237,EMU Local,21,1.3,37.8,3.2,41.0,75.1,0.5,6,5,Normal,0.8,Clear,0.22,0,0,0,0,0,0,0,0.33,0.2,1,1.2,27.9,66.9,6.8,3.0,0.0,61,100.0,8240.0,36.0,282,60.4,2,4.4
SIMULATED TRAINING DATA — PROTOTYPE ONLY,43201,EMU Local,2,3.1,58.9,1.8,2.05,6.8,0.5,23,4,Normal,0.7,Clear,0.5,0,0,0,0,0,0,0,0.35,0.4,2,3.2,32.1,52.4,0.0,0.0,0.0,0,39.0,9042.0,27.8,216,35.2,1,4.9
SIMULATED TRAINING DATA — PROTOTYPE ONLY,43407,EMU Local,11,1.7,41.2,2.0,20.5,38.6,1.0,21,3,Normal,0.1,Clear,0.35,0,0,0,0,0,0,0,0.34,1.1,1,0.5,32.3,81.6,0.0,0.0,0.0,0,28.7,5544.0,20.1,359,33.6,1,1.9
SIMULATED TRAINING DATA — PROTOTYPE ONLY,43425,MEMU,10,0.6,39.8,4.0,18.45,33.8,1.0,18,0,Normal,0.1,Clear,0.2,0,0,0,0,0,0,0,0.61,0.6,1,0.0,27.4,87.0,12.1,12.0,3.8,63,77.2,7854.0,23.3,145,35.3,1,4.3
SIMULATED TRAINING DATA — PROTOTYPE ONLY,43213,Fast Local,3,1.2,27.9,2.0,4.1,8.6,0.5,8,1,Critical,16.0,Restricted,0.69,1,0,0,0,0,0,0,0.47,5.2,2,2.7,36.7,92.5,0.0,0.0,0.0,2,53.5,9812.0,37.4,306,63.3,2,26.0
SIMULATED TRAINING DATA — PROTOTYPE ONLY,43239,EMU Local,20,2.3,29.6,2.7,38.949999999999996,72.4,0.5,20,4,Warning,4.5,Occupied,0.86,0,0,0,0,0,0,0,0.81,2.3,5,0.7,37.3,67.0,0.0,0.0,0.0,0,11.7,9546.0,10.2,324,14.5,0,7.6
SIMULATED TRAINING DATA — PROTOTYPE ONLY,43237,EMU Local,10,0.1,61.8,2.4,18.45,33.3,0.5,17,6,Warning,3.1,Occupied,0.64,0,0,0,0,0,0,0,0.69,3.2,1,0.8,37.0,62.7,0.0,0.0,0.0,0,48.0,6368.0,26.8,319,43.1,1,9.0
SIMULATED TRAINING DATA — PROTOTYPE ONLY,43219,EMU Local,18,5.9,46.0,3.5,34.849999999999994,68.6,0.5,4,4,Normal,0.9,Clear,0.37,0,0,0,0,0,0,0,0.37,1.1,2,5.4,30.8,84.2,0.0,0.0,0.0,0,19.5,9806.0,29.2,214,38.8,1,4.8
SIMULATED TRAINING DATA — PROTOTYPE ONLY,43403,EMU Local,14,3.9,47.8,1.2,26.65,51.9,1.0,17,0,Normal,0.1,Clear,0.44,0,0,0,0,0,0,0,0.5,0.9,2,5.1,32.2,72.7,6.3,5.0,0.0,61,74.9,9819.0,17.9,238,22.1,1,3.7
SIMULATED TRAINING DATA — PROTOTYPE ONLY,43203,EMU Local,18,3.7,66.0,1.2,34.849999999999994,66.4,0.5,12,6,Warning,2.0,Occupied,0.9,0,1,0,0,30,1,103,0.28,1.7,1,4.5,30.1,64.3,0.0,0.0,0.0,0,34.4,7275.0,13.9,211,21.5,0,6.6
SIMULATED TRAINING DATA — PROTOTYPE ONLY,43409,EMU Local,8,3.2,22.2,1.4,14.349999999999998,29.0,1.0,8,4,Critical,14.1,Restricted,0.87,1,0,0,0,0,0,0,0.63,0.1,1,2.4,34.5,64.2,0.0,0.0,0.0,0,28.0,5783.0,14.8,318,24.4,0,19.1
SIMULATED TRAINING DATA — PROTOTYPE ONLY,43511,EMU Local,10,3.6,52.1,2.2,18.45,36.8,0.5,7,5,Normal,0.0,Clear,0.24,0,1,0,0,20,1,46,0.17,0.3,1,4.4,30.8,72.4,0.0,0.0,0.0,0,24.2,5331.0,17.2,193,21.2,0,7.0
SIMULATED TRAINING DATA — PROTOTYPE ONLY,43213,EMU Local,13,10.9,18.2,1.5,24.599999999999998,55.2,0.5,4,5,Critical,20.1,Restricted,0.7,1,0,0,0,0,0,0,0.26,1.9,1,10.2,32.4,86.7,0.0,0.0,0.0,2,34.2,7249.0,12.3,330,17.9,0,26.3
SIMULATED TRAINING DATA — PROTOTYPE ONLY,43209,EMU Local,21,0.0,35.4,1.0,41.0,73.8,0.5,6,5,Normal,0.4,Clear,0.17,0,0,0,0,0,0,0,0.07,0.0,2,2.1,33.0,59.3,0.0,0.0,0.0,0,45.4,7688.0,17.9,262,27.5,0,0.1
SIMULATED TRAINING DATA — PROTOTYPE ONLY,43409,MEMU,8,0.2,24.8,1.5,14.349999999999998,26.0,0.5,23,0,Normal,0.1,Clear,0.48,0,0,1,1,30,1,21,0.39,0.3,1,0.3,27.1,87.8,0.0,0.0,0.0,2,37.7,6296.0,30.0,355,46.6,2,7.9
SIMULATED TRAINING DATA — PROTOTYPE ONLY,43435,EMU Local,4,0.9,54.9,2.3,6.1499999999999995,12.0,1.5,14,3,Normal,0.9,Clear,0.39,0,0,1,0,20,1,29,0.15,1.7,1,0.5,31.4,69.8,0.0,0.0,0.0,0,42.0,5017.0,24.7,49,30.2,1,8.7
SIMULATED TRAINING DATA — PROTOTYPE ONLY,43407,EMU Local,4,0.7,13.7,1.6,6.1499999999999995,11.8,0.5,19,4,Normal,0.8,Clear,0.48,0,0,0,0,0,0,0,0.79,8.8,4,0.2,35.2,86.6,16.2,15.9,1.4,65,83.7,3149.0,29.7,154,48.5,2,10.5
SIMULATED TRAINING DATA — PROTOTYPE ONLY,66069,MEMU,5,0.8,38.5,2.8,8.2,15.6,0.5,14,4,Warning,5.9,Occupied,0.9,0,0,0,1,0,1,24,0.31,0.5,2,0.4,46.8,69.5,0.0,0.0,0.0,0,41.1,6205.0,36.4,62,49.6,2,14.7
SIMULATED TRAINING DATA — PROTOTYPE ONLY,43425,EMU Local,1,4.5,24.6,1.4,0.0,4.5,1.5,13,5,Normal,0.5,Clear,0.34,0,0,0,0,0,0,0,0.29,1.4,2,4.1,24.4,82.1,2.3,1.0,0.0,61,81.5,6563.0,13.1,299,17.7,0,0.0
SIMULATED TRAINING DATA — PROTOTYPE ONLY,43503,EMU Local,17,2.5,29.2,2.1,32.8,61.5,1.0,15,3,Warning,6.8,Occupied,0.77,0,0,0,0,0,0,0,0.26,0.9,2,3.4,29.0,62.0,0.0,0.0,0.0,0,28.8,7080.0,15.9,204,19.6,0,8.5
SIMULATED TRAINING DATA — PROTOTYPE ONLY,43203,EMU Local,2,19.2,31.5,1.9,2.05,22.9,0.5,8,4,Normal,0.6,Clear,0.38,0,0,0,0,0,0,0,0.79,1.9,3,18.6,29.1,77.1,8.3,7.8,3.4,63,97.8,8588.0,15.6,139,23.3,1,4.9
SIMULATED TRAINING DATA — PROTOTYPE ONLY,43219,EMU Local,8,1.0,61.8,2.2,14.349999999999998,26.8,2.0,13,2,Normal,0.6,Clear,0.11,0,0,0,0,0,0,0,0.46,2.7,2,0.0,26.5,79.8,8.2,4.8,0.0,61,74.1,8914.0,27.3,83,38.4,1,6.1
SIMULATED TRAINING DATA — PROTOTYPE ONLY,43409,EMU Local,7,1.5,37.0,2.3,12.299999999999999,23.6,0.5,16,0,Warning,2.4,Occupied,0.92,0,0,0,0,0,0,0,0.24,0.9,2,2.8,39.4,49.7,0.0,0.0,0.0,0,10.7,6751.0,18.4,241,30.8,1,5.4
SIMULATED TRAINING DATA — PROTOTYPE ONLY,43251,EMU Local,15,16.6,67.9,3.1,28.699999999999996,68.3,1.0,22,1,Normal,0.2,Clear,0.47,0,1,0,0,15,1,99,0.24,0.1,1,18.2,31.4,91.6,2.9000000000000004,1.1,0.0,61,71.8,9601.0,14.2,113,17.9,0,12.2
SIMULATED TRAINING DATA — PROTOTYPE ONLY,43423,Fast Local,5,7.1,71.0,2.5,8.2,21.9,0.5,10,2,Warning,5.2,Occupied,0.75,0,0,0,0,0,0,0,0.44,2.8,2,6.2,30.9,54.6,0.0,0.0,0.0,0,26.7,5878.0,25.8,255,34.4,1,9.0
SIMULATED TRAINING DATA — PROTOTYPE ONLY,43511,EMU Local,2,2.5,73.7,1.8,2.05,6.2,1.0,19,6,Normal,1.1,Clear,0.32,0,1,0,0,15,1,82,0.9,1.0,4,2.1,34.0,85.0,0.0,0.0,0.0,0,48.8,6614.0,35.0,165,46.5,2,16.8
SIMULATED TRAINING DATA — PROTOTYPE ONLY,43205,EMU Local,7,3.2,41.1,2.5,12.299999999999999,25.3,1.0,9,1,Normal,0.2,Clear,0.23,0,0,0,0,0,0,0,0.58,2.0,1,4.7,29.2,66.1,0.0,0.0,0.0,0,16.9,5708.0,15.1,336,25.2,0,2.1
SIMULATED TRAINING DATA — PROTOTYPE ONLY,43435,EMU Local,8,7.4,45.2,2.6,14.349999999999998,33.2,0.5,13,2,Normal,0.0,Clear,0.45,0,0,1,0,15,1,107,0.36,1.9,2,8.0,34.5,81.2,0.0,0.0,0.0,0,46.1,8362.0,28.3,162,36.1,1,13.9
SIMULATED TRAINING DATA — PROTOTYPE ONLY,43505,EMU Local,7,2.6,47.7,3.3,12.299999999999999,24.7,1.0,13,2,Warning,3.3,Occupied,0.97,0,1,0,0,30,1,91,0.48,3.8,1,4.5,29.2,77.1,0.0,0.0,0.0,0,32.3,6093.0,18.6,247,31.5,1,13.5
SIMULATED TRAINING DATA — PROTOTYPE ONLY,43403,EMU Local,7,0.9,36.5,2.0,12.299999999999999,23.0,1.0,14,6,Normal,0.2,Clear,0.19,0,1,0,0,15,1,96,0.35,3.2,1,1.7,37.1,67.8,9.1,6.3,1.3,63,89.4,8404.0,34.4,248,56.9,2,15.1
SIMULATED TRAINING DATA — PROTOTYPE ONLY,43423,MEMU,14,7.1,48.4,2.1,26.65,55.1,1.0,13,6,Normal,0.2,Clear,0.11,0,0,1,0,15,1,41,0.1,0.9,2,7.7,32.1,61.4,0.0,0.0,0.0,0,12.3,5205.0,24.1,163,39.2,1,8.4
SIMULATED TRAINING DATA — PROTOTYPE ONLY,43217,EMU Local,21,3.1,28.0,2.9,41.0,76.9,1.5,17,2,Warning,2.8,Occupied,0.93,0,0,0,0,0,0,0,0.77,2.9,4,2.7,37.1,69.1,0.0,0.0,0.0,0,27.2,6036.0,18.0,46,27.0,0,7.5
SIMULATED TRAINING DATA — PROTOTYPE ONLY,43403,EMU Local,18,0.7,13.9,1.0,34.849999999999994,63.4,1.0,18,0,Normal,0.3,Clear,0.12,0,0,0,0,0,0,0,0.83,2.8,3,0.0,34.0,66.2,0.0,0.0,0.0,0,56.6,7410.0,31.3,116,52.9,2,7.3
SIMULATED TRAINING DATA — PROTOTYPE ONLY,43227,EMU Local,6,2.8,52.7,2.0,10.25,21.2,0.5,10,1,Warning,6.9,Occupied,0.65,0,0,0,0,0,0,0,0.78,0.0,4,1.4,22.2,76.4,0.0,0.0,0.0,0,10.6,8881.0,22.1,80,29.7,0,7.4
SIMULATED TRAINING DATA — PROTOTYPE ONLY,43425,EMU Local,4,2.1,36.8,2.5,6.1499999999999995,13.2,1.0,16,3,Normal,0.4,Clear,0.35,0,1,0,0,15,1,36,0.13,0.0,2,2.1,26.7,73.0,0.4,0.4,0.0,0,76.6,5793.0,27.1,99,37.1,1,10.1
SIMULATED TRAINING DATA — PROTOTYPE ONLY,43247,Fast Local,10,8.4,27.3,2.7,18.45,41.6,1.0,14,3,Normal,0.0,Clear,0.4,0,0,0,0,0,0,0,0.32,0.6,2,10.1,38.1,62.5,0.0,0.0,0.0,0,49.3,6068.0,28.0,262,43.6,1,2.2
SIMULATED TRAINING DATA — PROTOTYPE ONLY,43211,EMU Local,18,0.5,29.2,1.0,34.849999999999994,63.2,0.5,10,5,Normal,1.8,Clear,0.29,0,0,1,0,15,1,106,0.94,5.2,4,0.0,30.3,57.3,1.4000000000000001,1.3,0.0,61,74.9,8048.0,35.9,307,55.3,2,13.5
SIMULATED TRAINING DATA — PROTOTYPE ONLY,43423,EMU Local,12,8.3,64.7,1.3,22.549999999999997,48.9,1.0,14,4,Normal,1.4,Clear,0.34,0,0,0,0,0,0,0,0.15,0.5,2,8.2,24.4,67.0,0.0,0.0,0.0,0,17.4,9082.0,7.3,78,11.8,0,0.2
SIMULATED TRAINING DATA — PROTOTYPE ONLY,43217,EMU Local,16,2.9,49.0,1.0,30.749999999999996,58.2,1.0,17,0,Normal,1.4,Clear,0.16,0,0,0,0,0,0,0,0.69,0.6,1,0.9,29.5,71.0,0.0,0.0,0.0,0,18.7,7807.0,20.5,153,32.2,1,5.0
SIMULATED TRAINING DATA — PROTOTYPE ONLY,43407,Fast Local,7,2.1,19.2,2.6,12.299999999999999,24.2,2.0,20,5,Normal,1.1,Clear,0.23,0,0,0,0,0,0,0,0.8,0.4,5,3.8,30.1,63.0,0.0,0.0,0.0,0,16.0,8078.0,23.7,81,36.4,1,5.6
SIMULATED TRAINING DATA — PROTOTYPE ONLY,43221,EMU Local,6,0.7,24.2,2.2,10.25,19.2,1.0,19,5,Normal,0.5,Clear,0.39,0,0,0,0,0,0,0,0.49,1.1,2,0.0,36.6,76.6,7.7,6.9,3.1,63,77.1,9902.0,35.1,100,56.3,2,5.0
SIMULATED TRAINING DATA — PROTOTYPE ONLY,43423,EMU Local,5,4.8,37.6,3.0,8.2,19.6,0.5,4,0,Normal,0.1,Clear,0.25,0,0,1,0,30,1,100,0.42,3.6,1,7.5,28.2,69.3,0.0,0.0,0.0,0,59.6,8970.0,8.6,42,14.6,0,6.6
SIMULATED TRAINING DATA — PROTOTYPE ONLY,43401,MEMU,3,10.5,49.1,2.1,4.1,17.9,1.0,12,0,Normal,0.0,Clear,0.24,0,0,0,1,0,1,31,0.08,0.0,1,11.1,31.1,83.8,0.0,0.0,0.0,0,34.4,7294.0,12.8,139,19.3,0,4.1
SIMULATED TRAINING DATA — PROTOTYPE ONLY,43505,MEMU,12,1.9,30.1,3.4,22.549999999999997,42.5,1.0,12,2,Normal,0.1,Clear,0.18,0,0,0,0,0,0,0,0.14,0.3,1,3.8,35.9,76.5,0.0,0.0,0.0,0,23.3,5433.0,35.9,44,52.4,2,5.6
SIMULATED TRAINING DATA — PROTOTYPE ONLY,43203,EMU Local,15,1.1,39.4,1.5,28.699999999999996,52.8,1.5,13,0,Normal,0.2,Clear,0.34,0,1,0,0,20,1,89,0.4,0.1,1,0.0,29.7,79.2,0.0,0.0,0.0,0,36.0,9411.0,20.9,151,26.7,0,6.6
SIMULATED TRAINING DATA — PROTOTYPE ONLY,66015,EMU Local,10,3.2,43.7,1.9,18.45,36.4,1.0,22,3,Warning,3.4,Occupied,0.94,0,1,0,0,15,1,100,0.13,0.1,1,0.2,28.2,65.1,12.0,4.3,0.0,61,75.3,9051.0,26.8,271,37.5,1,12.9
SIMULATED TRAINING DATA — PROTOTYPE ONLY,43407,EMU Local,20,6.4,44.0,2.3,38.949999999999996,76.5,1.5,18,0,Normal,2.5,Clear,0.29,0,0,0,0,0,0,0,0.5,5.4,1,5.9,33.0,87.4,0.0,0.0,0.0,2,50.7,7136.0,23.3,23,34.4,1,9.3
SIMULATED TRAINING DATA — PROTOTYPE ONLY,66069,EMU Local,19,0.0,6.1,1.7,36.9,66.4,0.5,19,6,Normal,0.3,Clear,0.15,0,0,0,0,0,0,0,0.74,0.3,4,0.0,34.7,75.1,0.0,0.0,0.0,0,40.0,9007.0,34.7,184,42.5,1,5.6
SIMULATED TRAINING DATA — PROTOTYPE ONLY,43409,EMU Local,16,4.0,45.3,2.4,30.749999999999996,59.4,1.0,14,2,Normal,0.4,Clear,0.44,0,0,1,0,15,1,114,0.48,0.1,1,4.8,31.3,87.8,0.0,0.0,0.0,2,51.5,8638.0,8.0,152,13.5,0,10.1
SIMULATED TRAINING DATA — PROTOTYPE ONLY,43401,EMU Local,11,3.6,16.0,2.0,20.5,40.5,1.0,20,1,Normal,0.6,Clear,0.13,0,1,1,0,30,1,55,0.9,0.3,4,5.4,34.0,82.5,0.0,0.0,0.0,0,21.8,5997.0,6.7,347,8.3,0,8.0
SIMULATED TRAINING DATA — PROTOTYPE ONLY,43409,EMU Local,8,1.5,37.7,2.0,14.349999999999998,27.3,0.5,22,5,Normal,0.1,Clear,0.29,0,0,0,0,0,0,0,0.38,1.6,2,1.1,29.4,69.5,0.0,0.0,0.0,0,37.1,5878.0,20.1,18,34.1,1,4.3
SIMULATED TRAINING DATA — PROTOTYPE ONLY,43227,EMU Local,3,2.4,34.5,2.0,4.1,9.8,0.5,16,0,Warning,3.3,Occupied,1.0,0,1,0,0,20,1,69,0.31,0.0,1,1.9,23.6,64.7,0.0,0.0,0.0,0,23.2,8908.0,34.7,38,45.9,2,13.2
SIMULATED TRAINING DATA — PROTOTYPE ONLY,43201,EMU Local,7,1.1,25.8,2.5,12.299999999999999,23.2,1.0,9,6,Warning,5.7,Occupied,0.81,0,0,0,1,0,1,17,0.71,1.2,4,0.8,35.0,73.2,0.0,0.0,0.0,0,22.6,7801.0,24.8,133,38.7,1,12.0
SIMULATED TRAINING DATA — PROTOTYPE ONLY,43409,Fast Local,7,6.2,54.6,1.9,12.299999999999999,28.3,1.0,18,6,Warning,4.8,Occupied,1.0,0,1,0,0,30,1,105,0.91,9.8,4,6.6,27.5,68.6,8.0,3.8,0.0,61,79.0,7230.0,28.1,17,40.5,1,14.5
SIMULATED TRAINING DATA — PROTOTYPE ONLY,43207,EMU Local,14,4.0,25.1,1.4,26.65,52.0,2.0,19,5,Normal,1.4,Clear,0.33,0,0,0,0,0,0,0,0.88,0.2,4,2.5,29.1,63.5,0.0,0.0,0.0,0,30.1,6850.0,34.3,320,42.1,1,6.2
SIMULATED TRAINING DATA — PROTOTYPE ONLY,43207,EMU Local,2,3.0,34.2,2.1,2.05,6.7,2.0,7,1,Normal,0.5,Clear,0.37,0,0,0,0,0,0,0,0.48,4.5,1,0.8,32.4,59.3,0.0,0.0,0.0,0,44.8,8594.0,9.8,187,12.8,0,3.5
SIMULATED TRAINING DATA — PROTOTYPE ONLY,43217,EMU Local,10,2.0,55.2,1.7,18.45,35.2,0.5,11,4,Warning,4.5,Occupied,0.92,0,0,1,0,30,1,65,0.09,0.0,1,2.4,35.4,95.1,0.9,0.5,0.0,2,96.3,7017.0,25.6,202,43.0,1,11.7
SIMULATED TRAINING DATA — PROTOTYPE ONLY,43211,Fast Local,19,1.4,33.7,1.5,36.9,67.8,1.5,10,2,Normal,0.4,Clear,0.16,0,1,0,0,30,1,68,0.58,0.3,2,0.0,31.2,55.8,0.0,0.0,0.0,0,58.6,5060.0,10.9,200,15.9,0,5.8
SIMULATED TRAINING DATA — PROTOTYPE ONLY,43219,EMU Local,9,6.9,30.6,1.1,16.4,36.4,0.5,20,5,Critical,16.8,Restricted,0.81,1,0,0,1,0,1,108,0.81,2.6,5,8.3,29.5,48.9,0.0,0.0,0.0,0,23.3,6563.0,30.9,193,49.8,2,30.0
SIMULATED TRAINING DATA — PROTOTYPE ONLY,43505,EMU Local,16,2.4,38.0,2.7,30.749999999999996,57.7,1.0,19,0,Normal,0.1,Clear,0.3,0,0,0,0,0,0,0,0.74,0.7,5,0.0,37.4,76.6,0.0,0.0,0.0,0,44.5,9527.0,30.3,115,50.1,2,8.4
SIMULATED TRAINING DATA — PROTOTYPE ONLY,66015,EMU Local,19,2.8,50.1,2.5,36.9,69.2,0.5,5,4,Critical,15.8,Restricted,0.96,1,1,0,0,20,1,54,0.14,0.0,2,1.9,30.3,63.3,0.0,0.0,0.0,0,28.7,6845.0,7.6,100,9.2,0,25.5
SIMULATED TRAINING DATA — PROTOTYPE ONLY,43205,EMU Local,18,2.9,63.7,2.9,34.849999999999994,65.6,0.5,20,4,Critical,15.6,Restricted,0.68,1,0,0,0,0,0,0,0.46,2.2,2,1.3,30.5,68.4,0.0,0.0,0.0,0,27.4,5203.0,36.1,199,56.3,2,26.1
SIMULATED TRAINING DATA — PROTOTYPE ONLY,43503,EMU Local,9,2.4,28.0,2.1,16.4,31.9,1.5,7,1,Normal,0.4,Clear,0.16,0,0,1,0,30,1,95,0.4,0.6,2,1.6,25.2,55.6,11.5,10.5,3.8,63,89.9,8650.0,18.1,197,25.5,1,8.6
SIMULATED TRAINING DATA — PROTOTYPE ONLY,43221,EMU Local,16,1.2,29.2,2.7,30.749999999999996,56.6,0.5,17,5,Normal,0.6,Clear,0.34,0,0,1,0,15,1,119,0.83,6.9,5,0.1,32.0,76.9,0.0,0.0,0.0,0,22.0,6378.0,9.0,283,11.3,0,15.0
SIMULATED TRAINING DATA — PROTOTYPE ONLY,43425,EMU Local,13,0.5,37.9,1.5,24.599999999999998,44.8,1.0,11,5,Normal,1.0,Clear,0.28,0,0,0,0,0,0,0,0.36,0.4,1,1.9,37.3,75.4,0.0,0.0,0.0,0,56.7,5293.0,12.8,280,18.3,0,1.6
SIMULATED TRAINING DATA — PROTOTYPE ONLY,43251,Fast Local,10,0.4,45.5,1.0,18.45,33.6,0.5,8,3,Warning,4.8,Occupied,0.95,0,0,0,0,0,0,0,0.76,2.9,5,3.8,25.7,83.4,0.0,0.0,0.0,0,28.9,8994.0,34.9,120,58.4,2,12.7
SIMULATED TRAINING DATA — PROTOTYPE ONLY,43201,EMU Local,20,5.7,30.4,1.6,38.949999999999996,75.8,0.5,8,3,Warning,3.9,Occupied,0.7,0,1,0,0,15,1,58,0.64,0.9,1,4.2,28.7,78.6,15.5,15.1,1.1,65,70.4,1687.0,21.1,341,30.3,2,18.3
SIMULATED TRAINING DATA — PROTOTYPE ONLY,43239,EMU Local,14,1.0,52.3,2.0,26.65,49.0,0.5,8,3,Normal,0.6,Clear,0.35,0,0,0,0,0,0,0,0.77,0.4,5,0.2,31.4,68.5,4.8,4.7,0.0,61,76.5,5799.0,27.3,273,35.9,1,3.8
SIMULATED TRAINING DATA — PROTOTYPE ONLY,43237,MEMU,12,0.2,28.2,2.3,22.549999999999997,40.8,1.0,8,5,Normal,0.3,Clear,0.12,0,0,0,0,0,0,0,0.55,7.1,1,0.0,33.7,52.7,0.0,0.0,0.0,0,18.2,5990.0,19.9,14,28.6,0,3.4
SIMULATED TRAINING DATA — PROTOTYPE ONLY,43239,EMU Local,19,6.4,13.5,2.9,36.9,72.8,0.5,6,5,Warning,3.9,Occupied,0.76,0,0,0,0,0,0,0,0.28,0.9,1,5.1,32.7,62.4,4.4,1.9,0.0,61,95.1,8443.0,8.3,114,11.9,0,4.4
SIMULATED TRAINING DATA — PROTOTYPE ONLY,43407,EMU Local,7,0.7,50.0,2.3,12.299999999999999,22.8,0.5,9,3,Normal,0.4,Clear,0.31,0,0,0,0,0,0,0,0.73,4.7,4,1.4,31.7,61.8,0.0,0.0,0.0,0,30.3,5560.0,26.4,249,35.6,1,3.9
SIMULATED TRAINING DATA — PROTOTYPE ONLY,43503,EMU Local,15,3.9,51.7,3.5,28.699999999999996,55.6,1.0,4,2,Warning,2.6,Occupied,0.82,0,0,1,0,20,1,70,0.41,0.4,2,2.2,28.9,58.8,0.0,0.0,0.0,0,36.1,8524.0,38.0,218,55.2,2,19.2
SIMULATED TRAINING DATA — PROTOTYPE ONLY,43205,EMU Local,16,1.7,57.7,2.2,30.749999999999996,57.0,0.5,11,6,Warning,2.5,Occupied,0.69,0,0,0,0,0,0,0,0.21,0.4,2,2.4,37.0,87.5,0.0,0.0,0.0,2,51.7,6585.0,22.1,34,32.6,1,6.5
SIMULATED TRAINING DATA — PROTOTYPE ONLY,43423,Fast Local,8,0.5,12.1,2.2,14.349999999999998,26.3,0.5,16,6,Warning,2.2,Occupied,0.87,0,0,0,0,0,0,0,0.24,0.5,1,0.6,23.1,88.7,0.0,0.0,0.0,2,17.2,7564.0,12.3,345,16.4,0,1.9
SIMULATED TRAINING DATA — PROTOTYPE ONLY,43501,Fast Local,10,2.1,32.0,2.3,18.45,35.3,1.5,23,6,Normal,0.8,Clear,0.45,0,0,0,0,0,0,0,0.15,0.5,2,3.0,36.0,65.8,0.0,0.0,0.0,0,39.4,9082.0,14.0,215,23.7,0,0.8
SIMULATED TRAINING DATA — PROTOTYPE ONLY,43223,EMU Local,4,0.1,38.2,2.3,6.1499999999999995,11.2,0.5,9,0,Normal,0.1,Clear,0.39,0,0,0,0,0,0,0,0.35,0.6,1,0.1,39.6,81.7,0.0,0.0,0.0,0,11.7,7211.0,13.2,109,18.3,0,1.2
SIMULATED TRAINING DATA — PROTOTYPE ONLY,43227,EMU Local,19,7.4,68.4,2.3,36.9,73.8,0.5,21,0,Normal,0.4,Clear,0.28,0,0,0,0,0,0,0,0.07,0.1,2,8.3,34.5,75.1,0.0,0.0,0.0,0,29.9,5768.0,36.2,292,56.3,2,6.6
SIMULATED TRAINING DATA — PROTOTYPE ONLY,43223,Fast Local,19,2.9,39.6,1.4,36.9,69.3,1.0,21,2,Critical,21.1,Restricted,0.98,1,0,0,0,0,0,0,0.62,0.5,2,3.5,29.1,65.0,0.0,0.0,0.0,0,52.7,5684.0,36.4,278,60.5,2,33.0
SIMULATED TRAINING DATA — PROTOTYPE ONLY,43503,MEMU,21,0.6,21.8,2.6,41.0,74.4,1.0,19,1,Normal,2.2,Clear,0.38,0,0,0,0,0,0,0,0.85,2.7,4,0.4,32.7,73.1,6.6,4.3,0.0,61,87.5,6923.0,14.4,308,18.4,1,8.2
SIMULATED TRAINING DATA — PROTOTYPE ONLY,43503,Fast Local,15,1.1,46.5,3.6,28.699999999999996,52.8,1.0,11,6,Normal,1.1,Clear,0.47,0,1,0,0,30,1,88,0.18,0.2,1,1.8,26.9,48.4,0.0,0.0,0.0,0,49.3,5771.0,5.2,167,6.6,0,7.0
SIMULATED TRAINING DATA — PROTOTYPE ONLY,43511,EMU Local,14,2.4,61.6,1.6,26.65,50.4,2.0,20,6,Normal,1.0,Clear,0.29,0,0,1,0,20,1,61,0.7,1.2,1,4.1,27.7,53.1,7.2,7.0,2.6,63,73.7,8153.0,15.4,121,21.5,1,9.4
SIMULATED TRAINING DATA — PROTOTYPE ONLY,43215,EMU Local,1,0.8,58.4,2.1,0.0,0.8,0.5,11,0,Normal,0.1,Clear,0.28,0,0,0,0,0,0,0,0.58,0.1,2,0.0,33.7,77.1,0.0,0.0,0.0,0,33.9,7981.0,23.8,239,38.3,1,3.0
SIMULATED TRAINING DATA — PROTOTYPE ONLY,43401,MEMU,16,1.3,50.4,1.3,30.749999999999996,56.6,2.0,18,5,Warning,2.6,Occupied,0.63,0,0,1,0,30,1,76,0.52,0.5,2,0.0,33.8,83.3,0.0,0.0,0.0,0,52.0,8558.0,32.0,41,48.6,2,14.0
SIMULATED TRAINING DATA — PROTOTYPE ONLY,43247,EMU Local,10,3.1,45.9,2.6,18.45,36.3,2.0,13,4,Warning,2.4,Occupied,0.65,0,0,0,0,0,0,0,0.51,1.2,2,4.7,33.0,82.9,0.0,0.0,0.0,0,35.3,8021.0,18.8,249,26.8,0,5.7
SIMULATED TRAINING DATA — PROTOTYPE ONLY,43209,EMU Local,19,7.1,8.0,2.6,36.9,73.5,1.5,4,5,Normal,0.1,Clear,0.46,0,0,0,0,0,0,0,0.2,1.1,1,8.2,26.7,59.4,0.0,0.0,0.0,0,39.7,6795.0,21.0,183,29.8,0,0.0
SIMULATED TRAINING DATA — PROTOTYPE ONLY,43247,EMU Local,3,2.1,42.4,1.2,4.1,9.5,0.5,12,0,Normal,0.1,Clear,0.37,0,0,0,0,0,0,0,0.1,0.2,1,3.8,40.9,82.6,0.0,0.0,0.0,0,52.1,7984.0,9.2,240,13.8,0,0.4
SIMULATED TRAINING DATA — PROTOTYPE ONLY,43247,EMU Local,5,5.0,44.7,1.3,8.2,19.8,1.5,20,2,Warning,2.8,Occupied,0.63,0,0,0,0,0,0,0,0.8,1.0,4,4.9,33.8,79.9,0.0,0.0,0.0,0,50.8,9324.0,23.9,352,31.8,1,7.3
SIMULATED TRAINING DATA — PROTOTYPE ONLY,43247,EMU Local,9,8.4,39.6,1.0,16.4,37.9,0.5,23,1,Normal,0.1,Clear,0.47,0,0,0,0,0,0,0,0.16,0.4,2,10.5,31.0,77.5,0.0,0.0,0.0,0,22.2,5211.0,25.3,247,40.8,1,3.7
SIMULATED TRAINING DATA — PROTOTYPE ONLY,43249,EMU Local,18,1.0,52.6,3.0,34.849999999999994,63.7,1.0,4,0,Normal,0.1,Clear,0.5,0,1,0,0,30,1,65,0.23,0.0,2,4.5,31.8,70.3,0.0,0.0,0.0,0,39.4,5459.0,9.6,157,13.0,0,4.5
SIMULATED TRAINING DATA — PROTOTYPE ONLY,43237,Fast Local,11,6.6,39.4,1.6,20.5,43.5,0.5,12,2,Normal,0.1,Clear,0.17,0,1,0,0,20,1,70,0.48,0.7,2,8.0,29.1,65.7,0.0,0.0,0.0,0,20.3,9891.0,15.5,84,23.2,0,6.9
SIMULATED TRAINING DATA — PROTOTYPE ONLY,43511,EMU Local,16,5.7,36.5,2.0,30.749999999999996,61.0,1.0,17,4,Normal,0.4,Clear,0.4,0,0,0,0,0,0,0,0.83,0.4,5,6.4,28.1,80.8,0.0,0.0,0.0,0,12.0,8840.0,14.4,47,17.6,0,1.4
SIMULATED TRAINING DATA — PROTOTYPE ONLY,66015,MEMU,2,1.8,57.6,1.9,2.05,5.5,1.0,8,3,Normal,1.1,Clear,0.33,0,0,0,0,0,0,0,0.42,0.4,1,2.7,41.4,81.6,0.0,0.0,0.0,0,15.2,5361.0,34.2,300,47.5,2,8.0
SIMULATED TRAINING DATA — PROTOTYPE ONLY,43511,EMU Local,12,18.2,35.8,2.7,22.549999999999997,58.8,0.5,9,4,Normal,0.3,Clear,0.28,0,0,0,0,0,0,0,0.84,1.5,4,18.4,28.1,69.5,6.5,5.9,1.8,63,80.1,9699.0,23.9,80,36.9,1,6.9
SIMULATED TRAINING DATA — PROTOTYPE ONLY,43203,EMU Local,6,1.2,43.0,2.5,10.25,19.6,1.5,8,4,Normal,0.4,Clear,0.49,0,0,0,0,0,0,0,0.93,0.2,3,1.6,28.9,77.1,0.0,0.0,0.0,0,54.4,9711.0,28.4,113,35.5,1,5.3
SIMULATED TRAINING DATA — PROTOTYPE ONLY,43219,Fast Local,11,1.2,55.5,2.5,20.5,38.1,1.0,7,6,Normal,0.1,Clear,0.44,0,0,0,0,0,0,0,0.25,1.4,1,1.7,30.2,77.6,5.4,4.2,0.0,61,79.3,8391.0,18.6,252,29.5,1,4.3
SIMULATED TRAINING DATA — PROTOTYPE ONLY,43249,EMU Local,8,5.9,26.8,1.6,14.349999999999998,31.7,1.0,19,1,Normal,0.2,Clear,0.38,0,0,0,0,0,0,0,0.81,0.9,5,8.6,28.7,70.8,0.0,0.0,0.0,0,16.3,9596.0,17.9,170,23.7,0,2.9
SIMULATED TRAINING DATA — PROTOTYPE ONLY,43207,EMU Local,12,2.3,25.2,2.5,22.549999999999997,42.9,0.5,19,0,Warning,4.9,Occupied,0.81,0,0,0,0,0,0,0,0.66,0.6,2,1.4,31.5,63.7,8.3,5.8,3.4,63,70.3,6708.0,15.3,189,25.2,1,9.1
SIMULATED TRAINING DATA — PROTOTYPE ONLY,43205,EMU Local,2,1.6,62.4,2.7,2.05,5.3,1.5,13,3,Normal,0.3,Clear,0.37,0,0,1,0,15,1,46,0.42,0.6,1,1.3,29.8,72.8,0.0,0.0,0.0,0,41.0,7019.0,13.2,267,18.4,0,12.7
SIMULATED TRAINING DATA — PROTOTYPE ONLY,43401,EMU Local,9,0.8,33.1,2.5,16.4,30.3,1.0,17,2,Normal,0.4,Clear,0.31,0,0,0,0,0,0,0,0.58,0.9,1,0.8,31.0,82.4,0.0,0.0,0.0,0,52.9,7206.0,36.8,92,58.3,2,8.6
SIMULATED TRAINING DATA — PROTOTYPE ONLY,43237,MEMU,15,5.8,52.4,1.3,28.699999999999996,57.5,0.5,16,3,Normal,0.2,Clear,0.2,0,0,0,0,0,0,0,0.4,2.3,2,6.6,30.2,61.6,0.0,0.0,0.0,0,26.0,9579.0,19.3,262,28.9,0,2.5
SIMULATED TRAINING DATA — PROTOTYPE ONLY,43249,Fast Local,2,6.2,15.4,1.4,2.05,9.9,1.0,7,0,Warning,6.4,Occupied,0.82,0,0,0,0,0,0,0,0.2,0.2,2,6.5,30.6,85.9,0.0,0.0,0.0,2,37.5,9704.0,16.3,89,23.0,0,6.8
SIMULATED TRAINING DATA — PROTOTYPE ONLY,43503,EMU Local,1,3.3,4.5,3.1,0.0,3.3,1.0,17,1,Normal,2.0,Clear,0.18,0,1,0,0,20,1,23,0.4,0.9,2,1.8,25.3,63.2,0.0,0.0,0.0,0,54.6,7976.0,16.9,170,23.9,0,10.7
SIMULATED TRAINING DATA — PROTOTYPE ONLY,43201,EMU Local,10,12.6,47.5,3.3,18.45,45.8,1.0,12,0,Critical,8.3,Restricted,0.64,1,0,0,0,0,0,0,0.26,0.6,1,12.7,30.3,93.8,0.0,0.0,0.0,2,16.6,9528.0,17.0,136,20.7,0,13.6
SIMULATED TRAINING DATA — PROTOTYPE ONLY,43221,EMU Local,2,1.5,40.1,2.1,2.05,5.2,0.5,6,2,Normal,0.0,Clear,0.39,0,0,0,0,0,0,0,0.13,0.2,1,1.4,31.0,81.6,0.0,0.0,0.0,0,17.8,9281.0,10.9,197,16.9,0,0.0
SIMULATED TRAINING DATA — PROTOTYPE ONLY,43435,MEMU,12,1.0,47.6,2.1,22.549999999999997,41.6,0.5,13,3,Normal,0.8,Clear,0.11,0,0,0,0,0,0,0,0.21,1.1,2,1.0,30.4,66.7,8.4,7.8,1.0,63,84.9,7121.0,11.7,210,18.9,1,3.5
SIMULATED TRAINING DATA — PROTOTYPE ONLY,43209,EMU Local,8,4.5,70.1,2.2,14.349999999999998,30.3,1.0,18,4,Normal,0.1,Clear,0.41,0,0,0,0,0,0,0,0.73,2.5,3,5.5,30.5,55.8,0.0,0.0,0.0,0,32.7,8514.0,27.0,188,35.3,1,5.7
SIMULATED TRAINING DATA — PROTOTYPE ONLY,43401,EMU Local,5,5.7,23.4,2.4,8.2,20.5,1.5,22,0,Normal,0.2,Clear,0.11,0,0,0,0,0,0,0,0.05,0.2,2,7.1,35.2,65.4,0.7,0.6,0.0,61,76.5,5922.0,5.5,240,8.9,0,0.0
SIMULATED TRAINING DATA — PROTOTYPE ONLY,43409,EMU Local,1,1.0,42.6,1.2,0.0,1.0,1.0,5,5,Normal,0.3,Clear,0.31,0,0,0,0,0,0,0,0.27,0.1,1,0.0,29.5,68.3,0.0,0.0,0.0,0,37.5,5744.0,29.1,195,45.8,2,6.5
SIMULATED TRAINING DATA — PROTOTYPE ONLY,43503,EMU Local,15,0.3,64.2,2.2,28.699999999999996,52.0,0.5,5,1,Normal,1.2,Clear,0.33,0,1,0,0,15,1,27,0.07,0.4,2,2.6,35.5,68.0,0.0,0.0,0.0,0,54.9,8394.0,10.7,351,17.6,0,8.9
SIMULATED TRAINING DATA — PROTOTYPE ONLY,43227,EMU Local,6,6.7,25.6,1.5,10.25,25.2,0.5,12,1,Normal,0.5,Clear,0.4,0,1,0,0,15,1,20,0.49,0.5,2,4.9,39.5,63.9,0.0,0.0,0.0,0,54.2,7181.0,31.0,14,51.3,2,13.1
SIMULATED TRAINING DATA — PROTOTYPE ONLY,43217,MEMU,12,15.0,33.2,2.1,22.549999999999997,55.6,1.0,7,3,Normal,0.0,Clear,0.4,0,0,0,0,0,0,0,0.34,0.1,1,14.1,28.9,72.4,3.4000000000000004,1.3,0.0,61,85.9,8481.0,16.3,65,21.6,0,2.6
SIMULATED TRAINING DATA — PROTOTYPE ONLY,43247,EMU Local,8,4.1,15.5,1.6,14.349999999999998,29.9,1.5,8,4,Warning,2.4,Occupied,0.71,0,0,0,0,0,0,0,0.88,3.3,5,3.8,33.0,70.9,0.0,0.0,0.0,0,40.2,8971.0,9.5,297,12.1,0,5.7
SIMULATED TRAINING DATA — PROTOTYPE ONLY,43237,EMU Local,13,1.3,75.0,1.7,24.599999999999998,45.6,0.5,5,2,Warning,4.8,Occupied,0.81,0,0,0,0,0,0,0,0.18,0.2,2,2.1,32.5,62.5,0.0,0.0,0.0,0,20.8,7097.0,30.1,333,49.4,2,11.2
SIMULATED TRAINING DATA — PROTOTYPE ONLY,43503,Fast Local,19,22.8,8.9,2.2,36.9,89.2,1.0,10,4,Normal,0.2,Clear,0.38,0,0,0,0,0,0,0,0.85,1.6,5,20.7,31.7,84.7,0.0,0.0,0.0,0,43.2,9757.0,20.1,305,32.1,1,4.9
SIMULATED TRAINING DATA — PROTOTYPE ONLY,43219,MEMU,1,8.9,54.0,1.7,0.0,8.9,0.5,22,3,Normal,0.3,Clear,0.3,0,0,0,0,0,0,0,0.15,0.6,2,11.6,25.0,85.5,0.0,0.0,0.0,2,38.4,9575.0,10.8,18,13.1,0,0.0
SIMULATED TRAINING DATA — PROTOTYPE ONLY,43247,EMU Local,11,2.9,22.2,1.4,20.5,39.8,0.5,9,4,Normal,0.9,Clear,0.23,0,0,0,0,0,0,0,0.87,0.3,4,0.7,35.1,72.2,0.0,0.0,0.0,0,21.2,5486.0,25.1,330,39.4,1,5.7
SIMULATED TRAINING DATA — PROTOTYPE ONLY,43423,EMU Local,20,7.0,26.2,3.0,38.949999999999996,77.1,0.5,19,3,Normal,0.2,Clear,0.19,0,1,0,0,15,1,55,0.84,0.4,5,8.9,30.0,83.4,7.2,6.8,2.2,63,76.3,5677.0,24.9,114,34.1,1,15.3
SIMULATED TRAINING DATA — PROTOTYPE ONLY,43201,EMU Local,1,6.8,58.0,1.4,0.0,6.8,1.5,17,4,Normal,0.2,Clear,0.15,0,1,0,0,30,1,53,0.64,2.4,2,6.3,36.2,79.7,0.0,0.0,0.0,0,33.7,5660.0,25.6,148,36.2,1,6.8
SIMULATED TRAINING DATA — PROTOTYPE ONLY,43409,EMU Local,8,10.9,30.9,1.0,14.349999999999998,36.7,1.5,15,0,Normal,0.2,Clear,0.22,0,0,0,0,0,0,0,0.22,0.5,1,11.0,31.4,64.8,0.0,0.0,0.0,0,29.6,7641.0,14.2,311,21.3,0,1.2
SIMULATED TRAINING DATA — PROTOTYPE ONLY,43209,EMU Local,5,7.4,51.8,2.4,8.2,22.2,0.5,9,1,Normal,0.0,Clear,0.28,0,0,0,0,0,0,0,0.78,0.7,5,4.7,36.0,77.2,0.0,0.0,0.0,0,49.6,7349.0,5.1,183,8.6,0,3.2
SIMULATED TRAINING DATA — PROTOTYPE ONLY,43207,EMU Local,17,4.1,62.7,1.9,32.8,63.1,1.0,16,3,Warning,3.5,Occupied,0.64,0,0,0,0,0,0,0,0.57,1.4,2,5.0,33.6,61.4,0.0,0.0,0.0,0,24.9,9418.0,29.9,210,37.5,1,8.1
SIMULATED TRAINING DATA — PROTOTYPE ONLY,43425,EMU Local,8,3.8,45.0,2.1,14.349999999999998,29.6,0.5,18,3,Normal,0.1,Clear,0.33,0,0,0,0,0,0,0,0.66,2.2,1,3.6,34.6,60.7,18.6,14.1,1.7,63,95.1,6844.0,5.4,305,6.5,1,4.3
SIMULATED TRAINING DATA — PROTOTYPE ONLY,43219,MEMU,10,2.5,55.3,2.2,18.45,35.7,1.0,17,1,Normal,0.2,Clear,0.24,0,0,0,0,0,0,0,0.7,1.3,2,3.9,34.0,79.3,0.0,0.0,0.0,0,20.2,7280.0,15.1,92,23.1,0,3.3
SIMULATED TRAINING DATA — PROTOTYPE ONLY,43407,EMU Local,2,3.9,43.2,2.9,2.05,7.6,1.0,11,5,Normal,0.1,Clear,0.47,0,1,0,0,30,1,65,0.49,0.3,2,2.2,30.9,78.2,0.0,0.0,0.0,0,13.1,9399.0,15.3,293,18.4,0,5.6
SIMULATED TRAINING DATA — PROTOTYPE ONLY,43211,EMU Local,9,6.3,43.9,3.2,16.4,35.8,0.5,23,5,Critical,21.1,Restricted,0.63,1,0,0,0,0,0,0,0.32,1.2,2,8.0,30.1,77.4,0.6000000000000001,0.2,0.0,0,75.0,7761.0,12.6,7,21.4,0,26.4
SIMULATED TRAINING DATA — PROTOTYPE ONLY,43205,EMU Local,3,13.9,32.5,2.3,4.1,21.3,0.5,14,2,Warning,2.5,Occupied,0.94,0,1,0,0,20,1,59,0.22,0.1,1,11.8,33.3,73.7,29.099999999999998,28.7,3.5,65,73.4,1818.0,17.1,295,21.1,2,17.0
SIMULATED TRAINING DATA — PROTOTYPE ONLY,43503,Fast Local,18,2.5,70.9,1.4,34.849999999999994,65.2,1.0,12,3,Normal,0.1,Clear,0.12,0,0,0,0,0,0,0,0.21,0.8,1,2.8,34.3,51.4,0.0,0.0,0.0,0,28.0,5588.0,30.3,31,43.5,1,1.8
SIMULATED TRAINING DATA — PROTOTYPE ONLY,43425,MEMU,7,3.4,53.1,2.2,12.299999999999999,25.5,1.0,15,0,Normal,0.3,Clear,0.34,0,0,0,1,0,1,71,0.28,0.3,2,1.6,31.5,54.0,0.0,0.0,0.0,0,33.8,5157.0,30.6,117,44.0,1,5.0
SIMULATED TRAINING DATA — PROTOTYPE ONLY,43227,MEMU,15,2.4,49.8,2.5,28.699999999999996,54.1,0.5,9,4,Normal,0.0,Clear,0.34,0,0,0,0,0,0,0,0.98,0.0,3,4.8,34.6,76.5,0.0,0.0,0.0,0,10.3,8944.0,9.2,111,12.2,0,3.4
SIMULATED TRAINING DATA — PROTOTYPE ONLY,43401,MEMU,21,4.4,53.6,2.7,41.0,78.2,1.0,22,0,Normal,0.7,Clear,0.33,0,0,0,0,0,0,0,0.16,0.4,1,5.5,28.5,80.8,0.0,0.0,0.0,0,27.4,6447.0,31.4,54,38.6,1,0.5
SIMULATED TRAINING DATA — PROTOTYPE ONLY,43219,Fast Local,20,4.0,31.8,2.2,38.949999999999996,74.1,1.0,6,3,Normal,0.5,Clear,0.46,0,0,1,1,20,1,26,0.23,0.3,2,5.9,32.5,63.5,0.0,0.0,0.0,0,32.2,7507.0,9.2,299,14.5,0,6.1
SIMULATED TRAINING DATA — PROTOTYPE ONLY,43221,EMU Local,18,0.1,56.0,1.8,34.849999999999994,62.8,1.0,4,2,Critical,11.6,Restricted,0.87,1,0,0,1,0,1,30,0.56,0.5,2,0.0,36.1,92.4,4.0,3.9,0.0,61,99.2,9235.0,31.3,33,51.3,2,25.7
SIMULATED TRAINING DATA — PROTOTYPE ONLY,43501,EMU Local,3,3.1,65.3,1.6,4.1,10.5,0.5,18,3,Normal,0.3,Clear,0.45,0,0,0,0,0,0,0,0.93,2.2,4,2.7,32.5,64.3,0.0,0.0,0.0,0,52.0,7027.0,15.6,275,21.2,0,3.6
SIMULATED TRAINING DATA — PROTOTYPE ONLY,43221,EMU Local,14,0.4,21.3,2.0,26.65,48.4,1.0,18,2,Normal,1.2,Clear,0.12,0,0,0,0,0,0,0,0.62,0.9,1,0.4,31.1,86.2,4.2,3.9,0.0,61,97.8,9659.0,6.9,49,11.2,1,5.0
SIMULATED TRAINING DATA — PROTOTYPE ONLY,43217,MEMU,2,0.1,50.1,1.2,2.05,3.8,1.0,8,1,Normal,0.3,Clear,0.23,0,1,0,0,15,1,105,0.95,1.2,4,0.0,35.1,52.1,6.8,0.8,0.0,61,72.3,8378.0,36.0,55,59.6,2,12.5
SIMULATED TRAINING DATA — PROTOTYPE ONLY,43211,MEMU,14,6.3,42.9,2.3,26.65,54.3,1.0,14,4,Warning,5.3,Occupied,0.94,0,0,0,0,0,0,0,0.51,2.6,1,5.8,37.8,62.0,0.0,0.0,0.0,0,26.8,5300.0,27.2,278,46.0,2,11.6
SIMULATED TRAINING DATA — PROTOTYPE ONLY,43409,EMU Local,11,1.2,34.2,2.2,20.5,38.1,2.0,4,0,Normal,0.6,Clear,0.36,0,0,0,0,0,0,0,0.35,0.1,1,0.9,33.9,76.2,0.0,0.0,0.0,0,38.2,5612.0,19.5,190,30.2,1,3.4
SIMULATED TRAINING DATA — PROTOTYPE ONLY,43501,EMU Local,16,1.7,25.6,2.2,30.749999999999996,57.0,0.5,13,2,Normal,0.4,Clear,0.28,0,0,0,1,0,1,97,0.48,0.9,2,3.1,25.2,68.2,0.0,0.0,0.0,0,13.9,9067.0,9.3,185,13.2,0,5.6
SIMULATED TRAINING DATA — PROTOTYPE ONLY,43425,EMU Local,8,0.3,57.8,2.5,14.349999999999998,26.1,1.0,23,0,Normal,0.1,Clear,0.41,0,0,0,0,0,0,0,0.29,0.3,2,1.5,28.4,81.9,0.0,0.0,0.0,0,30.1,9956.0,6.9,254,11.2,0,1.0
SIMULATED TRAINING DATA — PROTOTYPE ONLY,43213,Fast Local,7,0.8,45.1,3.0,12.299999999999999,22.9,0.5,14,6,Normal,0.2,Clear,0.25,0,1,0,0,20,1,90,0.2,0.2,2,0.0,35.6,75.2,0.0,0.0,0.0,0,48.9,5840.0,29.1,79,41.6,1,9.0
SIMULATED TRAINING DATA — PROTOTYPE ONLY,43251,EMU Local,11,5.8,38.9,2.1,20.5,42.7,0.5,10,1,Warning,3.7,Occupied,0.96,0,0,0,0,0,0,0,0.59,1.2,1,6.7,29.6,89.3,0.0,0.0,0.0,2,24.8,7781.0,36.1,76,57.4,2,9.4
SIMULATED TRAINING DATA — PROTOTYPE ONLY,43503,EMU Local,3,2.7,50.1,2.1,4.1,10.1,1.0,20,3,Critical,12.0,Restricted,0.83,1,0,0,0,0,0,0,0.5,4.5,1,1.0,31.9,66.0,16.1,15.9,1.3,65,89.5,1325.0,34.2,212,56.6,2,25.0
SIMULATED TRAINING DATA — PROTOTYPE ONLY,43205,EMU Local,17,8.5,40.1,1.9,32.8,67.5,1.5,15,2,Normal,0.5,Clear,0.17,0,1,0,0,30,1,53,0.05,0.2,2,10.3,29.4,58.9,5.6,5.0,0.0,61,97.4,6792.0,21.0,262,31.9,1,6.2
SIMULATED TRAINING DATA — PROTOTYPE ONLY,43247,EMU Local,14,2.0,31.4,2.4,26.65,50.0,0.5,7,4,Normal,0.1,Clear,0.18,0,1,0,0,20,1,83,0.22,0.2,1,0.9,35.0,69.3,0.0,0.0,0.0,0,10.3,8674.0,14.8,88,23.1,0,7.2
SIMULATED TRAINING DATA — PROTOTYPE ONLY,43209,Fast Local,6,1.3,43.9,2.1,10.25,19.8,2.0,15,6,Warning,3.1,Occupied,0.95,0,0,0,0,0,0,0,0.45,1.3,1,2.3,33.6,67.1,0.0,0.0,0.0,0,23.3,5089.0,9.7,79,15.3,0,4.9
SIMULATED TRAINING DATA — PROTOTYPE ONLY,43249,EMU Local,8,1.7,41.6,2.8,14.349999999999998,27.5,0.5,6,2,Normal,1.1,Clear,0.11,0,0,1,0,20,1,85,0.39,0.2,2,2.5,29.0,64.0,0.0,0.0,0.0,0,55.1,8411.0,15.7,228,25.3,0,10.5
SIMULATED TRAINING DATA — PROTOTYPE ONLY,43401,MEMU,5,5.0,15.4,2.8,8.2,19.8,0.5,21,5,Normal,0.2,Clear,0.39,0,1,0,0,15,1,104,0.46,3.5,1,4.6,34.9,61.6,0.0,0.0,0.0,0,16.9,5617.0,31.8,340,43.6,1,16.0
SIMULATED TRAINING DATA — PROTOTYPE ONLY,43407,EMU Local,8,3.2,32.6,2.3,14.349999999999998,29.0,0.5,15,3,Normal,0.1,Clear,0.26,0,0,1,0,15,1,102,0.16,0.3,2,2.7,35.2,54.8,0.0,0.0,0.0,0,53.0,6978.0,28.9,240,47.8,2,13.5
SIMULATED TRAINING DATA — PROTOTYPE ONLY,43209,EMU Local,2,9.4,23.0,2.1,2.05,13.1,1.0,22,3,Normal,1.1,Clear,0.11,0,0,0,1,0,1,75,0.34,3.6,1,9.1,33.9,87.5,3.8,3.5,0.0,61,99.0,6917.0,36.0,28,59.3,2,9.5
SIMULATED TRAINING DATA — PROTOTYPE ONLY,43203,EMU Local,15,3.7,17.2,1.9,28.699999999999996,55.4,1.0,16,4,Critical,11.3,Restricted,0.98,1,0,0,0,0,0,0,0.18,0.7,2,4.3,32.5,54.2,0.0,0.0,0.0,0,41.2,6597.0,11.3,304,17.9,0,15.4
SIMULATED TRAINING DATA — PROTOTYPE ONLY,43501,MEMU,12,2.7,49.0,2.4,22.549999999999997,43.3,0.5,19,4,Normal,0.1,Clear,0.46,0,0,1,0,15,1,76,0.39,2.4,2,3.7,46.3,71.0,4.5,2.8,0.0,61,76.8,9761.0,10.5,163,12.7,0,10.9
SIMULATED TRAINING DATA — PROTOTYPE ONLY,43503,EMU Local,17,6.2,32.0,2.4,32.8,65.2,0.5,11,1,Normal,0.3,Clear,0.3,0,1,0,0,15,1,95,0.48,0.3,2,8.9,25.9,73.6,0.0,0.0,0.0,0,25.4,8258.0,24.5,29,36.8,1,12.2
SIMULATED TRAINING DATA — PROTOTYPE ONLY,66069,EMU Local,1,11.8,57.6,1.9,0.0,11.8,1.0,9,6,Normal,0.6,Clear,0.49,0,0,0,1,0,1,18,0.52,3.5,2,13.9,30.4,76.3,0.0,0.0,0.0,0,16.9,6972.0,28.1,237,45.6,2,9.9
SIMULATED TRAINING DATA — PROTOTYPE ONLY,43237,EMU Local,15,1.8,14.6,2.3,28.699999999999996,53.5,1.0,13,6,Warning,5.6,Occupied,0.97,0,0,1,0,20,1,94,0.33,0.2,2,2.5,31.5,71.4,0.0,0.0,0.0,0,55.1,5587.0,16.7,212,27.0,0,12.5
SIMULATED TRAINING DATA — PROTOTYPE ONLY,43505,Fast Local,14,1.2,37.5,1.6,26.65,49.2,0.5,13,0,Normal,0.5,Clear,0.49,0,0,1,0,20,1,114,0.37,4.8,1,1.5,36.6,54.8,4.9,4.5,0.0,61,97.7,5509.0,25.7,161,41.9,1,9.8
SIMULATED TRAINING DATA — PROTOTYPE ONLY,43205,EMU Local,20,3.8,32.8,2.4,38.949999999999996,73.9,1.5,9,2,Normal,0.4,Clear,0.18,0,1,0,0,30,1,83,0.66,0.8,1,3.2,30.5,62.5,0.0,0.0,0.0,0,21.2,8488.0,30.4,180,50.2,2,11.8
SIMULATED TRAINING DATA — PROTOTYPE ONLY,43511,MEMU,16,2.8,18.3,1.7,30.749999999999996,58.1,1.0,11,1,Warning,2.5,Occupied,0.8,0,0,0,0,0,0,0,0.1,0.4,2,3.6,36.1,71.4,3.9,0.5,0.0,0,86.1,5859.0,28.5,176,47.1,2,4.8
SIMULATED TRAINING DATA — PROTOTYPE ONLY,43505,EMU Local,9,18.1,42.1,2.6,16.4,47.6,0.5,21,0,Normal,0.2,Clear,0.38,0,0,0,0,0,0,0,0.44,1.2,1,19.7,29.3,71.9,0.0,0.0,0.0,0,39.6,8421.0,12.0,27,19.6,0,2.3
SIMULATED TRAINING DATA — PROTOTYPE ONLY,43211,EMU Local,1,2.5,19.6,1.9,0.0,2.5,0.5,20,6,Normal,0.6,Clear,0.49,0,0,0,0,0,0,0,0.74,1.7,4,3.9,33.4,57.6,0.0,0.0,0.0,0,17.1,9782.0,24.2,254,30.4,1,4.2
SIMULATED TRAINING DATA — PROTOTYPE ONLY,43201,EMU Local,17,0.3,45.3,3.1,32.8,59.3,1.0,13,1,Normal,2.4,Clear,0.43,0,0,0,0,0,0,0,0.34,0.7,2,0.6,35.0,79.5,0.0,0.0,0.0,0,21.9,8711.0,23.1,339,31.3,1,5.1
SIMULATED TRAINING DATA — PROTOTYPE ONLY,43407,EMU Local,13,15.2,52.8,2.1,24.599999999999998,59.5,0.5,5,5,Normal,0.2,Clear,0.32,0,0,0,0,0,0,0,0.22,0.4,2,14.5,29.1,61.2,0.0,0.0,0.0,0,16.8,7279.0,25.1,258,30.5,1,0.0
SIMULATED TRAINING DATA — PROTOTYPE ONLY,43207,EMU Local,21,7.4,46.0,2.2,41.0,81.2,1.0,15,4,Critical,8.2,Restricted,0.92,1,1,0,0,30,1,99,0.45,0.6,2,7.6,34.7,92.1,6.8999999999999995,6.8,3.2,63,96.6,8269.0,19.7,333,27.3,1,21.0
SIMULATED TRAINING DATA — PROTOTYPE ONLY,43201,EMU Local,21,0.8,47.9,1.3,41.0,74.6,0.5,23,4,Normal,0.1,Clear,0.25,0,0,0,1,0,1,44,0.22,0.7,1,1.7,37.3,48.9,0.0,0.0,0.0,0,19.7,5712.0,23.9,239,38.0,1,5.0
SIMULATED TRAINING DATA — PROTOTYPE ONLY,43221,EMU Local,5,9.4,57.5,2.9,8.2,24.2,1.0,13,3,Critical,15.7,Restricted,0.63,1,1,0,1,15,1,63,0.33,4.8,2,10.8,31.2,78.4,6.6000000000000005,5.4,2.0,63,82.4,6987.0,18.3,275,24.2,1,32.4
SIMULATED TRAINING DATA — PROTOTYPE ONLY,43501,Fast Local,10,1.7,41.6,2.1,18.45,34.9,0.5,12,2,Normal,1.4,Clear,0.22,0,0,0,1,0,1,65,0.25,1.0,2,2.0,27.7,73.7,0.0,0.0,0.0,0,23.8,7670.0,33.0,263,43.5,1,6.5
SIMULATED TRAINING DATA — PROTOTYPE ONLY,43249,EMU Local,6,1.9,29.6,3.1,10.25,20.3,2.0,19,2,Critical,6.7,Restricted,0.91,1,0,0,0,0,0,0,0.66,3.3,1,3.0,30.4,69.9,0.0,0.0,0.0,0,46.1,6661.0,13.5,17,16.5,0,14.4
SIMULATED TRAINING DATA — PROTOTYPE ONLY,43205,MEMU,19,9.5,32.9,2.1,36.9,75.9,1.5,10,2,Normal,0.1,Clear,0.26,0,0,0,0,0,0,0,0.91,3.4,4,10.8,31.2,79.4,14.600000000000001,14.3,2.6,63,80.1,7825.0,8.1,48,12.1,1,4.9
SIMULATED TRAINING DATA — PROTOTYPE ONLY,66015,EMU Local,13,3.0,33.2,2.0,24.599999999999998,47.3,1.5,12,1,Normal,0.3,Clear,0.43,0,1,0,0,20,1,72,0.36,0.9,2,2.7,35.4,63.3,0.0,0.0,0.0,0,27.9,5827.0,11.3,144,17.5,0,7.6
SIMULATED TRAINING DATA — PROTOTYPE ONLY,43217,EMU Local,1,0.6,26.3,1.8,0.0,0.6,0.5,9,1,Normal,0.3,Clear,0.16,0,0,0,0,0,0,0,0.87,5.2,4,0.0,28.0,68.1,0.0,0.0,0.0,0,25.6,8942.0,27.8,319,34.0,1,5.8
SIMULATED TRAINING DATA — PROTOTYPE ONLY,66015,EMU Local,20,1.8,53.8,2.5,38.949999999999996,71.9,1.0,13,2,Normal,0.5,Clear,0.22,0,0,0,0,0,0,0,0.26,0.4,2,3.8,34.2,58.9,14.8,13.5,4.0,63,78.6,6843.0,15.0,115,21.0,1,4.9
SIMULATED TRAINING DATA — PROTOTYPE ONLY,43209,EMU Local,15,5.1,49.9,2.4,28.699999999999996,56.8,1.0,10,3,Normal,0.1,Clear,0.2,0,0,1,0,20,1,116,0.83,0.9,3,6.0,33.8,88.0,0.0,0.0,0.0,2,56.4,6111.0,13.6,3,20.5,0,10.4
SIMULATED TRAINING DATA — PROTOTYPE ONLY,43409,EMU Local,14,0.8,17.0,1.3,26.65,48.8,1.0,21,0,Normal,0.0,Clear,0.22,0,0,1,0,30,1,85,0.13,0.2,1,1.5,33.5,65.5,0.0,0.0,0.0,0,48.9,7474.0,13.8,150,22.8,0,4.9
SIMULATED TRAINING DATA — PROTOTYPE ONLY,43237,EMU Local,8,3.6,29.6,1.8,14.349999999999998,29.4,0.5,14,5,Normal,0.2,Clear,0.24,0,0,0,0,0,0,0,0.53,1.6,2,3.0,36.4,65.1,0.0,0.0,0.0,0,21.8,8015.0,7.3,305,9.3,0,2.9
SIMULATED TRAINING DATA — PROTOTYPE ONLY,43503,EMU Local,10,4.8,25.6,2.5,18.45,38.0,1.0,4,1,Normal,0.4,Clear,0.2,0,0,0,0,0,0,0,0.13,0.0,1,2.3,32.7,87.7,0.0,0.0,0.0,2,25.4,7528.0,36.4,203,56.6,2,5.2
SIMULATED TRAINING DATA — PROTOTYPE ONLY,43511,EMU Local,9,1.7,46.8,1.7,16.4,31.2,1.5,22,2,Normal,0.4,Clear,0.48,0,0,0,0,0,0,0,0.1,0.6,2,2.3,29.4,51.5,0.0,0.0,0.0,0,32.1,5328.0,16.4,256,21.8,0,0.7
SIMULATED TRAINING DATA — PROTOTYPE ONLY,43203,Fast Local,17,4.7,58.1,1.6,32.8,63.7,0.5,8,4,Normal,0.5,Clear,0.27,0,0,0,0,0,0,0,0.77,1.0,4,5.3,31.4,91.8,0.0,0.0,0.0,2,48.7,6663.0,26.3,34,39.0,1,5.1
SIMULATED TRAINING DATA — PROTOTYPE ONLY,43247,MEMU,9,8.6,48.7,2.2,16.4,38.1,0.5,9,1,Warning,2.5,Occupied,0.99,0,0,0,0,0,0,0,0.35,1.1,1,9.4,31.8,70.7,0.0,0.0,0.0,0,53.8,6065.0,29.0,221,44.6,1,5.8
SIMULATED TRAINING DATA — PROTOTYPE ONLY,43249,EMU Local,3,2.6,31.5,2.2,4.1,10.0,0.5,10,0,Normal,0.1,Clear,0.29,0,0,1,0,20,1,24,0.56,0.1,2,2.6,29.6,84.2,0.0,0.0,0.0,0,48.4,8995.0,17.4,148,20.9,0,7.9
SIMULATED TRAINING DATA — PROTOTYPE ONLY,43217,EMU Local,11,1.9,37.2,1.8,20.5,38.8,0.5,7,1,Warning,2.7,Occupied,0.8,0,0,0,0,0,0,0,0.36,0.7,1,1.2,25.8,78.2,0.0,0.0,0.0,0,57.5,9826.0,33.8,113,43.2,1,6.1
SIMULATED TRAINING DATA — PROTOTYPE ONLY,43205,EMU Local,12,1.2,21.1,3.2,22.549999999999997,41.8,1.0,19,0,Normal,0.0,Clear,0.19,0,0,0,0,0,0,0,0.46,0.1,2,1.5,32.0,48.6,0.0,0.0,0.0,0,48.1,8341.0,28.5,290,44.2,1,4.6
SIMULATED TRAINING DATA — PROTOTYPE ONLY,43247,EMU Local,10,3.7,22.3,2.0,18.45,36.9,1.0,13,0,Critical,13.9,Restricted,1.0,1,0,0,0,0,0,0,0.11,0.0,2,5.2,32.5,80.0,0.0,0.0,0.0,0,21.2,9632.0,7.0,214,9.1,0,18.6
SIMULATED TRAINING DATA — PROTOTYPE ONLY,43435,EMU Local,17,8.5,54.7,1.3,32.8,67.5,0.5,18,1,Normal,0.7,Clear,0.15,0,1,0,0,30,1,34,0.8,4.3,3,9.2,31.4,59.2,0.0,0.0,0.0,0,28.9,9050.0,32.1,22,51.6,2,14.7
SIMULATED TRAINING DATA — PROTOTYPE ONLY,43211,EMU Local,17,1.6,63.7,1.1,32.8,60.6,1.0,16,0,Critical,12.6,Restricted,0.69,1,0,0,0,0,0,0,0.25,0.5,1,0.0,31.7,69.1,0.0,0.0,0.0,0,47.1,5273.0,12.3,186,19.2,0,18.2
SIMULATED TRAINING DATA — PROTOTYPE ONLY,66069,EMU Local,11,2.0,31.3,2.7,20.5,38.9,0.5,11,1,Normal,0.3,Clear,0.42,0,0,0,0,0,0,0,0.08,0.5,2,1.8,27.9,92.4,0.0,0.0,0.0,2,16.3,9164.0,18.1,320,29.4,0,0.0
SIMULATED TRAINING DATA — PROTOTYPE ONLY,43213,EMU Local,4,2.1,42.7,1.4,6.1499999999999995,13.2,0.5,16,1,Warning,5.0,Occupied,0.9,0,1,1,0,20,1,21,0.05,0.1,1,1.3,21.9,65.3,0.0,0.0,0.0,0,21.5,8542.0,37.7,158,58.7,2,16.5
SIMULATED TRAINING DATA — PROTOTYPE ONLY,43223,EMU Local,7,3.3,52.8,2.1,12.299999999999999,25.4,1.0,10,3,Warning,6.4,Occupied,0.96,0,1,0,0,20,1,116,0.84,3.1,5,5.2,30.5,85.4,0.0,0.0,0.0,2,59.1,6250.0,13.6,26,21.0,0,14.0
SIMULATED TRAINING DATA — PROTOTYPE ONLY,43237,MEMU,21,1.0,17.0,1.6,41.0,74.8,0.5,20,4,Normal,0.2,Clear,0.26,0,0,0,0,0,0,0,0.66,0.2,2,0.7,26.2,60.4,2.3,0.4,0.0,0,81.9,6607.0,35.8,83,58.0,2,8.5
SIMULATED TRAINING DATA — PROTOTYPE ONLY,43209,MEMU,14,6.9,26.3,2.0,26.65,54.9,1.0,7,5,Normal,2.6,Clear,0.17,0,1,0,0,30,1,62,0.18,0.1,1,8.7,33.0,89.7,0.0,0.0,0.0,2,18.9,8805.0,30.6,223,43.1,1,8.9
SIMULATED TRAINING DATA — PROTOTYPE ONLY,66015,EMU Local,7,1.4,71.9,2.3,12.299999999999999,23.5,0.5,10,0,Warning,2.5,Occupied,0.63,0,0,0,0,0,0,0,0.86,1.9,4,1.7,27.2,70.6,0.0,0.0,0.0,0,14.6,9651.0,28.9,21,47.6,2,9.0
SIMULATED TRAINING DATA — PROTOTYPE ONLY,43201,Fast Local,8,4.9,27.6,1.3,14.349999999999998,30.7,1.0,19,1,Normal,0.5,Clear,0.32,0,1,0,0,20,1,61,0.97,2.0,5,4.4,31.3,77.3,3.3000000000000003,0.2,0.0,0,72.5,6045.0,37.7,260,63.8,2,13.2
SIMULATED TRAINING DATA — PROTOTYPE ONLY,43211,Fast Local,1,2.9,36.6,1.8,0.0,2.9,0.5,5,0,Normal,1.1,Clear,0.12,0,0,0,0,0,0,0,0.24,0.2,1,1.7,30.3,70.9,0.0,0.0,0.0,0,34.9,8849.0,34.6,352,54.7,2,9.0
SIMULATED TRAINING DATA — PROTOTYPE ONLY,43203,EMU Local,4,3.5,33.0,1.7,6.1499999999999995,14.6,2.0,17,1,Normal,0.5,Clear,0.36,0,0,0,0,0,0,0,0.73,5.2,3,3.1,28.6,72.3,0.0,0.0,0.0,0,31.0,8691.0,33.1,356,43.8,1,5.8
SIMULATED TRAINING DATA — PROTOTYPE ONLY,43203,EMU Local,12,0.8,12.1,1.5,22.549999999999997,41.4,1.0,17,5,Normal,0.4,Clear,0.4,0,1,0,0,30,1,59,0.57,0.7,1,0.8,35.5,55.7,0.0,0.0,0.0,0,49.8,8927.0,6.8,80,9.6,0,6.1
SIMULATED TRAINING DATA — PROTOTYPE ONLY,43501,EMU Local,3,5.3,43.2,1.9,4.1,12.7,0.5,11,6,Warning,6.2,Occupied,0.98,0,0,0,0,0,0,0,0.15,0.3,1,4.0,27.0,65.9,0.0,0.0,0.0,0,43.5,7490.0,17.5,178,24.6,0,5.6
SIMULATED TRAINING DATA — PROTOTYPE ONLY,43207,Fast Local,13,0.8,41.6,1.7,24.599999999999998,45.1,0.5,9,1,Normal,0.3,Clear,0.14,0,0,0,0,0,0,0,0.73,1.1,3,1.6,22.1,63.3,0.0,0.0,0.0,0,37.9,5185.0,16.1,98,23.5,0,3.0
SIMULATED TRAINING DATA — PROTOTYPE ONLY,43251,Fast Local,20,0.5,44.7,2.6,38.949999999999996,70.6,0.5,10,1,Normal,0.8,Clear,0.1,0,0,0,0,0,0,0,0.81,15.3,5,0.0,26.6,56.3,0.0,0.0,0.0,0,21.4,5669.0,7.3,74,11.3,0,7.2
SIMULATED TRAINING DATA — PROTOTYPE ONLY,43227,EMU Local,6,3.2,40.7,1.7,10.25,21.6,1.0,10,4,Normal,0.0,Clear,0.13,0,0,0,0,0,0,0,0.65,1.0,2,1.5,37.6,72.9,0.0,0.0,0.0,0,37.8,7118.0,8.8,99,10.6,0,1.7
SIMULATED TRAINING DATA — PROTOTYPE ONLY,43435,EMU Local,11,4.9,35.1,2.4,20.5,41.8,0.5,5,0,Normal,1.1,Clear,0.47,0,0,0,0,0,0,0,0.43,0.5,1,3.3,30.4,88.8,0.0,0.0,0.0,2,37.0,8611.0,27.6,47,36.0,1,3.2
SIMULATED TRAINING DATA — PROTOTYPE ONLY,43251,EMU Local,4,0.2,34.2,2.3,6.1499999999999995,11.3,1.0,7,4,Critical,12.7,Restricted,0.66,1,0,0,0,0,0,0,0.3,2.5,2,0.0,35.8,61.3,7.0,6.9,3.5,63,85.8,9151.0,31.7,322,48.1,2,22.7
SIMULATED TRAINING DATA — PROTOTYPE ONLY,43245,EMU Local,20,0.3,34.5,1.2,38.949999999999996,70.4,0.5,16,4,Normal,0.9,Clear,0.43,0,0,0,0,0,0,0,0.29,0.2,2,1.0,31.4,92.1,19.099999999999998,18.7,2.8,65,89.2,1756.0,25.3,358,34.7,2,7.9
SIMULATED TRAINING DATA — PROTOTYPE ONLY,43207,EMU Local,16,6.5,27.2,1.8,30.749999999999996,61.8,0.5,13,6,Normal,0.0,Clear,0.31,0,0,0,0,0,0,0,0.4,3.5,1,8.5,36.3,70.3,0.0,0.0,0.0,0,40.1,8479.0,30.8,235,40.5,1,5.3
SIMULATED TRAINING DATA — PROTOTYPE ONLY,43209,Fast Local,7,6.6,29.5,2.0,12.299999999999999,28.7,0.5,12,6,Normal,1.0,Clear,0.31,0,0,0,0,0,0,0,0.55,1.6,1,6.3,28.2,66.6,0.0,0.0,0.0,0,46.5,9130.0,24.9,58,38.7,1,5.2
SIMULATED TRAINING DATA — PROTOTYPE ONLY,66015,EMU Local,11,1.1,27.4,2.3,20.5,38.0,0.5,18,4,Warning,5.8,Occupied,0.74,0,0,0,0,0,0,0,0.78,0.7,5,1.5,32.6,68.8,3.2,1.7,0.0,61,74.0,7848.0,28.6,262,46.2,2,14.6
SIMULATED TRAINING DATA — PROTOTYPE ONLY,43205,MEMU,1,3.8,50.6,2.0,0.0,3.8,1.0,15,4,Normal,0.6,Clear,0.44,0,0,0,0,0,0,0,0.56,0.6,1,3.7,34.7,98.0,0.0,0.0,0.0,2,38.0,5007.0,28.9,306,47.9,2,6.8
SIMULATED TRAINING DATA — PROTOTYPE ONLY,43213,Fast Local,7,2.3,46.6,2.7,12.299999999999999,24.4,0.5,13,3,Normal,0.3,Clear,0.43,0,0,0,0,0,0,0,0.38,1.7,1,0.0,26.4,76.5,0.0,0.0,0.0,0,38.3,8156.0,31.7,243,52.2,2,6.9
SIMULATED TRAINING DATA — PROTOTYPE ONLY,43435,MEMU,12,4.0,42.4,2.2,22.549999999999997,44.6,1.5,22,0,Normal,0.6,Clear,0.26,0,1,0,0,15,1,54,0.16,0.0,2,4.5,27.4,76.5,5.1,2.9,0.0,61,70.3,9319.0,15.3,302,23.8,0,9.4
SIMULATED TRAINING DATA — PROTOTYPE ONLY,43247,EMU Local,7,7.9,71.1,2.4,12.299999999999999,30.0,1.0,8,0,Normal,0.5,Clear,0.23,0,0,0,0,0,0,0,0.7,3.1,1,7.9,30.5,79.3,0.0,0.0,0.0,0,53.8,7510.0,31.1,101,52.1,2,9.6
SIMULATED TRAINING DATA — PROTOTYPE ONLY,43203,EMU Local,7,0.3,28.1,1.7,12.299999999999999,22.4,0.5,10,1,Normal,0.1,Clear,0.4,0,0,0,0,0,0,0,0.66,0.9,1,0.0,33.4,56.2,0.0,0.0,0.0,0,40.9,8112.0,21.5,169,35.7,1,3.6
SIMULATED TRAINING DATA — PROTOTYPE ONLY,43223,EMU Local,10,6.0,58.8,2.4,18.45,39.2,0.5,23,0,Normal,0.4,Clear,0.11,0,0,0,0,0,0,0,0.16,0.9,2,8.0,28.3,85.2,2.7,0.7,0.0,61,75.4,9365.0,36.7,338,47.8,2,3.6
SIMULATED TRAINING DATA — PROTOTYPE ONLY,43205,EMU Local,16,2.7,38.1,3.3,30.749999999999996,58.0,0.5,14,5,Warning,3.6,Occupied,0.61,0,1,0,0,15,1,59,0.12,0.1,2,3.4,36.1,62.0,0.0,0.0,0.0,0,35.1,9458.0,10.4,329,13.6,0,14.4
SIMULATED TRAINING DATA — PROTOTYPE ONLY,43205,EMU Local,8,3.3,44.4,2.4,14.349999999999998,29.1,1.0,19,4,Critical,13.2,Restricted,0.66,1,0,0,1,0,1,116,0.51,0.5,1,1.3,35.3,60.6,9.1,7.6,2.3,63,75.0,8682.0,37.6,104,53.7,2,28.4
SIMULATED TRAINING DATA — PROTOTYPE ONLY,43219,EMU Local,9,4.2,52.1,2.8,16.4,33.7,0.5,16,2,Warning,6.1,Occupied,0.89,0,0,0,0,0,0,0,0.39,0.8,1,4.8,31.2,66.4,4.3,0.3,0.0,0,83.2,6305.0,8.0,155,10.9,0,7.5
SIMULATED TRAINING DATA — PROTOTYPE ONLY,43239,EMU Local,9,10.2,34.8,1.9,16.4,39.7,0.5,7,6,Normal,0.0,Clear,0.37,0,1,0,0,15,1,88,0.33,2.4,1,13.8,33.3,69.1,4.3,3.3,0.0,61,82.7,5457.0,24.7,301,41.6,1,10.0
SIMULATED TRAINING DATA — PROTOTYPE ONLY,43213,EMU Local,2,0.2,26.1,2.7,2.05,3.9,0.5,19,0,Normal,0.4,Clear,0.36,0,0,0,1,0,1,51,0.88,1.0,3,0.2,34.4,72.0,0.0,0.0,0.0,0,53.6,6398.0,27.5,219,43.1,1,10.3
SIMULATED TRAINING DATA — PROTOTYPE ONLY,43425,EMU Local,13,0.1,28.6,2.7,24.599999999999998,44.4,0.5,16,6,Normal,0.5,Clear,0.21,0,0,0,0,0,0,0,0.23,1.5,2,0.9,34.9,68.3,0.0,0.0,0.0,0,16.1,9892.0,34.7,338,48.3,2,5.5
SIMULATED TRAINING DATA — PROTOTYPE ONLY,43247,EMU Local,13,0.8,10.4,2.2,24.599999999999998,45.1,2.0,4,6,Warning,2.9,Occupied,0.64,0,0,0,0,0,0,0,0.35,0.1,2,0.1,33.5,65.4,0.0,0.0,0.0,0,35.1,7526.0,30.1,142,39.4,1,4.7
SIMULATED TRAINING DATA — PROTOTYPE ONLY,43401,MEMU,4,17.2,51.1,2.1,6.1499999999999995,28.3,1.5,7,2,Normal,1.5,Clear,0.49,0,0,0,0,0,0,0,0.46,0.3,2,16.7,29.2,64.1,0.0,0.0,0.0,0,12.0,9026.0,8.2,303,13.0,0,3.5
SIMULATED TRAINING DATA — PROTOTYPE ONLY,43423,MEMU,12,5.0,50.7,1.2,22.549999999999997,45.6,0.5,18,6,Warning,2.2,Occupied,0.6,0,0,0,0,0,0,0,0.6,0.4,2,6.9,24.9,72.4,0.0,0.0,0.0,0,53.6,6286.0,25.4,60,38.9,1,7.5
SIMULATED TRAINING DATA — PROTOTYPE ONLY,43407,EMU Local,17,3.8,65.8,2.1,32.8,62.8,1.0,19,5,Normal,0.1,Clear,0.32,0,0,0,0,0,0,0,0.93,3.1,3,4.6,32.1,50.8,0.0,0.0,0.0,0,23.1,9265.0,28.1,177,42.7,1,5.3
SIMULATED TRAINING DATA — PROTOTYPE ONLY,43505,EMU Local,2,0.2,48.2,2.4,2.05,3.9,1.5,7,3,Warning,2.5,Occupied,0.96,0,0,0,0,0,0,0,0.16,0.3,1,1.5,36.5,72.3,0.0,0.0,0.0,0,27.6,6561.0,11.7,173,19.2,0,3.0
SIMULATED TRAINING DATA — PROTOTYPE ONLY,43423,EMU Local,13,8.5,51.8,1.6,24.599999999999998,52.8,0.5,20,1,Normal,0.4,Clear,0.29,0,0,1,0,20,1,23,0.95,6.6,5,8.2,36.8,87.3,0.0,0.0,0.0,2,18.2,9858.0,26.7,52,35.5,1,13.8
SIMULATED TRAINING DATA — PROTOTYPE ONLY,66069,EMU Local,18,6.7,40.8,1.3,34.849999999999994,69.4,1.0,14,1,Normal,0.2,Clear,0.48,0,0,0,1,0,1,78,0.22,0.5,1,7.2,32.8,75.7,0.0,0.0,0.0,0,25.7,7879.0,8.0,282,10.2,0,4.9
SIMULATED TRAINING DATA — PROTOTYPE ONLY,43207,EMU Local,15,4.4,49.0,2.2,28.699999999999996,56.1,0.5,8,1,Normal,0.1,Clear,0.2,0,1,1,0,20,1,55,0.88,5.6,5,4.3,29.7,80.9,9.6,4.3,0.0,61,70.7,9425.0,9.7,320,15.9,1,12.3
SIMULATED TRAINING DATA — PROTOTYPE ONLY,43207,Fast Local,8,1.7,58.3,2.2,14.349999999999998,27.5,1.0,16,3,Critical,19.0,Restricted,0.98,1,1,1,0,20,1,29,0.52,0.5,1,2.4,35.2,88.6,0.0,0.0,0.0,2,18.0,5007.0,16.9,181,20.5,0,30.6
SIMULATED TRAINING DATA — PROTOTYPE ONLY,43403,EMU Local,15,0.3,44.7,1.3,28.699999999999996,52.0,1.0,15,4,Warning,5.3,Occupied,0.92,0,0,0,0,0,0,0,0.16,1.5,2,0.2,27.1,79.5,0.0,0.0,0.0,0,24.1,6699.0,11.5,228,19.5,0,5.4
SIMULATED TRAINING DATA — PROTOTYPE ONLY,43207,EMU Local,1,3.5,34.2,2.1,0.0,3.5,2.0,6,6,Normal,0.5,Clear,0.19,0,0,0,0,0,0,0,0.23,0.8,1,5.6,29.0,65.0,0.0,0.0,0.0,0,44.2,6924.0,5.1,27,6.8,0,0.0
SIMULATED TRAINING DATA — PROTOTYPE ONLY,43213,EMU Local,20,5.1,38.7,2.3,38.949999999999996,75.2,0.5,7,2,Normal,0.1,Clear,0.4,0,0,1,1,20,1,79,0.65,1.6,1,4.8,25.8,66.0,6.6,3.3,0.0,61,93.3,8301.0,25.5,12,37.4,1,11.4
SIMULATED TRAINING DATA — PROTOTYPE ONLY,43251,EMU Local,10,0.4,53.3,2.9,18.45,33.6,1.0,13,0,Warning,6.0,Occupied,0.92,0,0,0,0,0,0,0,0.11,0.4,2,0.9,35.5,73.4,3.1,2.6,0.0,61,76.5,7709.0,20.3,253,33.6,1,8.8
SIMULATED TRAINING DATA — PROTOTYPE ONLY,43219,EMU Local,12,4.0,34.6,1.8,22.549999999999997,44.6,0.5,12,4,Normal,1.5,Clear,0.48,0,0,0,0,0,0,0,0.37,3.2,1,1.8,25.0,57.2,9.4,7.9,1.4,63,98.0,8385.0,12.4,187,17.3,1,5.7
SIMULATED TRAINING DATA — PROTOTYPE ONLY,43245,EMU Local,5,1.3,55.3,3.4,8.2,16.1,0.5,13,1,Normal,1.9,Clear,0.42,0,0,0,0,0,0,0,0.07,0.1,1,2.7,33.1,98.0,13.2,2.6,0.0,61,72.4,7168.0,12.0,58,16.1,0,2.0
SIMULATED TRAINING DATA — PROTOTYPE ONLY,43503,EMU Local,9,5.8,70.6,2.1,16.4,35.3,2.0,16,1,Normal,1.1,Clear,0.47,0,0,0,0,0,0,0,0.41,0.4,2,4.4,40.8,72.1,4.7,3.4,0.0,61,86.5,6308.0,24.6,334,29.8,1,5.3
SIMULATED TRAINING DATA — PROTOTYPE ONLY,43501,EMU Local,8,3.1,55.5,1.4,14.349999999999998,28.9,1.0,4,6,Normal,0.8,Clear,0.48,0,0,0,0,0,0,0,0.31,0.3,1,2.3,33.1,90.0,0.0,0.0,0.0,2,26.5,9741.0,8.5,318,14.0,0,1.5
SIMULATED TRAINING DATA — PROTOTYPE ONLY,43511,EMU Local,16,0.6,53.2,1.9,30.749999999999996,56.0,0.5,15,4,Normal,0.1,Clear,0.13,0,0,1,0,15,1,89,0.23,2.9,1,0.0,27.6,70.0,0.0,0.0,0.0,0,36.5,6050.0,13.2,231,19.5,0,9.6
SIMULATED TRAINING DATA — PROTOTYPE ONLY,43249,EMU Local,14,3.0,47.2,1.4,26.65,51.0,1.0,14,2,Warning,2.3,Occupied,0.95,0,0,0,0,0,0,0,0.47,0.7,1,1.3,29.8,72.8,0.0,0.0,0.0,0,45.6,9209.0,6.4,299,8.1,0,3.7
SIMULATED TRAINING DATA — PROTOTYPE ONLY,43409,EMU Local,13,2.0,30.3,2.0,24.599999999999998,46.3,0.5,11,4,Normal,0.3,Clear,0.36,0,1,1,0,15,1,105,0.1,0.8,2,3.2,25.5,71.5,0.0,0.0,0.0,0,20.6,9502.0,30.3,114,48.5,2,14.2
SIMULATED TRAINING DATA — PROTOTYPE ONLY,43501,Fast Local,21,0.8,29.0,2.4,41.0,74.6,0.5,17,3,Normal,0.5,Clear,0.42,0,0,0,0,0,0,0,0.63,0.3,2,0.0,27.9,87.3,1.5,0.8,0.0,61,78.0,6370.0,37.2,267,50.4,2,8.2
SIMULATED TRAINING DATA — PROTOTYPE ONLY,43423,EMU Local,13,7.4,28.8,2.3,24.599999999999998,51.7,1.0,17,1,Normal,1.0,Clear,0.2,0,0,0,0,0,0,0,0.92,1.8,3,5.6,28.6,98.0,0.0,0.0,0.0,2,26.9,7915.0,13.8,44,16.6,0,4.0
SIMULATED TRAINING DATA — PROTOTYPE ONLY,43217,EMU Local,5,0.0,50.3,1.4,8.2,14.8,1.0,23,2,Normal,0.1,Clear,0.47,0,0,0,0,0,0,0,0.11,0.4,2,0.0,28.2,54.5,9.0,7.0,3.9,63,80.8,8692.0,20.3,287,28.6,1,1.6
SIMULATED TRAINING DATA — PROTOTYPE ONLY,43501,EMU Local,16,1.5,36.2,1.3,30.749999999999996,56.8,0.5,20,6,Normal,0.3,Clear,0.19,0,0,0,0,0,0,0,0.69,8.0,1,2.8,32.0,69.1,0.0,0.0,0.0,0,51.8,9376.0,19.4,308,30.8,1,7.8
SIMULATED TRAINING DATA — PROTOTYPE ONLY,43409,EMU Local,11,0.1,41.6,2.4,20.5,37.0,1.0,22,0,Normal,0.5,Clear,0.45,0,0,1,0,30,1,40,0.37,1.5,2,0.0,20.4,77.1,0.0,0.0,0.0,0,26.4,9165.0,22.9,209,36.7,1,10.0
SIMULATED TRAINING DATA — PROTOTYPE ONLY,43511,EMU Local,5,0.4,48.3,2.5,8.2,15.2,0.5,23,6,Normal,0.3,Clear,0.31,0,0,0,0,0,0,0,0.45,0.0,2,0.3,26.5,51.1,0.0,0.0,0.0,0,43.5,9087.0,17.4,63,25.0,0,2.6
SIMULATED TRAINING DATA — PROTOTYPE ONLY,43201,EMU Local,13,1.4,29.4,1.8,24.599999999999998,45.7,0.5,20,1,Normal,0.3,Clear,0.31,0,0,0,0,0,0,0,0.67,3.3,2,2.5,33.8,64.5,0.0,0.0,0.0,0,33.2,5348.0,9.4,244,15.7,0,3.9
SIMULATED TRAINING DATA — PROTOTYPE ONLY,43213,MEMU,11,0.2,34.5,1.0,20.5,37.1,0.5,9,6,Normal,0.1,Clear,0.25,0,0,1,0,30,1,106,0.38,1.4,1,0.9,39.9,77.1,0.0,0.0,0.0,0,23.7,9885.0,13.2,30,22.4,0,5.6
SIMULATED TRAINING DATA — PROTOTYPE ONLY,43223,EMU Local,19,3.6,46.8,1.4,36.9,70.0,1.5,17,4,Normal,2.2,Clear,0.14,0,0,0,0,0,0,0,0.69,0.5,2,3.8,33.2,66.1,0.0,0.0,0.0,0,32.4,7610.0,31.3,133,39.0,1,6.5
SIMULATED TRAINING DATA — PROTOTYPE ONLY,43207,EMU Local,3,0.4,37.6,2.7,4.1,7.8,1.5,21,2,Normal,0.3,Clear,0.24,0,0,0,0,0,0,0,0.16,0.5,1,1.9,28.1,72.3,0.0,0.0,0.0,0,48.0,6545.0,24.7,130,30.1,1,1.8
SIMULATED TRAINING DATA — PROTOTYPE ONLY,43207,EMU Local,15,4.8,39.0,1.7,28.699999999999996,56.5,0.5,20,1,Normal,0.4,Clear,0.27,0,1,0,0,20,1,79,0.63,5.7,2,3.3,34.9,78.0,0.0,0.0,0.0,0,43.4,5977.0,7.3,60,10.7,0,10.3
SIMULATED TRAINING DATA — PROTOTYPE ONLY,43219,Fast Local,7,0.2,26.5,1.9,12.299999999999999,22.3,0.5,9,0,Normal,0.1,Clear,0.29,0,0,0,0,0,0,0,0.61,0.0,1,0.0,35.9,65.7,5.7,2.1,0.0,61,96.7,9806.0,12.1,325,18.1,0,2.1
SIMULATED TRAINING DATA — PROTOTYPE ONLY,43403,EMU Local,7,0.2,39.2,2.4,12.299999999999999,22.3,1.0,8,0,Normal,0.4,Clear,0.4,0,0,0,0,0,0,0,0.65,8.3,1,1.3,28.5,60.5,0.0,0.0,0.0,0,25.7,5292.0,18.2,267,22.2,0,6.0
SIMULATED TRAINING DATA — PROTOTYPE ONLY,43219,EMU Local,6,1.5,66.8,1.9,10.25,20.0,1.0,16,5,Normal,0.1,Clear,0.24,0,0,0,0,0,0,0,0.6,0.7,1,3.7,28.1,60.2,0.0,0.0,0.0,0,48.5,9651.0,26.3,134,36.4,1,5.2
SIMULATED TRAINING DATA — PROTOTYPE ONLY,43503,EMU Local,3,9.1,35.3,2.9,4.1,16.5,0.5,19,4,Normal,0.1,Clear,0.26,0,0,0,0,0,0,0,0.84,2.7,3,11.4,38.0,45.1,0.0,0.0,0.0,0,30.2,6073.0,30.9,131,47.7,2,8.0
SIMULATED TRAINING DATA — PROTOTYPE ONLY,43503,EMU Local,13,4.1,24.8,1.9,24.599999999999998,48.4,0.5,12,3,Normal,0.2,Clear,0.46,0,0,0,0,0,0,0,0.05,0.1,2,2.7,27.2,78.5,9.9,4.2,0.0,61,75.0,9882.0,24.3,351,33.5,1,0.3
SIMULATED TRAINING DATA — PROTOTYPE ONLY,43203,EMU Local,7,5.9,56.4,1.6,12.299999999999999,28.0,2.0,15,4,Warning,6.4,Occupied,0.75,0,0,0,0,0,0,0,0.25,1.1,1,6.0,38.5,70.0,0.0,0.0,0.0,0,53.9,5204.0,34.7,139,47.8,2,13.1
SIMULATED TRAINING DATA — PROTOTYPE ONLY,43403,EMU Local,5,0.6,49.9,2.8,8.2,15.4,1.0,13,2,Normal,0.4,Clear,0.11,0,0,0,0,0,0,0,0.37,0.9,2,1.2,33.7,86.5,0.0,0.0,0.0,2,45.9,5662.0,31.6,117,50.8,2,6.4
SIMULATED TRAINING DATA — PROTOTYPE ONLY,43219,EMU Local,18,7.2,45.2,2.1,34.849999999999994,69.9,0.5,16,4,Warning,4.0,Occupied,0.7,0,1,0,0,30,1,24,0.05,0.1,2,7.0,36.6,79.7,0.0,0.0,0.0,0,45.8,5054.0,20.7,326,25.2,0,8.1
SIMULATED TRAINING DATA — PROTOTYPE ONLY,43207,EMU Local,8,0.0,22.2,1.5,14.349999999999998,25.8,1.0,22,2,Warning,3.8,Occupied,0.82,0,0,0,0,0,0,0,0.34,0.8,1,0.8,35.6,72.9,5.9,5.5,1.6,63,95.7,5065.0,29.1,298,47.4,2,9.6
SIMULATED TRAINING DATA — PROTOTYPE ONLY,43505,EMU Local,17,1.0,24.4,2.4,32.8,60.0,0.5,19,5,Warning,6.2,Occupied,0.67,0,0,0,0,0,0,0,0.8,1.2,3,3.7,35.7,76.3,1.1,0.9,0.0,61,99.2,9627.0,10.3,285,12.6,0,8.2
SIMULATED TRAINING DATA — PROTOTYPE ONLY,43251,EMU Local,20,3.8,18.9,1.9,38.949999999999996,73.9,0.5,20,5,Normal,0.0,Clear,0.43,0,0,1,0,15,1,53,0.76,0.8,3,2.7,26.9,51.2,0.0,0.0,0.0,0,47.7,8831.0,16.5,104,19.9,0,9.6
SIMULATED TRAINING DATA — PROTOTYPE ONLY,43221,Fast Local,1,1.9,48.5,1.4,0.0,1.9,1.5,19,5,Warning,6.5,Occupied,0.6,0,0,0,0,0,0,0,0.81,2.5,3,0.4,34.4,76.3,0.0,0.0,0.0,0,10.2,9479.0,5.7,50,8.0,0,8.6
SIMULATED TRAINING DATA — PROTOTYPE ONLY,43409,EMU Local,14,16.6,57.3,2.2,26.65,64.6,0.5,17,3,Normal,0.1,Clear,0.21,0,0,0,0,0,0,0,0.9,3.2,4,17.4,36.6,69.5,0.0,0.0,0.0,0,30.7,5148.0,29.5,96,35.5,1,7.7
SIMULATED TRAINING DATA — PROTOTYPE ONLY,43409,EMU Local,17,0.1,49.0,2.0,32.8,59.1,0.5,19,5,Normal,0.0,Clear,0.36,0,1,0,0,20,1,43,0.82,0.4,3,0.0,30.5,63.4,0.4,0.4,0.0,0,95.8,5328.0,35.7,284,45.6,2,14.2
SIMULATED TRAINING DATA — PROTOTYPE ONLY,43245,EMU Local,10,26.3,71.2,1.1,18.45,59.5,1.0,18,4,Normal,0.1,Clear,0.38,0,0,0,0,0,0,0,0.74,6.9,4,27.1,23.5,66.9,0.0,0.0,0.0,0,22.8,9969.0,17.5,44,24.0,0,5.2
SIMULATED TRAINING DATA — PROTOTYPE ONLY,43501,EMU Local,12,3.9,35.4,1.5,22.549999999999997,44.5,1.5,15,0,Critical,8.4,Restricted,0.88,1,0,0,0,0,0,0,0.44,0.0,2,4.1,26.3,80.0,0.0,0.0,0.0,0,51.5,7453.0,15.2,245,20.9,0,14.9
SIMULATED TRAINING DATA — PROTOTYPE ONLY,43221,MEMU,16,3.3,37.1,3.2,30.749999999999996,58.6,1.0,8,2,Normal,0.8,Clear,0.2,0,0,0,0,0,0,0,0.63,0.7,1,3.1,25.2,65.2,0.0,0.0,0.0,0,33.8,5677.0,13.8,66,17.4,0,3.2
SIMULATED TRAINING DATA — PROTOTYPE ONLY,43247,EMU Local,14,0.2,43.6,2.1,26.65,48.2,0.5,14,6,Warning,2.3,Occupied,0.77,0,0,0,0,0,0,0,0.39,0.6,2,0.0,30.0,69.1,0.0,0.0,0.0,0,12.5,7226.0,5.0,278,7.9,0,2.9
SIMULATED TRAINING DATA — PROTOTYPE ONLY,43403,EMU Local,16,1.3,38.6,2.9,30.749999999999996,56.6,1.0,8,2,Normal,0.6,Clear,0.36,0,0,0,0,0,0,0,0.9,0.2,4,1.4,25.9,78.9,0.0,0.0,0.0,0,58.8,5523.0,15.1,188,22.0,0,3.4
SIMULATED TRAINING DATA — PROTOTYPE ONLY,43239,EMU Local,8,10.3,49.5,2.3,14.349999999999998,36.1,1.0,14,0,Warning,4.7,Occupied,0.75,0,1,0,0,20,1,95,0.12,0.0,2,9.8,29.0,68.9,0.0,0.0,0.0,0,17.3,9906.0,5.6,236,8.8,0,10.9
SIMULATED TRAINING DATA — PROTOTYPE ONLY,43401,EMU Local,10,1.7,32.4,2.8,18.45,34.9,0.5,5,6,Warning,4.9,Occupied,0.63,0,1,0,0,15,1,28,0.25,1.6,1,3.0,39.6,74.1,0.0,0.0,0.0,0,31.7,8592.0,23.5,75,33.1,1,18.7
SIMULATED TRAINING DATA — PROTOTYPE ONLY,43245,EMU Local,17,4.3,21.1,2.4,32.8,63.3,1.0,22,4,Critical,9.9,Restricted,0.85,1,0,0,0,0,0,0,0.08,0.1,1,4.4,34.9,70.7,0.0,0.0,0.0,0,41.6,5992.0,27.6,17,33.8,1,15.0
SIMULATED TRAINING DATA — PROTOTYPE ONLY,43503,EMU Local,18,30.4,15.2,1.5,34.849999999999994,93.1,0.5,20,3,Normal,0.8,Clear,0.22,0,0,0,0,0,0,0,0.92,1.5,5,28.9,34.0,85.3,4.8,2.9,0.0,61,96.7,7809.0,16.8,44,27.9,0,3.9
SIMULATED TRAINING DATA — PROTOTYPE ONLY,43423,EMU Local,20,1.2,49.2,2.5,38.949999999999996,71.3,2.0,22,1,Warning,2.7,Occupied,0.91,0,0,0,0,0,0,0,0.49,2.0,1,2.9,36.0,74.1,0.0,0.0,0.0,0,31.8,8621.0,18.3,281,23.2,0,4.2
SIMULATED TRAINING DATA — PROTOTYPE ONLY,43501,MEMU,16,3.4,34.1,1.5,30.749999999999996,58.7,1.0,15,4,Critical,11.8,Restricted,0.68,1,1,0,0,20,1,55,0.05,0.2,1,3.2,26.4,52.3,0.0,0.0,0.0,0,25.2,8699.0,15.5,224,19.7,0,21.0
SIMULATED TRAINING DATA — PROTOTYPE ONLY,43245,EMU Local,17,4.8,24.5,2.7,32.8,63.8,0.5,23,5,Normal,0.1,Clear,0.14,0,1,0,0,30,1,58,0.13,0.6,2,7.3,27.7,81.6,0.0,0.0,0.0,0,38.5,6503.0,13.8,272,18.6,0,6.1
SIMULATED TRAINING DATA — PROTOTYPE ONLY,43205,MEMU,16,0.7,32.7,2.2,30.749999999999996,56.0,1.0,8,6,Normal,0.6,Clear,0.12,0,0,0,0,0,0,0,0.76,1.7,4,0.4,31.9,64.2,7.2,6.9,3.3,63,73.8,5381.0,15.7,274,23.0,1,5.5
SIMULATED TRAINING DATA — PROTOTYPE ONLY,43239,MEMU,19,0.6,71.3,2.1,36.9,67.0,0.5,15,4,Normal,0.6,Clear,0.24,0,0,0,0,0,0,0,0.27,1.2,1,0.0,28.8,65.8,17.4,16.9,3.4,65,94.1,2753.0,23.5,104,31.9,2,7.1
SIMULATED TRAINING DATA — PROTOTYPE ONLY,43511,MEMU,8,2.4,25.3,1.8,14.349999999999998,28.2,1.0,19,2,Normal,0.4,Clear,0.2,0,0,0,0,0,0,0,0.66,6.0,2,2.0,30.0,69.4,0.0,0.0,0.0,0,13.2,9655.0,23.5,122,35.7,1,7.1
SIMULATED TRAINING DATA — PROTOTYPE ONLY,43501,EMU Local,6,1.9,52.9,2.6,10.25,20.3,0.5,4,2,Warning,3.8,Occupied,0.63,0,0,0,1,0,1,35,0.23,0.1,1,1.8,34.0,98.0,0.0,0.0,0.0,2,27.9,7713.0,29.3,240,43.2,1,10.1
SIMULATED TRAINING DATA — PROTOTYPE ONLY,43247,EMU Local,6,5.0,48.3,2.0,10.25,23.4,0.5,5,3,Normal,0.5,Clear,0.4,0,0,0,0,0,0,0,0.1,0.3,1,4.7,35.3,78.3,0.0,0.0,0.0,0,47.4,9323.0,9.4,272,14.3,0,0.0
SIMULATED TRAINING DATA — PROTOTYPE ONLY,43401,MEMU,21,0.3,62.1,1.0,41.0,74.1,1.0,13,5,Normal,0.7,Clear,0.45,0,0,0,0,0,0,0,0.18,1.3,2,0.0,33.6,95.0,0.0,0.0,0.0,2,59.6,7704.0,36.6,231,45.6,2,9.5
SIMULATED TRAINING DATA — PROTOTYPE ONLY,43227,EMU Local,9,14.3,40.2,1.1,16.4,43.8,1.0,5,6,Normal,0.1,Clear,0.34,0,0,0,0,0,0,0,0.14,1.7,2,13.8,36.1,72.7,0.4,0.3,0.0,0,94.3,6307.0,22.3,168,37.2,1,1.4
SIMULATED TRAINING DATA — PROTOTYPE ONLY,43201,EMU Local,4,0.1,18.6,1.3,6.1499999999999995,11.2,0.5,13,3,Normal,0.3,Clear,0.27,0,0,1,0,15,1,85,0.33,0.1,2,2.1,20.9,80.8,0.0,0.0,0.0,0,35.5,8288.0,32.9,134,45.7,2,12.6
SIMULATED TRAINING DATA — PROTOTYPE ONLY,43505,Fast Local,12,3.7,56.9,2.6,22.549999999999997,44.3,1.0,21,3,Normal,0.1,Clear,0.21,0,0,0,0,0,0,0,0.21,2.2,1,3.4,39.6,93.5,0.0,0.0,0.0,2,13.8,7830.0,7.0,193,10.9,0,0.0
SIMULATED TRAINING DATA — PROTOTYPE ONLY,43205,Fast Local,12,3.3,38.3,2.6,22.549999999999997,43.9,1.0,4,0,Warning,5.9,Occupied,0.88,0,0,0,0,0,0,0,0.25,1.1,2,5.9,34.8,81.8,0.0,0.0,0.0,0,27.1,9532.0,16.9,126,20.6,0,6.3
SIMULATED TRAINING DATA — PROTOTYPE ONLY,43239,EMU Local,17,0.6,61.1,2.3,32.8,59.6,0.5,8,6,Normal,0.6,Clear,0.35,0,0,1,0,20,1,65,0.47,2.1,1,1.9,30.1,76.9,0.0,0.0,0.0,0,12.8,9709.0,29.0,308,46.8,2,15.5
SIMULATED TRAINING DATA — PROTOTYPE ONLY,43505,EMU Local,15,0.7,54.2,2.3,28.699999999999996,52.4,0.5,15,1,Warning,4.0,Occupied,0.7,0,1,0,0,15,1,49,0.23,0.1,2,0.6,25.6,55.6,0.0,0.0,0.0,0,31.0,7196.0,8.2,163,12.2,0,13.0
SIMULATED TRAINING DATA — PROTOTYPE ONLY,43501,EMU Local,9,6.3,56.9,3.0,16.4,35.8,1.0,20,1,Warning,5.2,Occupied,0.9,0,0,0,0,0,0,0,0.91,2.7,3,7.1,30.8,59.8,0.0,0.0,0.0,0,34.5,5866.0,10.5,242,12.8,0,8.2
SIMULATED TRAINING DATA — PROTOTYPE ONLY,43227,MEMU,7,8.7,75.0,2.3,12.299999999999999,30.8,0.5,22,6,Normal,0.2,Clear,0.36,0,0,0,0,0,0,0,0.21,0.3,1,8.1,28.3,75.6,0.0,0.0,0.0,0,23.7,8933.0,24.0,181,29.3,0,0.0
SIMULATED TRAINING DATA — PROTOTYPE ONLY,43503,Fast Local,10,1.3,46.2,2.5,18.45,34.5,1.5,21,5,Normal,0.5,Clear,0.43,0,0,1,0,20,1,52,0.14,0.4,1,2.6,36.3,84.1,0.0,0.0,0.0,0,13.5,6166.0,21.1,39,28.8,0,8.3
SIMULATED TRAINING DATA — PROTOTYPE ONLY,43407,EMU Local,16,2.3,63.6,2.1,30.749999999999996,57.6,1.0,16,3,Normal,0.2,Clear,0.35,0,1,0,0,20,1,46,0.51,2.4,2,3.9,34.2,70.4,4.6,0.8,0.0,61,72.0,7916.0,18.1,109,23.9,0,9.4
SIMULATED TRAINING DATA — PROTOTYPE ONLY,43249,EMU Local,12,1.8,35.9,1.8,22.549999999999997,42.4,1.5,6,2,Normal,1.4,Clear,0.23,0,0,0,0,0,0,0,0.36,0.3,2,2.5,28.9,80.1,0.0,0.0,0.0,0,58.5,8343.0,10.4,278,17.6,0,2.7
SIMULATED TRAINING DATA — PROTOTYPE ONLY,43409,Fast Local,7,0.3,50.1,1.9,12.299999999999999,22.4,0.5,13,1,Normal,0.2,Clear,0.39,0,0,0,0,0,0,0,0.43,0.2,1,0.0,25.9,61.9,0.0,0.0,0.0,0,26.1,9245.0,5.4,5,8.0,0,2.4
SIMULATED TRAINING DATA — PROTOTYPE ONLY,43401,EMU Local,18,4.5,34.5,3.3,34.849999999999994,67.2,1.0,17,6,Normal,0.5,Clear,0.19,0,1,0,0,30,1,102,0.82,1.3,4,5.2,30.5,64.4,0.0,0.0,0.0,0,25.7,6037.0,5.2,253,7.1,0,6.7
SIMULATED TRAINING DATA — PROTOTYPE ONLY,43407,EMU Local,15,7.0,49.2,1.4,28.699999999999996,58.7,0.5,11,6,Critical,9.5,Restricted,0.99,1,1,0,0,30,1,64,0.22,0.8,2,6.2,35.5,77.8,10.8,8.0,1.9,63,95.9,9175.0,25.1,162,39.6,1,20.4
SIMULATED TRAINING DATA — PROTOTYPE ONLY,43237,Fast Local,6,1.5,47.6,2.3,10.25,20.0,1.0,13,4,Normal,1.2,Clear,0.26,0,0,0,0,0,0,0,0.38,1.5,1,0.0,33.7,72.7,0.0,0.0,0.0,0,37.8,7554.0,19.2,32,28.4,0,3.8
SIMULATED TRAINING DATA — PROTOTYPE ONLY,43221,EMU Local,12,18.5,11.1,1.2,22.549999999999997,59.1,0.5,5,0,Normal,0.3,Clear,0.16,0,0,1,0,30,1,61,0.17,0.6,2,18.8,25.9,67.4,4.6,3.5,0.0,61,79.0,7655.0,30.8,149,43.2,1,5.5
SIMULATED TRAINING DATA — PROTOTYPE ONLY,43237,EMU Local,11,0.3,32.8,1.7,20.5,37.2,0.5,16,2,Critical,20.6,Restricted,0.71,1,1,0,0,20,1,119,0.43,2.8,1,0.0,29.4,65.6,0.7999999999999999,0.1,0.0,0,90.7,9680.0,16.2,108,20.3,0,31.0
SIMULATED TRAINING DATA — PROTOTYPE ONLY,43409,EMU Local,20,4.3,45.5,2.6,38.949999999999996,74.4,0.5,8,0,Warning,7.0,Occupied,0.6,0,1,0,0,20,1,16,0.65,3.0,1,3.8,35.4,54.0,0.0,0.0,0.0,0,54.7,6905.0,5.0,131,6.2,0,16.5
SIMULATED TRAINING DATA — PROTOTYPE ONLY,43245,EMU Local,3,2.4,8.1,1.0,4.1,9.8,0.5,14,4,Warning,3.7,Occupied,0.62,0,0,0,0,0,0,0,0.3,0.7,2,2.8,31.0,71.7,0.0,0.0,0.0,0,14.7,5148.0,21.8,218,27.3,0,6.7
SIMULATED TRAINING DATA — PROTOTYPE ONLY,43207,MEMU,2,2.4,40.6,2.6,2.05,6.1,1.0,4,1,Warning,6.8,Occupied,0.82,0,0,0,0,0,0,0,0.31,0.7,1,4.3,31.3,54.5,0.0,0.0,0.0,0,56.1,6327.0,19.8,291,26.7,0,6.4
SIMULATED TRAINING DATA — PROTOTYPE ONLY,43205,EMU Local,6,2.4,57.1,3.3,10.25,20.8,1.0,13,0,Normal,1.3,Clear,0.3,0,0,0,0,0,0,0,0.16,0.9,1,1.6,39.1,68.3,0.0,0.0,0.0,0,30.6,8834.0,11.5,36,19.2,0,2.5
SIMULATED TRAINING DATA — PROTOTYPE ONLY,43245,Fast Local,5,1.2,61.5,2.3,8.2,16.0,1.0,16,5,Warning,2.9,Occupied,0.68,0,0,0,0,0,0,0,0.15,1.1,2,0.0,27.2,70.0,0.0,0.0,0.0,0,16.8,9250.0,37.8,83,51.5,2,7.1
SIMULATED TRAINING DATA — PROTOTYPE ONLY,43409,EMU Local,18,5.0,30.3,2.9,34.849999999999994,67.7,0.5,7,0,Critical,13.0,Restricted,0.62,1,0,0,0,0,0,0,0.07,0.5,2,5.9,36.0,89.2,0.0,0.0,0.0,2,38.2,7516.0,8.7,57,10.8,0,18.3
SIMULATED TRAINING DATA — PROTOTYPE ONLY,43401,EMU Local,16,5.1,62.5,2.2,30.749999999999996,60.4,0.5,13,0,Normal,1.1,Clear,0.4,0,0,0,0,0,0,0,0.09,0.2,1,5.4,29.8,59.4,0.0,0.0,0.0,0,44.0,7335.0,17.7,287,27.7,0,0.0
SIMULATED TRAINING DATA — PROTOTYPE ONLY,43211,EMU Local,8,1.3,60.1,2.5,14.349999999999998,27.1,1.0,15,6,Normal,0.1,Clear,0.11,0,1,0,0,20,1,28,0.27,0.8,2,1.4,30.0,77.8,0.0,0.0,0.0,0,24.0,6768.0,22.4,252,35.8,1,10.9
SIMULATED TRAINING DATA — PROTOTYPE ONLY,43407,EMU Local,20,7.2,9.8,2.4,38.949999999999996,77.3,1.0,17,4,Normal,0.3,Clear,0.32,0,0,0,0,0,0,0,0.84,4.5,3,5.4,32.2,74.1,0.0,0.0,0.0,0,51.9,9144.0,16.3,98,22.0,0,3.3
SIMULATED TRAINING DATA — PROTOTYPE ONLY,43201,EMU Local,11,1.5,43.7,1.8,20.5,38.4,0.5,6,6,Normal,1.0,Clear,0.29,0,1,0,0,15,1,111,0.33,1.0,2,2.8,32.8,59.3,0.0,0.0,0.0,0,10.6,7078.0,16.9,224,26.7,0,11.2
SIMULATED TRAINING DATA — PROTOTYPE ONLY,43239,EMU Local,10,5.2,45.4,1.7,18.45,38.4,1.0,5,2,Normal,1.2,Clear,0.46,0,1,0,0,30,1,106,0.45,0.4,1,2.7,33.9,72.8,3.6,3.5,0.0,61,77.4,6237.0,34.7,187,43.6,1,6.3
SIMULATED TRAINING DATA — PROTOTYPE ONLY,43249,EMU Local,12,0.5,64.8,2.8,22.549999999999997,41.1,1.0,22,6,Normal,0.4,Clear,0.32,0,1,0,0,15,1,101,0.43,3.3,2,0.7,30.9,56.1,0.0,0.0,0.0,0,53.9,8622.0,18.5,97,28.2,0,12.9
SIMULATED TRAINING DATA — PROTOTYPE ONLY,43219,EMU Local,21,0.7,46.3,2.1,41.0,74.5,1.5,14,2,Normal,0.0,Clear,0.15,0,0,0,0,0,0,0,0.29,0.7,1,2.2,34.2,72.7,2.7,1.3,0.0,61,96.9,7587.0,20.1,277,30.6,1,2.1
SIMULATED TRAINING DATA — PROTOTYPE ONLY,43219,MEMU,6,1.5,62.9,2.0,10.25,20.0,0.5,10,4,Normal,0.1,Clear,0.26,0,0,1,0,20,1,73,0.77,10.8,5,1.6,32.0,69.4,0.0,0.0,0.0,0,21.2,5393.0,21.4,117,32.0,1,12.3
SIMULATED TRAINING DATA — PROTOTYPE ONLY,43401,EMU Local,20,3.6,30.3,2.0,38.949999999999996,73.7,1.0,21,6,Normal,0.4,Clear,0.35,0,0,0,1,0,1,32,0.23,0.6,1,3.3,29.3,82.7,0.0,0.0,0.0,0,32.7,8397.0,24.8,135,31.6,1,7.0
SIMULATED TRAINING DATA — PROTOTYPE ONLY,43401,MEMU,5,4.1,18.0,2.3,8.2,18.9,0.5,17,0,Warning,4.9,Occupied,0.94,0,1,0,0,30,1,75,0.8,1.4,4,2.9,26.5,63.4,5.1,3.8,0.0,61,80.5,7055.0,17.4,264,25.3,1,14.0
SIMULATED TRAINING DATA — PROTOTYPE ONLY,43425,EMU Local,9,2.0,32.3,1.4,16.4,31.5,1.0,10,0,Normal,0.1,Clear,0.45,0,0,0,0,0,0,0,0.5,0.4,1,1.3,34.0,45.3,3.4,2.0,0.0,61,71.0,9266.0,35.7,66,47.5,2,7.8
SIMULATED TRAINING DATA — PROTOTYPE ONLY,43209,EMU Local,16,0.3,65.7,2.0,30.749999999999996,55.6,0.5,10,3,Normal,0.7,Clear,0.13,0,0,1,0,30,1,41,0.61,0.9,1,2.9,32.7,65.1,0.0,0.0,0.0,0,51.9,9719.0,7.6,298,10.5,0,7.0
SIMULATED TRAINING DATA — PROTOTYPE ONLY,43239,EMU Local,14,1.9,55.9,2.3,26.65,49.9,1.0,12,5,Normal,0.7,Clear,0.11,0,0,0,0,0,0,0,0.42,0.4,2,1.2,28.8,79.5,0.0,0.0,0.0,0,12.5,9827.0,13.0,217,21.2,0,1.7
SIMULATED TRAINING DATA — PROTOTYPE ONLY,43205,EMU Local,8,4.7,75.0,1.3,14.349999999999998,30.5,1.0,15,1,Normal,0.9,Clear,0.1,0,0,0,0,0,0,0,0.39,3.5,1,5.2,25.8,73.8,0.0,0.0,0.0,0,22.3,9945.0,36.7,12,48.5,2,10.3
SIMULATED TRAINING DATA — PROTOTYPE ONLY,43221,EMU Local,20,4.4,20.4,2.2,38.949999999999996,74.5,0.5,9,1,Normal,0.1,Clear,0.37,0,1,0,0,20,1,36,0.7,2.2,1,3.4,29.2,65.1,0.0,0.0,0.0,0,11.6,9281.0,12.9,117,17.1,0,8.7
SIMULATED TRAINING DATA — PROTOTYPE ONLY,43209,MEMU,19,0.7,57.6,1.6,36.9,67.1,1.0,10,2,Normal,0.1,Clear,0.28,0,0,0,0,0,0,0,0.6,3.6,1,0.3,23.7,86.5,0.0,0.0,0.0,2,59.6,6828.0,33.3,93,47.2,2,6.1
SIMULATED TRAINING DATA — PROTOTYPE ONLY,43247,MEMU,14,0.0,53.3,2.3,26.65,48.0,1.0,7,4,Warning,3.2,Occupied,0.64,0,0,0,0,0,0,0,0.38,0.3,1,0.0,35.4,68.6,0.0,0.0,0.0,0,18.0,6287.0,28.2,294,37.3,1,6.5
SIMULATED TRAINING DATA — PROTOTYPE ONLY,43505,EMU Local,7,5.6,37.7,3.4,12.299999999999999,27.7,0.5,19,0,Normal,0.6,Clear,0.44,0,0,0,0,0,0,0,0.77,0.2,3,5.5,31.1,81.4,0.0,0.0,0.0,0,24.1,6014.0,32.0,283,48.5,2,6.8
SIMULATED TRAINING DATA — PROTOTYPE ONLY,43207,EMU Local,5,0.4,53.6,2.0,8.2,15.2,0.5,10,6,Normal,0.8,Clear,0.18,0,1,0,0,30,1,72,0.75,1.4,5,0.0,32.6,72.3,0.0,0.0,0.0,0,52.7,8695.0,27.1,86,39.2,1,8.6
SIMULATED TRAINING DATA — PROTOTYPE ONLY,43503,MEMU,18,0.3,44.1,1.5,34.849999999999994,63.0,0.5,11,5,Normal,2.3,Clear,0.23,0,0,0,1,0,1,115,0.12,1.2,1,1.9,29.9,80.1,0.0,0.0,0.0,0,35.6,8203.0,18.7,162,29.7,0,4.3
SIMULATED TRAINING DATA — PROTOTYPE ONLY,43503,EMU Local,2,0.0,48.9,2.2,2.05,3.7,1.0,11,1,Normal,1.0,Clear,0.17,0,1,0,0,20,1,112,0.24,0.1,1,0.0,38.6,81.2,0.0,0.0,0.0,0,57.2,7882.0,37.3,183,60.3,2,13.3
SIMULATED TRAINING DATA — PROTOTYPE ONLY,43207,MEMU,11,2.3,52.2,2.4,20.5,39.2,1.0,23,4,Warning,3.8,Occupied,0.98,0,0,0,0,0,0,0,0.24,1.3,2,1.8,34.3,88.1,1.5,0.4,0.0,2,86.7,7061.0,5.2,354,7.6,0,5.7
SIMULATED TRAINING DATA — PROTOTYPE ONLY,43511,MEMU,8,2.8,56.7,1.5,14.349999999999998,28.6,1.0,6,4,Normal,0.2,Clear,0.4,0,0,0,0,0,0,0,0.4,0.1,2,3.9,30.0,62.6,4.0,3.6,0.0,61,99.6,8851.0,23.1,24,32.5,1,3.1
SIMULATED TRAINING DATA — PROTOTYPE ONLY,43409,MEMU,1,4.1,43.3,1.1,0.0,4.1,0.5,12,0,Warning,2.5,Occupied,0.67,0,0,0,0,0,0,0,0.48,0.3,1,4.1,30.1,78.9,0.0,0.0,0.0,0,40.9,7028.0,16.2,319,24.3,0,3.8
SIMULATED TRAINING DATA — PROTOTYPE ONLY,43425,EMU Local,12,1.4,68.7,1.5,22.549999999999997,42.0,0.5,22,5,Normal,0.5,Clear,0.12,0,0,0,0,0,0,0,0.51,2.3,1,1.2,29.0,57.2,0.0,0.0,0.0,0,46.9,7241.0,23.9,92,34.9,1,3.5
SIMULATED TRAINING DATA — PROTOTYPE ONLY,43213,EMU Local,2,5.0,38.8,2.1,2.05,8.7,0.5,16,4,Normal,0.2,Clear,0.31,0,0,0,0,0,0,0,0.2,0.2,1,4.8,30.9,78.7,0.0,0.0,0.0,0,23.4,6678.0,35.9,209,49.7,2,4.1
SIMULATED TRAINING DATA — PROTOTYPE ONLY,43209,EMU Local,18,0.7,70.3,1.8,34.849999999999994,63.4,2.0,10,1,Warning,4.1,Occupied,0.93,0,0,0,0,0,0,0,0.61,0.0,2,0.0,33.0,51.8,1.7,1.4,0.0,61,84.4,7344.0,36.9,118,52.3,2,12.1
SIMULATED TRAINING DATA — PROTOTYPE ONLY,43211,EMU Local,7,7.1,25.1,2.7,12.299999999999999,29.2,0.5,23,3,Warning,4.9,Occupied,0.74,0,0,0,1,0,1,37,0.31,0.3,2,6.6,32.9,95.1,0.0,0.0,0.0,2,40.2,5616.0,15.4,172,25.0,0,9.0
SIMULATED TRAINING DATA — PROTOTYPE ONLY,43425,MEMU,17,3.4,27.2,2.4,32.8,62.4,0.5,18,1,Warning,2.8,Occupied,0.95,0,0,0,0,0,0,0,0.91,4.2,4,3.5,30.4,76.0,0.0,0.0,0.0,0,53.0,9590.0,35.9,33,54.6,2,9.7
SIMULATED TRAINING DATA — PROTOTYPE ONLY,43407,EMU Local,14,3.5,28.1,2.2,26.65,51.5,1.0,22,5,Normal,0.0,Clear,0.44,0,0,0,0,0,0,0,0.33,0.9,2,2.1,37.3,74.7,0.0,0.0,0.0,0,21.4,8757.0,37.6,43,57.2,2,8.6
SIMULATED TRAINING DATA — PROTOTYPE ONLY,43207,EMU Local,7,0.9,56.4,1.1,12.299999999999999,23.0,1.5,5,3,Warning,6.4,Occupied,0.87,0,0,0,0,0,0,0,0.05,0.1,2,0.0,23.5,52.3,0.0,0.0,0.0,0,57.9,7812.0,20.8,330,32.4,1,8.2
SIMULATED TRAINING DATA — PROTOTYPE ONLY,43247,Fast Local,3,0.3,29.9,2.5,4.1,7.7,0.5,15,6,Normal,1.0,Clear,0.35,0,0,1,0,15,1,97,0.26,0.5,1,1.8,29.2,84.1,0.0,0.0,0.0,0,32.4,9328.0,9.4,52,16.0,0,11.4
SIMULATED TRAINING DATA — PROTOTYPE ONLY,66069,MEMU,6,2.5,64.4,3.3,10.25,21.0,0.5,11,6,Warning,3.8,Occupied,0.99,0,0,0,0,0,0,0,0.38,0.2,2,3.1,34.3,87.0,0.0,0.0,0.0,2,16.7,5707.0,37.1,97,54.1,2,8.0
SIMULATED TRAINING DATA — PROTOTYPE ONLY,43423,Fast Local,20,3.8,34.1,2.6,38.949999999999996,73.9,1.0,11,4,Normal,0.4,Clear,0.37,0,0,0,0,0,0,0,0.05,0.0,2,4.2,37.1,69.3,0.0,0.0,0.0,0,53.6,5674.0,34.6,262,52.1,2,3.8
SIMULATED TRAINING DATA — PROTOTYPE ONLY,43501,MEMU,2,0.4,48.0,1.7,2.05,4.1,1.0,16,1,Normal,0.1,Clear,0.18,0,0,0,0,0,0,0,0.06,0.0,2,0.0,32.3,66.8,0.0,0.0,0.0,0,56.4,8858.0,26.7,270,38.3,1,4.1
SIMULATED TRAINING DATA — PROTOTYPE ONLY,43409,EMU Local,17,12.0,51.6,2.0,32.8,71.0,0.5,4,0,Warning,5.8,Occupied,0.69,0,0,0,0,0,0,0,0.27,1.2,2,12.3,37.5,67.5,0.0,0.0,0.0,0,51.1,6901.0,5.9,42,8.1,0,7.4
SIMULATED TRAINING DATA — PROTOTYPE ONLY,43207,EMU Local,12,15.7,26.8,2.4,22.549999999999997,56.3,1.0,13,5,Normal,0.9,Clear,0.33,0,0,1,0,30,1,23,0.19,1.2,1,12.8,38.3,92.7,21.3,11.8,2.5,63,86.2,8898.0,16.8,37,25.9,1,9.2
SIMULATED TRAINING DATA — PROTOTYPE ONLY,43435,Fast Local,12,3.2,21.1,2.9,22.549999999999997,43.8,1.0,12,4,Normal,1.4,Clear,0.49,0,0,0,0,0,0,0,0.29,0.3,1,1.8,30.1,70.8,7.3,3.9,0.0,61,96.8,8981.0,10.1,77,15.6,1,3.3
SIMULATED TRAINING DATA — PROTOTYPE ONLY,43209,EMU Local,17,12.0,46.2,1.7,32.8,71.0,1.0,5,0,Warning,6.8,Occupied,0.98,0,0,0,0,0,0,0,0.36,0.2,2,12.8,28.1,74.0,0.0,0.0,0.0,0,26.6,9573.0,11.3,201,16.8,0,7.5
SIMULATED TRAINING DATA — PROTOTYPE ONLY,43211,EMU Local,10,0.8,37.8,1.8,18.45,34.0,0.5,22,3,Normal,0.7,Clear,0.2,0,1,0,0,30,1,15,0.13,0.1,1,0.0,28.0,83.4,0.0,0.0,0.0,0,14.4,6585.0,27.7,155,34.3,1,6.9
SIMULATED TRAINING DATA — PROTOTYPE ONLY,43211,EMU Local,3,0.1,49.5,2.1,4.1,7.5,0.5,17,6,Normal,0.1,Clear,0.14,0,1,0,0,20,1,90,0.27,2.6,2,0.0,25.8,42.7,0.0,0.0,0.0,0,27.2,5260.0,17.9,94,21.6,0,6.8
SIMULATED TRAINING DATA — PROTOTYPE ONLY,43401,EMU Local,20,0.2,21.8,2.0,38.949999999999996,70.3,1.0,13,2,Normal,0.2,Clear,0.34,0,0,1,0,15,1,24,0.51,0.4,1,0.6,26.6,71.0,0.0,0.0,0.0,0,28.3,7418.0,16.2,279,26.0,0,7.3
SIMULATED TRAINING DATA — PROTOTYPE ONLY,43215,MEMU,18,3.5,36.6,2.6,34.849999999999994,66.2,1.0,13,2,Normal,0.3,Clear,0.27,0,0,0,0,0,0,0,0.34,1.4,1,2.6,27.7,68.6,0.0,0.0,0.0,0,50.1,5411.0,20.4,307,25.6,0,2.7
SIMULATED TRAINING DATA — PROTOTYPE ONLY,43401,EMU Local,13,0.3,39.3,2.3,24.599999999999998,44.6,1.0,11,3,Normal,0.4,Clear,0.4,0,0,0,0,0,0,0,0.41,0.2,2,0.0,26.8,73.8,0.0,0.0,0.0,0,45.8,7579.0,10.3,0,14.3,0,1.0
SIMULATED TRAINING DATA — PROTOTYPE ONLY,43205,EMU Local,12,12.7,5.4,1.3,22.549999999999997,53.3,1.0,17,2,Normal,0.8,Clear,0.31,0,0,0,0,0,0,0,0.91,3.4,4,12.3,35.6,81.7,2.5,1.8,0.0,61,89.8,9348.0,19.5,7,25.6,0,4.6
SIMULATED TRAINING DATA — PROTOTYPE ONLY,43237,EMU Local,17,0.6,56.9,1.7,32.8,59.6,0.5,16,5,Normal,0.1,Clear,0.3,0,0,0,0,0,0,0,0.36,0.4,2,0.8,29.7,83.7,6.2,5.7,1.7,63,77.3,7679.0,35.9,29,57.6,2,5.2
SIMULATED TRAINING DATA — PROTOTYPE ONLY,43205,EMU Local,4,1.5,30.6,1.7,6.1499999999999995,12.6,0.5,9,4,Normal,0.1,Clear,0.36,0,0,1,0,20,1,36,0.56,3.6,2,0.0,25.9,69.2,0.0,0.0,0.0,0,50.0,5932.0,31.3,223,40.0,1,9.8
SIMULATED TRAINING DATA — PROTOTYPE ONLY,43207,EMU Local,10,6.9,64.5,1.0,18.45,40.1,0.5,16,4,Normal,0.3,Clear,0.15,0,0,0,0,0,0,0,0.33,0.0,1,7.3,29.9,70.3,0.0,0.0,0.0,0,11.6,6131.0,6.4,293,9.0,0,0.5
SIMULATED TRAINING DATA — PROTOTYPE ONLY,43249,EMU Local,11,1.0,31.6,2.7,20.5,37.9,1.5,6,5,Warning,3.2,Occupied,0.9,0,0,0,0,0,0,0,0.38,0.9,2,1.0,32.5,72.3,3.4000000000000004,2.6,0.0,61,82.1,9348.0,19.2,227,31.9,1,5.2
SIMULATED TRAINING DATA — PROTOTYPE ONLY,43505,Fast Local,6,1.1,34.2,2.2,10.25,19.6,0.5,23,1,Normal,0.6,Clear,0.3,0,0,0,0,0,0,0,0.27,1.0,2,1.2,30.5,81.1,0.0,0.0,0.0,0,37.4,9227.0,33.3,199,55.7,2,7.7
SIMULATED TRAINING DATA — PROTOTYPE ONLY,43217,EMU Local,6,4.1,23.4,1.8,10.25,22.5,0.5,16,4,Warning,5.3,Occupied,0.97,0,1,0,0,20,1,104,0.32,1.5,1,3.2,30.6,85.8,0.0,0.0,0.0,2,33.8,7316.0,13.3,345,19.7,0,11.5
SIMULATED TRAINING DATA — PROTOTYPE ONLY,43435,EMU Local,9,1.3,59.2,2.6,16.4,30.8,0.5,22,6,Normal,0.7,Clear,0.16,0,0,0,0,0,0,0,0.24,1.9,2,1.2,24.2,55.1,0.0,0.0,0.0,0,44.5,8811.0,32.7,88,50.9,2,5.0
SIMULATED TRAINING DATA — PROTOTYPE ONLY,43249,EMU Local,15,1.0,48.8,2.3,28.699999999999996,52.7,1.5,19,2,Normal,0.0,Clear,0.22,0,0,0,0,0,0,0,0.83,2.9,5,2.1,35.1,76.5,0.0,0.0,0.0,0,49.7,5082.0,24.5,295,30.0,0,4.4
SIMULATED TRAINING DATA — PROTOTYPE ONLY,43425,EMU Local,2,1.2,63.0,1.3,2.05,4.9,1.0,7,6,Normal,1.7,Clear,0.48,0,0,0,0,0,0,0,0.57,0.3,2,2.0,30.1,69.6,8.3,8.3,2.9,63,71.9,9329.0,5.3,189,6.7,1,5.2
SIMULATED TRAINING DATA — PROTOTYPE ONLY,66015,EMU Local,4,2.7,38.9,2.5,6.1499999999999995,13.8,1.5,6,5,Warning,4.0,Occupied,0.73,0,0,1,0,15,1,25,0.3,1.3,2,4.2,26.3,96.6,0.0,0.0,0.0,2,58.2,5984.0,34.2,276,43.5,1,17.9
SIMULATED TRAINING DATA — PROTOTYPE ONLY,43227,MEMU,5,13.5,41.4,2.9,8.2,28.3,0.5,18,0,Normal,0.2,Clear,0.47,0,0,0,0,0,0,0,0.72,1.9,5,12.4,31.1,58.8,0.0,0.0,0.0,0,37.7,6185.0,34.6,260,55.8,2,6.7
SIMULATED TRAINING DATA — PROTOTYPE ONLY,43219,EMU Local,17,7.1,16.8,2.0,32.8,66.1,1.0,18,1,Warning,4.6,Occupied,0.94,0,0,0,0,0,0,0,0.59,0.2,2,7.9,29.5,58.1,0.0,0.0,0.0,0,39.0,7708.0,32.2,64,51.6,2,11.6
SIMULATED TRAINING DATA — PROTOTYPE ONLY,43245,MEMU,8,1.3,32.6,2.1,14.349999999999998,27.1,0.5,21,0,Normal,0.0,Clear,0.47,0,0,0,0,0,0,0,0.26,0.1,1,0.6,32.0,64.9,0.0,0.0,0.0,0,38.0,7319.0,22.4,314,31.7,1,2.8
SIMULATED TRAINING DATA — PROTOTYPE ONLY,43213,EMU Local,8,1.8,44.6,2.2,14.349999999999998,27.6,0.5,10,6,Warning,5.3,Occupied,0.84,0,0,0,0,0,0,0,0.77,4.7,5,0.0,41.7,79.1,0.0,0.0,0.0,0,54.8,5710.0,29.0,236,42.9,1,9.3
SIMULATED TRAINING DATA — PROTOTYPE ONLY,43207,EMU Local,12,2.5,47.8,1.4,22.549999999999997,43.1,0.5,23,2,Normal,0.0,Clear,0.14,0,0,0,0,0,0,0,0.05,0.1,2,3.6,28.5,79.2,0.0,0.0,0.0,0,48.6,8500.0,9.3,258,12.9,0,0.6
SIMULATED TRAINING DATA — PROTOTYPE ONLY,66015,EMU Local,21,15.4,69.4,2.2,41.0,89.2,0.5,8,6,Warning,3.6,Occupied,0.7,0,1,0,1,15,1,49,0.9,0.5,5,16.3,34.5,65.4,0.0,0.0,0.0,0,34.9,7886.0,33.4,243,48.7,2,19.4
SIMULATED TRAINING DATA — PROTOTYPE ONLY,43227,Fast Local,8,0.8,14.2,1.6,14.349999999999998,26.6,1.0,11,0,Normal,1.1,Clear,0.42,0,0,0,0,0,0,0,0.21,1.1,2,2.6,30.2,84.2,0.0,0.0,0.0,0,44.2,9538.0,36.3,214,44.1,1,3.2
SIMULATED TRAINING DATA — PROTOTYPE ONLY,43209,EMU Local,19,1.8,45.4,2.1,36.9,68.2,1.5,13,2,Normal,0.4,Clear,0.35,0,0,0,0,0,0,0,0.09,0.3,2,0.0,29.9,66.8,1.6,1.1,0.0,61,72.2,9825.0,15.8,113,23.5,0,0.5
SIMULATED TRAINING DATA — PROTOTYPE ONLY,43511,EMU Local,3,5.2,36.4,2.2,4.1,12.6,0.5,4,4,Normal,0.5,Clear,0.33,0,0,0,0,0,0,0,0.05,0.0,1,5.4,36.5,82.2,0.0,0.0,0.0,0,18.3,6958.0,13.6,239,20.1,0,0.0
SIMULATED TRAINING DATA — PROTOTYPE ONLY,43501,EMU Local,18,13.3,43.1,2.4,34.849999999999994,76.0,1.5,14,1,Normal,0.2,Clear,0.47,0,0,0,0,0,0,0,0.16,0.3,2,13.0,32.2,55.3,0.0,0.0,0.0,0,12.4,6916.0,13.1,359,18.2,0,0.0
SIMULATED TRAINING DATA — PROTOTYPE ONLY,43213,EMU Local,21,0.7,43.5,2.4,41.0,74.5,0.5,6,3,Normal,0.0,Clear,0.17,0,0,0,0,0,0,0,0.42,3.9,1,2.1,37.9,60.4,0.0,0.0,0.0,0,30.7,9269.0,16.2,61,26.0,0,2.8
SIMULATED TRAINING DATA — PROTOTYPE ONLY,43205,EMU Local,19,1.0,39.1,1.5,36.9,67.4,0.5,6,2,Normal,0.0,Clear,0.35,0,0,0,0,0,0,0,0.09,0.4,2,0.0,31.3,67.0,0.0,0.0,0.0,0,28.6,5595.0,7.6,349,11.4,0,1.1
SIMULATED TRAINING DATA — PROTOTYPE ONLY,43223,EMU Local,19,1.0,25.0,2.2,36.9,67.4,0.5,18,5,Normal,1.1,Clear,0.12,0,0,0,0,0,0,0,0.7,1.2,1,0.7,37.0,71.3,0.0,0.0,0.0,0,47.9,5175.0,31.1,133,44.6,1,5.5
SIMULATED TRAINING DATA — PROTOTYPE ONLY,43425,EMU Local,15,0.1,22.2,2.7,28.699999999999996,51.8,0.5,20,5,Critical,7.4,Restricted,0.8,1,0,0,0,0,0,0,0.73,0.0,4,0.2,30.2,61.9,0.0,0.0,0.0,0,35.2,5086.0,15.6,32,21.5,0,13.3
SIMULATED TRAINING DATA — PROTOTYPE ONLY,43213,EMU Local,6,3.7,38.0,1.4,10.25,22.2,0.5,21,4,Normal,4.2,Clear,0.27,0,0,0,0,0,0,0,0.22,0.2,2,4.6,28.8,61.7,3.7,2.6,0.0,61,73.0,9765.0,7.6,223,10.2,0,3.3
SIMULATED TRAINING DATA — PROTOTYPE ONLY,43401,EMU Local,16,4.4,20.7,3.1,30.749999999999996,59.7,1.0,11,5,Warning,6.8,Occupied,0.66,0,0,0,0,0,0,0,0.18,0.1,2,4.9,33.3,77.4,0.0,0.0,0.0,0,14.9,7201.0,37.6,318,60.2,2,13.3
SIMULATED TRAINING DATA — PROTOTYPE ONLY,43227,MEMU,8,3.7,40.3,1.5,14.349999999999998,29.5,1.0,16,0,Critical,10.3,Restricted,0.83,1,0,0,0,0,0,0,0.26,0.4,2,3.7,32.0,81.8,0.0,0.0,0.0,0,14.0,8209.0,12.1,289,18.1,0,16.2
SIMULATED TRAINING DATA — PROTOTYPE ONLY,43511,MEMU,16,0.3,38.2,3.1,30.749999999999996,55.6,1.0,13,4,Critical,10.9,Restricted,0.82,1,0,0,0,0,0,0,0.18,1.3,2,0.0,26.1,62.7,3.1,2.6,0.0,61,96.9,5681.0,32.0,185,41.1,1,17.6
SIMULATED TRAINING DATA — PROTOTYPE ONLY,43423,MEMU,18,0.3,5.2,1.5,34.849999999999994,63.0,0.5,6,5,Warning,3.5,Occupied,0.72,0,0,0,0,0,0,0,0.44,0.3,1,0.2,32.3,55.9,9.7,7.7,3.3,63,77.5,5207.0,21.3,133,27.8,1,6.9
SIMULATED TRAINING DATA — PROTOTYPE ONLY,43501,EMU Local,20,0.9,71.0,2.1,38.949999999999996,71.0,1.0,23,0,Warning,5.2,Occupied,0.84,0,0,0,0,0,0,0,0.06,0.0,1,1.8,28.5,73.2,0.0,0.0,0.0,0,47.7,9431.0,17.4,71,26.2,0,4.0
SIMULATED TRAINING DATA — PROTOTYPE ONLY,43249,EMU Local,16,1.4,43.2,2.0,30.749999999999996,56.7,1.0,17,0,Normal,0.2,Clear,0.16,0,0,0,0,0,0,0,0.23,0.1,2,0.4,34.8,77.6,0.0,0.0,0.0,0,48.7,8699.0,27.0,224,34.0,1,1.1
SIMULATED TRAINING DATA — PROTOTYPE ONLY,43227,EMU Local,11,6.2,5.4,1.3,20.5,43.1,2.0,16,0,Normal,0.2,Clear,0.11,0,0,0,0,0,0,0,0.1,0.2,1,5.9,28.8,59.4,0.0,0.0,0.0,0,27.7,8779.0,33.4,267,51.1,2,2.9
SIMULATED TRAINING DATA — PROTOTYPE ONLY,43511,EMU Local,7,0.7,45.7,2.5,12.299999999999999,22.8,0.5,6,5,Normal,0.1,Clear,0.21,0,0,0,0,0,0,0,0.21,0.1,2,0.4,30.0,92.1,0.0,0.0,0.0,2,11.6,7329.0,6.9,291,11.7,0,0.0
SIMULATED TRAINING DATA — PROTOTYPE ONLY,43219,EMU Local,17,0.2,38.9,2.5,32.8,59.2,2.0,16,0,Normal,0.9,Clear,0.2,0,1,0,0,15,1,49,0.51,1.5,1,0.0,27.4,61.5,0.0,0.0,0.0,0,16.4,8129.0,6.5,260,11.0,0,12.1
SIMULATED TRAINING DATA — PROTOTYPE ONLY,43207,EMU Local,17,2.0,22.2,2.5,32.8,61.0,1.0,23,6,Normal,0.1,Clear,0.27,0,1,0,0,30,1,102,0.24,0.3,1,0.0,35.5,68.8,0.0,0.0,0.0,0,35.4,8109.0,37.5,219,62.9,2,10.7
SIMULATED TRAINING DATA — PROTOTYPE ONLY,43409,EMU Local,12,2.2,46.6,2.0,22.549999999999997,42.8,1.0,12,1,Normal,0.2,Clear,0.16,0,0,1,0,20,1,40,0.4,0.7,2,0.4,33.2,69.0,0.0,0.0,0.0,0,58.9,9943.0,13.8,349,17.8,0,6.0
SIMULATED TRAINING DATA — PROTOTYPE ONLY,43223,EMU Local,13,2.4,27.9,1.7,24.599999999999998,46.7,0.5,19,5,Normal,3.4,Clear,0.3,0,0,0,0,0,0,0,0.65,0.4,2,2.1,40.6,62.2,21.8,13.4,2.4,63,81.6,7344.0,6.8,123,9.5,1,8.6
SIMULATED TRAINING DATA — PROTOTYPE ONLY,43409,Fast Local,10,7.0,44.9,2.8,18.45,40.2,0.5,11,0,Warning,6.2,Occupied,0.82,0,0,0,0,0,0,0,0.22,1.1,1,7.6,36.5,93.8,0.0,0.0,0.0,2,17.7,6974.0,15.8,321,24.0,0,5.8
SIMULATED TRAINING DATA — PROTOTYPE ONLY,66015,EMU Local,7,0.4,31.5,2.2,12.299999999999999,22.5,1.0,15,1,Normal,0.3,Clear,0.4,0,0,0,0,0,0,0,0.31,0.5,1,0.0,29.7,60.8,10.5,7.6,1.5,63,97.5,8549.0,11.0,160,16.7,1,3.3
SIMULATED TRAINING DATA — PROTOTYPE ONLY,43223,EMU Local,14,4.9,28.4,1.6,26.65,52.9,0.5,15,6,Normal,2.3,Clear,0.44,0,0,0,0,0,0,0,0.31,0.1,1,3.0,25.3,92.8,0.0,0.0,0.0,2,40.8,8432.0,19.9,194,26.8,0,3.1
SIMULATED TRAINING DATA — PROTOTYPE ONLY,66015,EMU Local,1,1.6,41.8,2.2,0.0,1.6,0.5,22,3,Normal,0.2,Clear,0.42,0,0,0,0,0,0,0,0.26,0.4,2,2.7,29.0,68.4,0.0,0.0,0.0,0,29.6,7999.0,34.1,95,41.0,1,2.1
SIMULATED TRAINING DATA — PROTOTYPE ONLY,43505,EMU Local,17,1.5,17.7,1.1,32.8,60.5,2.0,20,1,Normal,0.2,Clear,0.26,0,0,0,0,0,0,0,0.83,11.9,4,1.8,30.9,68.4,29.5,29.5,1.2,65,75.3,2263.0,34.6,119,47.1,2,11.1
SIMULATED TRAINING DATA — PROTOTYPE ONLY,43221,EMU Local,4,10.8,40.8,2.2,6.1499999999999995,21.9,0.5,18,5,Critical,14.6,Restricted,0.65,1,0,0,0,0,0,0,0.92,4.0,4,10.5,24.3,64.2,3.7,2.2,0.0,61,97.8,7221.0,15.3,9,23.9,0,23.1
SIMULATED TRAINING DATA — PROTOTYPE ONLY,43423,Fast Local,21,1.1,51.9,2.5,41.0,74.9,0.5,21,5,Normal,0.2,Clear,0.4,0,0,0,0,0,0,0,0.44,3.1,2,1.4,28.1,80.2,12.4,11.9,1.6,63,84.4,6237.0,20.7,142,29.3,1,3.4
SIMULATED TRAINING DATA — PROTOTYPE ONLY,43223,Fast Local,5,4.1,61.1,2.0,8.2,18.9,1.0,10,0,Normal,0.1,Clear,0.18,0,0,0,0,0,0,0,0.8,6.2,4,2.8,35.6,95.8,0.0,0.0,0.0,2,13.5,6172.0,22.9,114,36.5,1,6.9
SIMULATED TRAINING DATA — PROTOTYPE ONLY,43425,EMU Local,20,1.3,58.3,2.5,38.949999999999996,71.4,0.5,16,6,Normal,0.3,Clear,0.44,0,0,0,0,0,0,0,0.18,0.5,2,2.5,28.1,65.2,0.0,0.0,0.0,0,53.8,9309.0,13.3,347,22.6,0,1.2
SIMULATED TRAINING DATA — PROTOTYPE ONLY,66015,Fast Local,7,2.8,62.3,2.6,12.299999999999999,24.9,1.0,22,6,Normal,0.6,Clear,0.28,0,0,0,0,0,0,0,0.57,1.6,2,3.2,28.0,68.4,0.5,0.3,0.0,0,97.4,6089.0,10.5,277,15.3,0,3.9
SIMULATED TRAINING DATA — PROTOTYPE ONLY,43203,Fast Local,10,6.2,35.2,2.3,18.45,39.4,1.0,19,6,Normal,0.0,Clear,0.11,0,0,0,0,0,0,0,0.78,6.5,3,6.0,33.6,89.6,0.0,0.0,0.0,2,23.3,9232.0,20.7,217,30.5,1,6.1
SIMULATED TRAINING DATA — PROTOTYPE ONLY,43249,MEMU,17,8.5,26.6,3.2,32.8,67.5,0.5,14,5,Normal,0.2,Clear,0.36,0,0,0,0,0,0,0,0.15,1.1,2,8.1,29.3,58.6,0.0,0.0,0.0,0,47.7,5894.0,18.4,23,30.6,1,2.7
SIMULATED TRAINING DATA — PROTOTYPE ONLY,43221,MEMU,7,7.3,54.2,2.9,12.299999999999999,29.4,1.0,8,3,Normal,0.2,Clear,0.37,0,0,0,0,0,0,0,0.96,4.2,3,7.4,31.5,62.6,0.0,0.0,0.0,0,50.5,7717.0,34.7,61,56.8,2,8.5
SIMULATED TRAINING DATA — PROTOTYPE ONLY,43423,EMU Local,1,3.5,34.2,2.5,0.0,3.5,0.5,5,6,Normal,0.1,Clear,0.32,0,0,0,0,0,0,0,0.05,0.3,2,4.1,33.1,88.4,0.0,0.0,0.0,2,52.6,7379.0,32.9,242,41.1,1,2.0
SIMULATED TRAINING DATA — PROTOTYPE ONLY,43425,EMU Local,7,1.1,42.1,2.3,12.299999999999999,23.2,1.5,4,4,Warning,2.9,Occupied,0.87,0,0,0,0,0,0,0,0.18,0.9,2,0.0,29.0,77.1,2.3,1.5,0.0,61,91.1,8823.0,26.9,83,35.1,1,5.5
SIMULATED TRAINING DATA — PROTOTYPE ONLY,43209,EMU Local,11,4.3,53.2,1.9,20.5,41.2,2.0,19,1,Normal,0.2,Clear,0.29,0,1,0,0,15,1,47,0.78,1.0,5,3.4,34.6,61.6,0.0,0.0,0.0,0,58.4,9436.0,14.4,46,17.9,0,10.3
SIMULATED TRAINING DATA — PROTOTYPE ONLY,43503,EMU Local,9,5.0,72.3,1.7,16.4,34.5,0.5,8,4,Normal,0.5,Clear,0.26,0,0,0,0,0,0,0,0.83,0.4,4,4.6,34.3,79.5,8.3,7.3,3.8,63,94.9,6271.0,17.3,73,21.4,1,5.8
SIMULATED TRAINING DATA — PROTOTYPE ONLY,43201,Fast Local,12,0.0,49.9,2.6,22.549999999999997,40.6,1.0,10,3,Normal,0.4,Clear,0.49,0,1,0,0,30,1,46,0.46,2.0,1,0.0,32.8,53.5,0.0,0.0,0.0,0,45.5,7275.0,10.9,175,16.4,0,7.1
SIMULATED TRAINING DATA — PROTOTYPE ONLY,43403,EMU Local,3,2.3,45.1,2.0,4.1,9.7,1.0,12,1,Normal,0.1,Clear,0.43,0,1,1,0,20,1,36,0.5,4.1,1,1.4,37.5,85.0,0.0,0.0,0.0,0,11.6,5907.0,13.9,214,17.1,0,10.1
SIMULATED TRAINING DATA — PROTOTYPE ONLY,66069,MEMU,4,7.4,25.2,1.5,6.1499999999999995,18.5,0.5,7,0,Warning,6.2,Occupied,0.84,0,0,0,0,0,0,0,0.2,2.7,1,8.3,35.0,48.4,0.0,0.0,0.0,0,46.9,6712.0,37.5,245,55.0,2,13.1
SIMULATED TRAINING DATA — PROTOTYPE ONLY,43239,MEMU,4,2.7,59.5,1.6,6.1499999999999995,13.8,0.5,22,1,Normal,0.1,Clear,0.17,0,0,0,0,0,0,0,0.8,0.1,5,1.9,30.4,59.7,9.8,7.6,3.4,63,89.9,6240.0,23.2,61,36.5,1,4.8
SIMULATED TRAINING DATA — PROTOTYPE ONLY,43201,Fast Local,13,1.5,48.1,1.7,24.599999999999998,45.8,0.5,23,0,Critical,19.9,Restricted,0.92,1,1,0,0,30,1,119,0.16,0.6,1,0.2,28.5,76.5,0.0,0.0,0.0,0,57.3,9831.0,32.0,306,45.8,2,30.2
SIMULATED TRAINING DATA — PROTOTYPE ONLY,43239,Fast Local,19,8.2,36.8,3.2,36.9,74.6,2.0,18,2,Normal,0.5,Clear,0.25,0,0,1,1,15,1,31,0.6,2.0,1,7.6,32.1,56.9,0.0,0.0,0.0,0,32.7,7183.0,14.0,314,22.6,0,14.2
SIMULATED TRAINING DATA — PROTOTYPE ONLY,43217,EMU Local,10,0.7,35.2,2.6,18.45,33.9,0.5,10,1,Warning,2.1,Occupied,0.99,0,1,0,1,15,1,16,0.84,1.4,4,2.5,31.2,72.1,12.0,10.3,2.5,63,76.8,6349.0,18.6,30,30.5,1,17.4
SIMULATED TRAINING DATA — PROTOTYPE ONLY,43251,EMU Local,5,0.9,35.9,2.1,8.2,15.7,0.5,21,1,Normal,0.1,Clear,0.11,0,0,0,0,0,0,0,0.26,0.7,2,0.9,31.3,78.8,0.0,0.0,0.0,0,38.4,5522.0,24.7,177,30.0,0,2.6
SIMULATED TRAINING DATA — PROTOTYPE ONLY,43209,EMU Local,7,4.7,42.7,2.3,12.299999999999999,26.8,0.5,8,4,Normal,0.5,Clear,0.34,0,0,0,0,0,0,0,0.46,1.0,2,4.1,29.3,63.1,0.0,0.0,0.0,0,11.2,6742.0,6.7,32,8.4,0,2.1
SIMULATED TRAINING DATA — PROTOTYPE ONLY,43239,EMU Local,16,1.7,20.1,2.4,30.749999999999996,57.0,1.0,16,4,Normal,2.0,Clear,0.24,0,1,0,0,15,1,26,0.28,2.5,2,1.3,31.7,70.6,0.0,0.0,0.0,0,20.7,9506.0,34.7,129,57.4,2,17.5
SIMULATED TRAINING DATA — PROTOTYPE ONLY,43211,EMU Local,1,5.0,60.3,1.6,0.0,5.0,1.5,6,3,Normal,0.0,Clear,0.32,0,0,0,0,0,0,0,0.37,0.5,1,2.9,37.7,82.1,0.0,0.0,0.0,0,19.1,8549.0,32.9,61,50.3,2,4.5
SIMULATED TRAINING DATA — PROTOTYPE ONLY,43239,EMU Local,12,0.7,57.5,1.4,22.549999999999997,41.3,1.0,9,0,Normal,0.3,Clear,0.1,0,0,0,0,0,0,0,0.79,0.5,3,0.5,34.3,77.4,0.0,0.0,0.0,0,27.7,5696.0,37.4,97,59.1,2,7.9
SIMULATED TRAINING DATA — PROTOTYPE ONLY,43219,MEMU,2,1.2,39.5,2.7,2.05,4.9,0.5,15,5,Normal,0.7,Clear,0.23,0,0,0,0,0,0,0,0.15,0.6,1,1.5,32.0,90.2,0.0,0.0,0.0,2,23.8,5063.0,17.7,225,26.0,0,2.5
SIMULATED TRAINING DATA — PROTOTYPE ONLY,43227,EMU Local,7,0.7,35.9,1.3,12.299999999999999,22.8,0.5,21,4,Warning,5.4,Occupied,0.68,0,1,0,0,20,1,53,0.14,0.2,2,1.2,36.5,61.9,0.0,0.0,0.0,0,26.2,8026.0,9.1,328,13.2,0,10.7
SIMULATED TRAINING DATA — PROTOTYPE ONLY,43237,EMU Local,11,12.2,41.7,2.1,20.5,49.1,0.5,21,6,Normal,0.8,Clear,0.3,0,0,0,0,0,0,0,0.48,0.1,2,12.0,34.4,60.0,0.0,0.0,0.0,0,13.7,9792.0,27.4,88,37.8,1,6.6
SIMULATED TRAINING DATA — PROTOTYPE ONLY,43423,EMU Local,13,2.1,44.2,1.7,24.599999999999998,46.4,0.5,7,3,Normal,1.9,Clear,0.42,0,0,0,0,0,0,0,0.32,1.8,1,1.2,30.2,87.8,0.0,0.0,0.0,2,17.6,6420.0,9.3,230,15.2,0,2.6
SIMULATED TRAINING DATA — PROTOTYPE ONLY,43403,EMU Local,2,1.6,37.5,2.2,2.05,5.3,1.0,23,0,Warning,5.3,Occupied,0.93,0,0,0,1,0,1,84,0.56,0.8,1,2.7,31.3,76.6,0.0,0.0,0.0,0,35.3,6895.0,15.2,269,24.2,0,10.8
SIMULATED TRAINING DATA — PROTOTYPE ONLY,43221,EMU Local,7,0.1,57.0,1.9,12.299999999999999,22.2,0.5,17,0,Normal,0.9,Clear,0.44,0,0,1,0,30,1,119,0.81,13.9,3,0.0,35.1,69.0,11.399999999999999,11.2,1.7,63,97.9,9094.0,12.1,185,15.6,1,14.6
SIMULATED TRAINING DATA — PROTOTYPE ONLY,43503,MEMU,15,0.7,20.6,2.4,28.699999999999996,52.4,1.0,17,0,Warning,2.4,Occupied,0.62,0,0,0,0,0,0,0,0.65,0.9,2,0.0,32.5,65.0,0.0,0.0,0.0,0,14.9,6881.0,26.0,280,33.6,1,6.3
SIMULATED TRAINING DATA — PROTOTYPE ONLY,43223,EMU Local,11,2.2,31.3,1.0,20.5,39.1,1.0,4,2,Normal,0.1,Clear,0.2,0,0,0,0,0,0,0,0.48,1.4,2,1.3,33.2,81.8,18.2,11.5,2.5,63,70.6,7687.0,26.4,230,34.8,1,3.7
SIMULATED TRAINING DATA — PROTOTYPE ONLY,43237,MEMU,2,0.3,53.6,2.8,2.05,4.0,1.0,14,0,Normal,0.3,Clear,0.32,0,0,0,1,0,1,30,0.07,0.0,1,0.0,26.5,67.4,14.299999999999999,12.2,2.1,63,91.9,5167.0,15.9,159,27.0,1,7.4
SIMULATED TRAINING DATA — PROTOTYPE ONLY,43501,EMU Local,7,2.9,46.9,2.5,12.299999999999999,25.0,2.0,12,3,Normal,0.0,Clear,0.48,0,1,0,0,15,1,60,0.37,1.0,2,2.5,29.4,81.3,0.0,0.0,0.0,0,29.6,8398.0,29.5,104,43.4,1,12.4
SIMULATED TRAINING DATA — PROTOTYPE ONLY,43217,MEMU,4,2.4,31.8,2.7,6.1499999999999995,13.5,1.5,21,0,Warning,5.2,Occupied,0.92,0,0,1,0,30,1,77,0.16,0.2,2,1.8,31.3,87.2,0.0,0.0,0.0,2,18.1,5084.0,30.8,52,44.8,1,12.1
SIMULATED TRAINING DATA — PROTOTYPE ONLY,43245,EMU Local,11,5.8,48.0,2.6,20.5,42.7,0.5,8,5,Warning,6.4,Occupied,0.71,0,0,0,0,0,0,0,0.87,3.5,5,6.2,36.0,73.2,0.0,0.0,0.0,0,59.8,6846.0,27.7,244,44.4,1,12.2
SIMULATED TRAINING DATA — PROTOTYPE ONLY,43249,EMU Local,2,4.3,30.1,2.3,2.05,8.0,1.5,13,5,Critical,12.2,Restricted,0.86,1,1,1,0,15,1,73,0.12,0.0,1,4.2,39.1,55.7,0.0,0.0,0.0,0,36.3,5421.0,6.9,109,9.5,0,25.4
SIMULATED TRAINING DATA — PROTOTYPE ONLY,43209,EMU Local,16,2.4,37.3,1.7,30.749999999999996,57.7,1.0,18,0,Normal,0.3,Clear,0.3,0,0,0,0,0,0,0,0.7,2.9,1,3.5,27.9,78.8,0.0,0.0,0.0,0,22.1,5244.0,9.8,137,13.9,0,3.2
SIMULATED TRAINING DATA — PROTOTYPE ONLY,43227,Fast Local,7,1.0,57.7,2.4,12.299999999999999,23.1,1.0,13,3,Warning,2.5,Occupied,0.94,0,0,0,0,0,0,0,0.34,0.9,1,1.1,29.0,85.3,0.0,0.0,0.0,2,53.9,5023.0,17.5,251,25.2,0,3.8
SIMULATED TRAINING DATA — PROTOTYPE ONLY,43425,EMU Local,13,5.2,56.0,2.3,24.599999999999998,49.5,0.5,19,1,Normal,0.1,Clear,0.41,0,1,1,0,30,1,60,0.45,0.8,1,4.8,33.3,86.4,0.0,0.0,0.0,2,16.3,5105.0,19.4,240,29.3,0,6.3
SIMULATED TRAINING DATA — PROTOTYPE ONLY,43435,EMU Local,5,4.9,46.3,2.6,8.2,19.7,0.5,7,0,Normal,0.2,Clear,0.27,0,0,0,1,0,1,94,0.37,0.1,1,4.3,40.0,74.0,0.0,0.0,0.0,0,19.3,7944.0,15.8,20,19.9,0,4.6
SIMULATED TRAINING DATA — PROTOTYPE ONLY,66069,Fast Local,17,0.7,26.2,2.5,32.8,59.7,2.0,7,3,Warning,5.3,Occupied,0.85,0,0,0,0,0,0,0,0.64,0.1,1,0.2,27.5,51.4,0.0,0.0,0.0,0,47.9,5098.0,23.3,207,30.6,1,9.1
SIMULATED TRAINING DATA — PROTOTYPE ONLY,43223,MEMU,21,9.8,36.3,2.2,41.0,83.6,0.5,11,4,Normal,0.7,Clear,0.14,0,0,0,0,0,0,0,0.44,2.4,2,8.5,23.6,66.5,0.0,0.0,0.0,0,55.6,5372.0,14.9,263,23.0,0,2.4
SIMULATED TRAINING DATA — PROTOTYPE ONLY,43217,EMU Local,12,0.3,43.4,2.4,22.549999999999997,40.9,0.5,9,3,Normal,0.1,Clear,0.12,0,0,0,0,0,0,0,0.35,1.7,2,0.0,32.2,66.0,0.0,0.0,0.0,0,31.5,7055.0,18.8,352,23.1,0,1.4
SIMULATED TRAINING DATA — PROTOTYPE ONLY,43403,MEMU,19,0.2,63.8,2.4,36.9,66.6,0.5,14,2,Normal,0.5,Clear,0.28,0,1,0,1,20,1,63,0.09,0.2,2,0.8,26.1,82.2,0.0,0.0,0.0,0,13.5,7035.0,5.7,215,8.3,0,6.6
SIMULATED TRAINING DATA — PROTOTYPE ONLY,43217,EMU Local,7,0.8,15.3,2.8,12.299999999999999,22.9,1.5,16,4,Warning,4.8,Occupied,0.92,0,0,0,0,0,0,0,0.08,0.0,2,1.7,33.8,76.9,8.6,8.0,1.0,63,88.6,6314.0,16.7,306,26.6,1,7.5
SIMULATED TRAINING DATA — PROTOTYPE ONLY,43221,EMU Local,6,9.6,28.9,3.1,10.25,28.0,0.5,22,5,Normal,0.5,Clear,0.32,0,0,0,0,0,0,0,0.19,1.1,2,9.8,34.6,82.8,3.3,1.6,0.0,61,77.1,8322.0,27.9,334,34.6,1,3.3
SIMULATED TRAINING DATA — PROTOTYPE ONLY,66015,EMU Local,8,2.9,58.9,2.5,14.349999999999998,28.7,1.5,14,5,Normal,0.4,Clear,0.38,0,0,0,0,0,0,0,0.37,1.4,2,7.0,30.6,63.8,0.0,0.0,0.0,0,36.3,5335.0,21.6,344,36.1,1,5.1
SIMULATED TRAINING DATA — PROTOTYPE ONLY,43217,Fast Local,13,6.2,62.4,2.4,24.599999999999998,50.5,0.5,5,1,Critical,6.5,Restricted,0.83,1,0,0,0,0,0,0,0.15,0.0,2,6.6,29.7,74.6,7.5,5.7,3.5,63,82.4,6435.0,28.9,218,38.4,1,13.0
SIMULATED TRAINING DATA — PROTOTYPE ONLY,43221,Fast Local,5,1.0,41.0,2.0,8.2,15.8,0.5,6,1,Normal,0.6,Clear,0.3,0,0,0,0,0,0,0,0.45,0.5,2,0.0,28.7,44.5,0.0,0.0,0.0,0,43.9,8474.0,25.1,152,34.5,1,3.3
SIMULATED TRAINING DATA — PROTOTYPE ONLY,43227,EMU Local,2,2.7,65.1,1.9,2.05,6.4,0.5,18,3,Normal,0.3,Clear,0.44,0,0,0,0,0,0,0,0.65,0.2,2,3.2,31.8,67.1,0.0,0.0,0.0,0,33.6,5529.0,37.4,183,51.6,2,7.9
SIMULATED TRAINING DATA — PROTOTYPE ONLY,43227,EMU Local,9,1.8,31.0,1.7,16.4,31.3,1.0,16,3,Normal,0.9,Clear,0.28,0,0,0,0,0,0,0,0.36,2.6,1,3.2,26.2,54.2,0.0,0.0,0.0,0,49.1,8554.0,13.9,254,18.6,0,2.9
SIMULATED TRAINING DATA — PROTOTYPE ONLY,43435,EMU Local,11,7.0,19.4,1.0,20.5,43.9,0.5,13,0,Warning,5.2,Occupied,0.74,0,0,0,0,0,0,0,0.23,0.6,2,6.7,29.7,92.9,0.0,0.0,0.0,2,10.3,5080.0,8.5,273,12.8,0,5.2
SIMULATED TRAINING DATA — PROTOTYPE ONLY,43249,Fast Local,6,0.1,53.9,1.6,10.25,18.6,0.5,8,6,Normal,0.4,Clear,0.29,0,0,0,0,0,0,0,0.89,1.5,5,0.0,28.6,77.6,0.0,0.0,0.0,0,40.4,8510.0,9.4,355,14.7,0,2.6
SIMULATED TRAINING DATA — PROTOTYPE ONLY,43245,Fast Local,7,1.1,61.4,2.0,12.299999999999999,23.2,0.5,14,6,Normal,1.0,Clear,0.26,0,0,0,0,0,0,0,0.21,0.7,1,0.0,32.6,77.1,0.0,0.0,0.0,0,52.3,8934.0,13.9,347,21.3,0,2.0
SIMULATED TRAINING DATA — PROTOTYPE ONLY,43207,EMU Local,7,0.7,61.2,1.9,12.299999999999999,22.8,0.5,17,0,Normal,0.9,Clear,0.14,0,0,0,0,0,0,0,0.94,4.5,5,0.6,32.9,57.3,0.0,0.0,0.0,0,44.1,8483.0,24.0,141,35.8,1,6.8
SIMULATED TRAINING DATA — PROTOTYPE ONLY,43217,MEMU,19,7.8,29.0,2.4,36.9,74.2,1.0,23,5,Normal,0.4,Clear,0.15,0,0,0,0,0,0,0,0.05,0.2,1,6.6,37.1,70.5,0.0,0.0,0.0,0,38.4,8795.0,30.5,179,41.7,1,1.9
SIMULATED TRAINING DATA — PROTOTYPE ONLY,43403,MEMU,6,2.5,45.0,1.6,10.25,21.0,0.5,18,2,Normal,0.0,Clear,0.17,0,0,0,0,0,0,0,0.76,4.7,4,2.2,27.6,79.9,5.3999999999999995,5.1,2.9,63,78.1,9138.0,6.3,283,8.1,1,5.7
SIMULATED TRAINING DATA — PROTOTYPE ONLY,43501,EMU Local,11,2.1,54.6,1.6,20.5,39.0,0.5,16,6,Normal,0.4,Clear,0.42,0,0,0,0,0,0,0,0.1,0.3,1,1.6,30.1,61.5,0.0,0.0,0.0,0,37.5,7349.0,36.9,206,48.9,2,5.3
SIMULATED TRAINING DATA — PROTOTYPE ONLY,43251,EMU Local,11,2.4,46.5,1.0,20.5,39.3,0.5,6,0,Normal,0.2,Clear,0.21,0,0,0,0,0,0,0,0.52,0.0,2,4.2,35.2,66.5,8.799999999999999,8.1,2.7,63,83.0,6832.0,16.7,252,21.4,1,4.0
SIMULATED TRAINING DATA — PROTOTYPE ONLY,43407,EMU Local,7,14.3,63.7,2.4,12.299999999999999,36.4,0.5,12,5,Critical,13.2,Restricted,0.97,1,0,0,0,0,0,0,0.32,0.2,1,15.3,33.4,85.3,0.0,0.0,0.0,2,52.9,8311.0,32.2,157,41.0,1,17.4
SIMULATED TRAINING DATA — PROTOTYPE ONLY,43247,EMU Local,2,7.6,35.9,1.6,2.05,11.3,1.5,11,3,Normal,0.5,Clear,0.42,0,0,0,0,0,0,0,0.12,0.8,1,6.9,28.9,59.1,0.0,0.0,0.0,0,41.9,7903.0,27.1,260,34.6,1,2.5
SIMULATED TRAINING DATA — PROTOTYPE ONLY,43511,EMU Local,19,4.9,40.9,1.7,36.9,71.3,0.5,18,6,Critical,19.1,Restricted,0.98,1,0,0,0,0,0,0,0.67,0.3,2,4.4,26.2,66.8,0.0,0.0,0.0,0,59.2,8547.0,24.5,195,35.4,1,25.8
SIMULATED TRAINING DATA — PROTOTYPE ONLY,43219,EMU Local,4,1.4,45.5,2.4,6.1499999999999995,12.5,0.5,4,3,Normal,0.6,Clear,0.39,0,1,0,0,30,1,119,0.49,1.7,2,2.5,38.9,62.2,0.0,0.0,0.0,0,15.9,9079.0,7.8,70,12.3,0,5.7
SIMULATED TRAINING DATA — PROTOTYPE ONLY,43239,Fast Local,6,0.7,54.5,1.6,10.25,19.2,0.5,5,0,Normal,0.6,Clear,0.12,0,0,0,0,0,0,0,0.27,0.2,1,0.8,25.1,76.1,5.0,4.0,0.0,61,89.0,5177.0,34.5,166,52.2,2,5.0
SIMULATED TRAINING DATA — PROTOTYPE ONLY,43237,EMU Local,17,10.2,39.1,2.3,32.8,69.2,1.0,12,6,Normal,0.1,Clear,0.33,0,0,0,0,0,0,0,0.72,8.1,5,10.6,26.5,81.3,0.0,0.0,0.0,0,12.2,7978.0,17.5,162,29.7,0,6.1
SIMULATED TRAINING DATA — PROTOTYPE ONLY,43219,EMU Local,5,2.2,55.9,1.4,8.2,17.0,1.0,20,2,Warning,6.2,Occupied,0.95,0,0,0,0,0,0,0,0.66,0.6,1,3.6,32.2,91.3,4.3999999999999995,3.8,0.0,61,86.5,7931.0,34.4,91,49.3,2,11.7
SIMULATED TRAINING DATA — PROTOTYPE ONLY,43247,EMU Local,7,1.3,66.1,2.1,12.299999999999999,23.4,0.5,12,5,Normal,0.5,Clear,0.12,0,0,0,0,0,0,0,0.15,0.2,1,0.4,35.3,76.7,0.0,0.0,0.0,0,48.9,8742.0,11.3,292,14.5,0,0.4
SIMULATED TRAINING DATA — PROTOTYPE ONLY,43251,EMU Local,9,2.5,34.2,1.7,16.4,32.0,1.0,4,3,Critical,15.2,Restricted,0.68,1,0,0,0,0,0,0,0.57,3.0,1,3.6,28.0,87.0,0.0,0.0,0.0,2,50.7,9506.0,36.9,323,46.9,2,26.1
SIMULATED TRAINING DATA — PROTOTYPE ONLY,43247,EMU Local,1,10.0,39.5,1.9,0.0,10.0,1.0,11,5,Normal,0.7,Clear,0.12,0,1,1,0,15,1,23,0.36,1.4,2,9.5,34.2,76.4,0.0,0.0,0.0,0,28.1,6146.0,25.5,313,30.9,1,12.1
SIMULATED TRAINING DATA — PROTOTYPE ONLY,43245,EMU Local,1,2.0,56.5,3.0,0.0,2.0,0.5,8,2,Normal,0.1,Clear,0.33,0,0,1,0,15,1,99,0.69,0.9,2,0.0,27.5,55.6,0.0,0.0,0.0,0,20.7,9480.0,32.6,113,49.0,2,18.2
SIMULATED TRAINING DATA — PROTOTYPE ONLY,43217,EMU Local,19,3.3,70.9,1.1,36.9,69.7,0.5,14,3,Normal,0.1,Clear,0.15,0,0,0,0,0,0,0,0.13,0.5,1,1.9,34.7,72.5,2.6,1.7,0.0,61,94.8,8767.0,21.6,266,26.3,0,0.0
SIMULATED TRAINING DATA — PROTOTYPE ONLY,43407,EMU Local,6,6.5,51.5,3.0,10.25,25.0,1.0,9,5,Normal,0.4,Clear,0.29,0,0,0,0,0,0,0,0.72,9.8,5,5.4,34.8,72.7,0.0,0.0,0.0,0,55.4,6222.0,24.7,259,40.9,1,7.8
SIMULATED TRAINING DATA — PROTOTYPE ONLY,43245,EMU Local,18,2.2,30.2,1.5,34.849999999999994,64.9,1.0,20,2,Normal,0.3,Clear,0.39,0,0,0,0,0,0,0,0.73,0.4,5,3.8,28.0,84.8,0.0,0.0,0.0,0,36.1,8299.0,15.5,323,24.7,0,2.1
SIMULATED TRAINING DATA — PROTOTYPE ONLY,43247,EMU Local,10,1.1,45.0,2.6,18.45,34.3,2.0,21,2,Normal,0.2,Clear,0.17,0,0,0,0,0,0,0,0.11,0.1,1,0.9,35.0,70.9,0.0,0.0,0.0,0,19.5,8368.0,29.5,89,49.0,2,5.2
SIMULATED TRAINING DATA — PROTOTYPE ONLY,43215,MEMU,11,20.8,56.4,2.7,20.5,57.7,0.5,21,2,Normal,0.3,Clear,0.4,0,0,1,0,30,1,20,0.42,0.9,1,20.4,27.6,67.5,0.0,0.0,0.0,0,14.0,6635.0,34.8,72,50.9,2,9.9
SIMULATED TRAINING DATA — PROTOTYPE ONLY,43207,EMU Local,1,12.5,29.8,2.4,0.0,12.5,1.0,8,0,Normal,0.0,Clear,0.12,0,1,0,0,15,1,24,0.58,0.8,1,14.3,21.6,61.8,3.7,1.3,0.0,61,98.5,6888.0,28.7,76,43.9,1,12.1
SIMULATED TRAINING DATA — PROTOTYPE ONLY,43219,EMU Local,1,7.4,25.8,1.4,0.0,7.4,0.5,8,1,Normal,0.0,Clear,0.16,0,0,0,0,0,0,0,0.67,0.9,1,6.5,30.9,68.9,0.0,0.0,0.0,0,16.8,5437.0,20.5,179,25.7,0,2.2
SIMULATED TRAINING DATA — PROTOTYPE ONLY,66069,MEMU,13,4.7,36.8,2.3,24.599999999999998,49.0,1.5,22,5,Normal,0.0,Clear,0.21,0,1,0,0,30,1,102,0.26,0.5,2,4.2,33.0,70.9,5.9,4.3,0.0,61,85.0,7631.0,32.6,78,39.8,1,6.1
SIMULATED TRAINING DATA — PROTOTYPE ONLY,43501,EMU Local,5,1.4,51.9,3.6,8.2,16.2,1.0,16,2,Normal,0.4,Clear,0.42,0,0,0,0,0,0,0,0.66,3.6,1,1.4,34.5,79.2,0.0,0.0,0.0,0,16.8,9895.0,21.5,154,35.8,1,7.5
SIMULATED TRAINING DATA — PROTOTYPE ONLY,43213,EMU Local,20,9.8,21.5,2.1,38.949999999999996,79.9,1.0,10,5,Normal,1.0,Clear,0.44,0,0,0,0,0,0,0,0.69,1.1,1,9.7,35.8,62.2,0.0,0.0,0.0,0,37.1,5285.0,19.5,264,24.6,0,3.9
SIMULATED TRAINING DATA — PROTOTYPE ONLY,43219,MEMU,1,1.3,31.6,2.0,0.0,1.3,0.5,17,2,Normal,0.2,Clear,0.19,0,1,0,0,20,1,72,0.44,0.5,1,1.7,27.3,98.0,0.0,0.0,0.0,2,13.3,8050.0,26.9,17,34.1,1,12.0
SIMULATED TRAINING DATA — PROTOTYPE ONLY,43409,EMU Local,20,6.5,46.1,2.0,38.949999999999996,76.6,0.5,11,5,Warning,7.0,Occupied,0.95,0,0,0,1,0,1,29,0.16,0.4,1,7.2,31.5,61.1,0.0,0.0,0.0,0,13.1,5099.0,12.6,223,19.5,0,10.2
SIMULATED TRAINING DATA — PROTOTYPE ONLY,66069,EMU Local,3,10.0,58.4,2.4,4.1,17.4,1.0,6,3,Normal,0.6,Clear,0.44,0,0,0,0,0,0,0,0.05,0.4,1,9.0,29.7,56.7,6.9,5.8,3.6,63,95.9,5222.0,20.7,165,29.5,1,0.3
SIMULATED TRAINING DATA — PROTOTYPE ONLY,43201,MEMU,18,3.7,46.4,2.0,34.849999999999994,66.4,0.5,7,5,Critical,9.1,Restricted,0.85,1,0,0,0,0,0,0,0.43,1.8,2,1.5,31.4,78.1,0.0,0.0,0.0,0,14.2,7921.0,6.3,293,10.1,0,14.2
SIMULATED TRAINING DATA — PROTOTYPE ONLY,43227,MEMU,9,6.5,47.6,2.3,16.4,36.0,0.5,13,6,Normal,0.1,Clear,0.16,0,0,0,0,0,0,0,0.33,0.5,2,7.0,40.7,56.7,7.3999999999999995,5.1,3.9,63,91.9,8506.0,37.5,168,51.7,2,6.4
SIMULATED TRAINING DATA — PROTOTYPE ONLY,43435,Fast Local,14,6.3,57.1,1.9,26.65,54.3,0.5,7,1,Normal,0.2,Clear,0.32,0,0,0,0,0,0,0,0.22,2.8,2,4.1,30.7,72.3,0.0,0.0,0.0,0,38.9,8056.0,36.7,9,47.8,2,3.0
SIMULATED TRAINING DATA — PROTOTYPE ONLY,43217,EMU Local,17,0.9,66.0,1.5,32.8,59.9,0.5,21,3,Normal,0.1,Clear,0.45,0,0,0,1,0,1,42,0.15,0.6,1,1.3,27.6,63.7,0.0,0.0,0.0,0,24.7,7510.0,37.5,134,55.3,2,8.6
SIMULATED TRAINING DATA — PROTOTYPE ONLY,66069,EMU Local,14,4.4,64.3,3.5,26.65,52.4,1.0,15,3,Normal,0.1,Clear,0.13,0,0,0,0,0,0,0,0.59,0.3,1,5.3,30.5,79.8,0.0,0.0,0.0,0,23.6,8848.0,34.0,78,53.3,2,5.8
SIMULATED TRAINING DATA — PROTOTYPE ONLY,43247,EMU Local,4,0.4,11.4,2.0,6.1499999999999995,11.5,0.5,23,2,Normal,0.5,Clear,0.13,0,1,0,0,20,1,101,0.43,1.8,1,1.8,34.9,73.9,1.9,0.6,0.0,61,76.8,5852.0,34.7,138,44.8,1,10.2
SIMULATED TRAINING DATA — PROTOTYPE ONLY,43503,EMU Local,5,2.8,43.5,4.0,8.2,17.6,0.5,23,4,Normal,1.7,Clear,0.21,0,0,1,0,30,1,87,0.18,1.5,1,2.6,33.4,85.7,0.0,0.0,0.0,2,53.1,9635.0,7.8,191,13.0,0,7.6
SIMULATED TRAINING DATA — PROTOTYPE ONLY,43219,EMU Local,21,0.7,55.7,2.4,41.0,74.5,0.5,18,6,Normal,0.6,Clear,0.36,0,0,0,0,0,0,0,0.81,1.8,4,3.1,35.7,77.1,0.0,0.0,0.0,0,36.1,8572.0,12.0,42,15.6,0,2.2
SIMULATED TRAINING DATA — PROTOTYPE ONLY,43249,EMU Local,17,2.2,67.5,2.5,32.8,61.2,1.0,16,1,Normal,2.1,Clear,0.17,0,0,0,0,0,0,0,0.2,0.9,1,0.5,38.9,72.6,0.0,0.0,0.0,0,48.2,8888.0,27.0,338,45.3,2,8.0
SIMULATED TRAINING DATA — PROTOTYPE ONLY,43401,Fast Local,2,7.2,51.6,1.9,2.05,10.9,1.5,15,3,Warning,6.2,Occupied,0.68,0,1,0,0,15,1,33,0.28,0.2,1,8.9,38.7,74.5,0.0,0.0,0.0,0,56.8,5234.0,11.7,159,14.9,0,14.0
SIMULATED TRAINING DATA — PROTOTYPE ONLY,43501,EMU Local,5,17.4,29.1,1.7,8.2,32.2,0.5,11,4,Normal,1.1,Clear,0.4,0,0,0,0,0,0,0,0.39,0.2,1,16.5,28.3,60.4,0.9,0.1,0.0,0,78.9,7859.0,6.6,71,8.3,0,2.4
SIMULATED TRAINING DATA — PROTOTYPE ONLY,43207,EMU Local,4,1.5,31.1,1.9,6.1499999999999995,12.6,1.0,12,4,Normal,0.1,Clear,0.32,0,0,0,0,0,0,0,0.07,0.2,2,1.5,34.5,63.6,0.0,0.0,0.0,0,31.1,7539.0,18.5,50,23.9,0,0.8
SIMULATED TRAINING DATA — PROTOTYPE ONLY,43245,EMU Local,4,3.0,31.5,1.6,6.1499999999999995,14.1,0.5,23,3,Critical,19.9,Restricted,0.62,1,1,1,0,15,1,28,0.29,0.5,2,3.2,24.5,74.6,2.0,1.8,0.0,61,99.1,9250.0,35.6,129,49.3,2,38.8
SIMULATED TRAINING DATA — PROTOTYPE ONLY,43511,EMU Local,6,2.9,46.6,1.5,10.25,21.3,1.0,12,2,Normal,0.6,Clear,0.5,0,0,0,0,0,0,0,0.3,0.6,1,4.5,35.9,79.1,0.0,0.0,0.0,0,44.6,8962.0,37.9,173,54.7,2,7.2
SIMULATED TRAINING DATA — PROTOTYPE ONLY,43403,EMU Local,20,12.4,34.8,3.2,38.949999999999996,82.5,1.0,20,0,Normal,0.2,Clear,0.3,0,0,0,0,0,0,0,0.85,1.1,4,11.1,25.3,68.1,0.0,0.0,0.0,0,52.6,6627.0,21.1,254,31.9,1,2.8
SIMULATED TRAINING DATA — PROTOTYPE ONLY,43203,EMU Local,21,2.6,0.0,2.6,41.0,76.4,0.5,4,3,Warning,2.0,Occupied,0.67,0,0,0,0,0,0,0,0.25,0.5,2,5.2,25.3,69.4,2.7,2.2,0.0,61,87.1,5715.0,25.1,203,34.0,1,3.6
SIMULATED TRAINING DATA — PROTOTYPE ONLY,43251,EMU Local,13,4.8,24.3,3.0,24.599999999999998,49.1,0.5,9,2,Normal,0.6,Clear,0.5,0,0,0,0,0,0,0,0.82,0.3,4,2.2,30.7,67.3,0.0,0.0,0.0,0,42.3,6347.0,16.4,317,23.7,0,3.0
SIMULATED TRAINING DATA — PROTOTYPE ONLY,43505,EMU Local,5,10.2,35.3,2.8,8.2,25.0,1.0,10,1,Normal,0.2,Clear,0.45,0,0,0,0,0,0,0,0.76,0.3,3,10.1,35.2,76.5,0.0,0.0,0.0,0,13.4,9490.0,14.3,265,18.2,0,4.1
SIMULATED TRAINING DATA — PROTOTYPE ONLY,43505,Fast Local,7,1.9,21.6,1.7,12.299999999999999,24.0,1.5,12,2,Normal,0.4,Clear,0.28,0,1,0,0,15,1,106,0.57,1.2,2,2.6,27.7,72.0,0.0,0.0,0.0,0,57.1,6925.0,35.7,11,53.9,2,12.7
SIMULATED TRAINING DATA — PROTOTYPE ONLY,43219,Fast Local,20,9.3,23.8,1.2,38.949999999999996,79.4,1.5,13,4,Normal,0.2,Clear,0.27,0,0,0,0,0,0,0,0.21,0.4,1,10.5,29.4,79.4,0.0,0.0,0.0,0,30.7,9648.0,28.7,123,48.1,2,4.9
SIMULATED TRAINING DATA — PROTOTYPE ONLY,43213,EMU Local,1,10.0,72.8,1.8,0.0,10.0,1.0,7,6,Normal,0.8,Clear,0.14,0,0,0,0,0,0,0,0.15,1.1,2,8.3,28.2,64.6,0.0,0.0,0.0,0,19.3,6936.0,12.3,177,17.1,0,0.0
SIMULATED TRAINING DATA — PROTOTYPE ONLY,43201,EMU Local,14,10.7,41.9,2.2,26.65,58.7,0.5,19,6,Normal,0.2,Clear,0.47,0,0,0,0,0,0,0,0.77,1.1,5,8.3,32.1,71.3,25.6,24.3,3.0,65,70.9,1767.0,13.2,291,19.6,2,7.0
SIMULATED TRAINING DATA — PROTOTYPE ONLY,43435,Fast Local,4,1.3,36.2,2.8,6.1499999999999995,12.4,0.5,15,1,Normal,0.4,Clear,0.44,0,0,0,0,0,0,0,0.44,1.7,2,2.9,35.2,90.1,0.0,0.0,0.0,2,14.5,6456.0,28.7,44,45.6,2,8.5
SIMULATED TRAINING DATA — PROTOTYPE ONLY,43501,Fast Local,17,2.0,52.0,2.1,32.8,61.0,1.0,12,6,Normal,0.0,Clear,0.22,0,0,1,0,15,1,17,0.14,0.2,2,2.3,31.6,96.4,0.0,0.0,0.0,2,42.9,7095.0,18.1,173,29.3,0,8.6
SIMULATED TRAINING DATA — PROTOTYPE ONLY,43511,EMU Local,21,8.2,59.2,3.9,41.0,82.0,0.5,6,1,Warning,4.3,Occupied,0.87,0,1,0,0,30,1,90,0.08,0.1,1,5.9,29.0,69.2,0.0,0.0,0.0,0,53.9,6575.0,21.3,80,30.6,1,11.9
SIMULATED TRAINING DATA — PROTOTYPE ONLY,43511,MEMU,14,1.8,75.0,1.8,26.65,49.8,1.0,12,0,Warning,2.5,Occupied,0.94,0,1,0,0,30,1,50,0.51,2.2,2,1.2,37.6,87.8,0.8,0.5,0.0,2,81.5,9952.0,31.7,163,52.6,2,14.1
SIMULATED TRAINING DATA — PROTOTYPE ONLY,43435,EMU Local,16,3.7,67.6,2.5,30.749999999999996,59.0,0.5,20,0,Warning,5.4,Occupied,0.83,0,0,0,1,0,1,25,0.81,2.3,5,2.8,35.6,87.2,1.8,1.5,0.0,61,72.0,7130.0,27.7,169,42.4,1,14.0
SIMULATED TRAINING DATA — PROTOTYPE ONLY,43251,MEMU,14,0.5,48.5,1.7,26.65,48.5,0.5,17,3,Warning,6.5,Occupied,0.64,0,0,0,0,0,0,0,0.82,1.3,4,1.9,28.4,81.8,0.0,0.0,0.0,0,22.9,9051.0,36.2,351,50.1,2,16.6
SIMULATED TRAINING DATA — PROTOTYPE ONLY,66069,Fast Local,16,0.2,19.0,2.3,30.749999999999996,55.6,0.5,8,6,Normal,0.2,Clear,0.2,0,0,1,0,30,1,20,0.56,1.3,1,0.0,27.9,50.7,3.0,2.0,0.0,61,76.9,5789.0,32.4,87,50.2,2,13.2
SIMULATED TRAINING DATA — PROTOTYPE ONLY,43403,EMU Local,20,2.1,27.0,2.0,38.949999999999996,72.2,1.5,4,2,Warning,5.5,Occupied,0.92,0,1,0,0,15,1,90,0.27,1.8,1,1.9,29.9,55.0,0.0,0.0,0.0,0,42.5,5490.0,13.7,340,22.3,0,14.2
SIMULATED TRAINING DATA — PROTOTYPE ONLY,43245,Fast Local,8,3.5,36.0,2.0,14.349999999999998,29.3,0.5,4,3,Normal,0.4,Clear,0.16,0,0,0,0,0,0,0,0.12,0.6,2,3.2,35.4,65.9,5.8999999999999995,5.8,2.3,63,87.8,9487.0,23.3,351,35.8,1,2.6
SIMULATED TRAINING DATA — PROTOTYPE ONLY,43207,EMU Local,3,2.0,49.6,1.7,4.1,9.4,1.0,6,0,Normal,0.2,Clear,0.37,0,0,0,0,0,0,0,0.44,4.2,2,4.0,21.1,66.0,3.4,2.5,0.0,61,75.0,6986.0,13.7,53,21.3,0,2.6
SIMULATED TRAINING DATA — PROTOTYPE ONLY,43501,Fast Local,19,3.4,43.4,2.2,36.9,69.8,1.0,12,4,Normal,0.6,Clear,0.23,0,0,0,0,0,0,0,0.24,1.8,1,4.5,36.7,61.0,9.1,8.0,1.8,63,76.3,8585.0,15.3,14,21.6,1,3.8
SIMULATED TRAINING DATA — PROTOTYPE ONLY,43423,EMU Local,1,2.9,19.9,2.6,0.0,2.9,1.5,9,0,Normal,1.1,Clear,0.11,0,1,0,0,30,1,91,0.76,2.9,4,3.7,30.1,78.7,0.0,0.0,0.0,0,52.2,7110.0,29.6,158,49.0,2,11.7
SIMULATED TRAINING DATA — PROTOTYPE ONLY,43511,MEMU,2,4.6,17.2,1.5,2.05,8.3,0.5,12,2,Warning,4.1,Occupied,0.91,0,0,0,0,0,0,0,0.51,0.4,2,4.8,26.6,79.3,14.6,14.5,3.4,63,99.9,9062.0,17.7,18,23.0,1,8.0
SIMULATED TRAINING DATA — PROTOTYPE ONLY,43203,EMU Local,15,4.2,45.9,2.1,28.699999999999996,55.9,1.0,7,4,Normal,0.3,Clear,0.36,0,0,1,0,20,1,23,0.2,0.3,1,4.4,32.1,93.5,0.0,0.0,0.0,2,17.5,8065.0,20.8,201,33.6,1,9.1
SIMULATED TRAINING DATA — PROTOTYPE ONLY,43237,EMU Local,10,2.2,43.8,2.4,18.45,35.4,2.0,23,6,Normal,0.5,Clear,0.2,0,0,0,0,0,0,0,0.34,1.0,2,1.1,32.6,64.7,0.0,0.0,0.0,0,29.2,8623.0,27.1,72,41.0,1,3.9
SIMULATED TRAINING DATA — PROTOTYPE ONLY,43511,EMU Local,18,2.2,38.9,2.5,34.849999999999994,64.9,0.5,22,3,Normal,0.4,Clear,0.35,0,0,0,0,0,0,0,0.48,0.1,1,3.2,35.0,64.2,0.0,0.0,0.0,0,19.5,8813.0,18.6,115,25.2,0,1.8
SIMULATED TRAINING DATA — PROTOTYPE ONLY,43239,Fast Local,14,0.6,49.2,3.2,26.65,48.6,1.0,8,3,Normal,0.0,Clear,0.27,0,0,0,0,0,0,0,0.78,3.1,3,0.1,36.1,74.2,0.0,0.0,0.0,0,24.3,5870.0,19.3,61,27.1,0,2.9
SIMULATED TRAINING DATA — PROTOTYPE ONLY,43249,MEMU,17,2.9,60.7,2.4,32.8,61.9,0.5,8,0,Warning,4.2,Occupied,0.81,0,0,0,0,0,0,0,0.42,5.8,1,1.4,32.9,56.5,0.0,0.0,0.0,0,45.5,6773.0,16.4,224,25.0,0,7.0
SIMULATED TRAINING DATA — PROTOTYPE ONLY,43245,Fast Local,13,3.5,46.7,1.9,24.599999999999998,47.8,0.5,17,0,Critical,8.4,Restricted,0.93,1,0,0,0,0,0,0,0.83,5.1,4,3.3,33.5,94.4,0.0,0.0,0.0,2,38.0,6582.0,20.0,303,28.4,0,17.0
SIMULATED TRAINING DATA — PROTOTYPE ONLY,43207,Fast Local,1,2.6,27.9,1.8,0.0,2.6,0.5,13,6,Normal,0.4,Clear,0.22,0,0,0,1,0,1,67,0.38,1.5,1,2.6,31.8,67.7,0.0,0.0,0.0,0,29.9,8077.0,31.0,177,43.4,1,8.1
SIMULATED TRAINING DATA — PROTOTYPE ONLY,43227,EMU Local,5,1.6,70.7,1.8,8.2,16.4,1.0,19,5,Normal,0.5,Clear,0.16,0,0,0,0,0,0,0,0.47,1.9,2,3.2,34.2,71.0,0.0,0.0,0.0,0,42.3,5255.0,24.6,350,31.7,1,4.3
SIMULATED TRAINING DATA — PROTOTYPE ONLY,43423,EMU Local,13,5.1,39.4,1.7,24.599999999999998,49.4,1.0,9,3,Normal,0.1,Clear,0.24,0,1,0,0,15,1,24,0.73,5.8,3,6.1,29.1,73.6,0.0,0.0,0.0,0,10.0,5799.0,7.2,151,12.0,0,11.5
SIMULATED TRAINING DATA — PROTOTYPE ONLY,43409,EMU Local,14,0.3,42.7,2.2,26.65,48.3,0.5,23,6,Warning,6.7,Occupied,1.0,0,1,0,0,20,1,63,0.21,0.3,1,0.0,29.9,70.2,0.0,0.0,0.0,0,53.9,5012.0,8.3,321,12.7,0,11.9
SIMULATED TRAINING DATA — PROTOTYPE ONLY,43205,EMU Local,3,9.8,32.2,2.4,4.1,17.2,1.0,17,3,Normal,0.2,Clear,0.4,0,0,0,0,0,0,0,0.19,0.4,1,11.0,25.2,68.7,0.0,0.0,0.0,0,29.7,6946.0,5.4,261,9.0,0,0.0
SIMULATED TRAINING DATA — PROTOTYPE ONLY,43203,EMU Local,15,0.1,25.9,2.6,28.699999999999996,51.8,0.5,21,1,Critical,13.0,Restricted,0.93,1,0,0,0,0,0,0,0.4,1.5,1,0.0,38.1,98.0,10.5,9.6,1.3,63,74.1,7195.0,11.7,288,16.5,1,21.0
SIMULATED TRAINING DATA — PROTOTYPE ONLY,43219,EMU Local,19,13.1,27.1,2.5,36.9,79.5,1.0,12,2,Normal,0.1,Clear,0.37,0,0,0,0,0,0,0,0.27,0.8,1,13.6,29.0,73.0,0.0,0.0,0.0,0,15.9,5898.0,12.4,249,20.7,0,0.3
SIMULATED TRAINING DATA — PROTOTYPE ONLY,43501,EMU Local,17,2.5,23.8,2.8,32.8,61.5,2.0,10,1,Warning,5.7,Occupied,0.8,0,0,0,0,0,0,0,0.71,4.6,5,1.7,35.8,77.8,0.0,0.0,0.0,0,47.9,5857.0,7.4,183,10.7,0,10.7
SIMULATED TRAINING DATA — PROTOTYPE ONLY,43435,EMU Local,3,2.1,0.0,1.7,4.1,9.5,0.5,21,1,Normal,0.8,Clear,0.19,0,0,0,0,0,0,0,0.29,0.5,1,0.4,36.5,66.1,0.0,0.0,0.0,0,59.8,7140.0,27.8,50,43.9,1,3.6
SIMULATED TRAINING DATA — PROTOTYPE ONLY,43409,EMU Local,16,1.2,39.7,3.1,30.749999999999996,56.6,1.0,13,3,Normal,0.9,Clear,0.31,0,0,0,0,0,0,0,0.37,0.7,1,0.0,25.3,79.4,0.0,0.0,0.0,0,48.3,6245.0,28.1,322,39.0,1,4.0
SIMULATED TRAINING DATA — PROTOTYPE ONLY,43207,EMU Local,14,0.0,58.5,1.7,26.65,48.0,1.0,5,5,Normal,0.5,Clear,0.22,0,0,0,0,0,0,0,0.45,0.5,2,1.8,32.0,72.4,0.0,0.0,0.0,0,17.0,5371.0,22.5,160,37.1,1,2.8
SIMULATED TRAINING DATA — PROTOTYPE ONLY,43201,Fast Local,12,1.3,27.2,2.3,22.549999999999997,41.9,1.0,16,6,Warning,4.5,Occupied,0.73,0,0,0,0,0,0,0,0.29,1.0,1,1.8,34.1,75.0,11.1,6.0,2.5,63,88.7,9610.0,26.3,3,38.5,1,7.7
SIMULATED TRAINING DATA — PROTOTYPE ONLY,43203,MEMU,12,0.5,75.0,2.0,22.549999999999997,41.1,0.5,9,6,Warning,4.0,Occupied,0.87,0,0,0,0,0,0,0,0.96,1.7,5,1.0,29.3,77.7,0.0,0.0,0.0,0,39.2,9327.0,34.4,165,44.7,1,10.3
SIMULATED TRAINING DATA — PROTOTYPE ONLY,43251,Fast Local,11,4.3,62.8,2.1,20.5,41.2,0.5,12,2,Normal,0.7,Clear,0.16,0,0,0,0,0,0,0,0.34,0.9,2,5.5,26.0,82.6,0.0,0.0,0.0,0,53.3,5263.0,12.7,262,18.0,0,2.4
SIMULATED TRAINING DATA — PROTOTYPE ONLY,43237,EMU Local,17,1.5,41.7,2.5,32.8,60.5,1.0,23,3,Normal,0.6,Clear,0.33,0,0,0,0,0,0,0,0.57,0.1,1,1.2,37.4,80.4,0.0,0.0,0.0,0,31.1,6026.0,20.0,40,26.5,0,1.4
SIMULATED TRAINING DATA — PROTOTYPE ONLY,43213,EMU Local,8,5.8,25.3,1.2,14.349999999999998,31.6,0.5,11,1,Critical,13.0,Restricted,0.74,1,1,0,0,30,1,104,0.18,0.8,1,7.5,34.1,71.7,5.6,4.6,0.0,61,86.5,8533.0,18.5,71,29.0,1,23.6
SIMULATED TRAINING DATA — PROTOTYPE ONLY,43251,MEMU,17,0.9,18.0,1.6,32.8,59.9,0.5,13,1,Critical,8.7,Restricted,0.96,1,0,0,1,0,1,65,0.23,0.6,1,0.6,31.7,72.1,22.099999999999998,21.9,1.5,65,78.2,3051.0,32.1,138,39.4,2,20.5
SIMULATED TRAINING DATA — PROTOTYPE ONLY,43237,EMU Local,21,9.2,40.3,2.5,41.0,83.0,1.0,19,6,Normal,0.6,Clear,0.25,0,0,0,0,0,0,0,0.71,3.4,3,5.4,27.3,58.7,6.1,4.8,0.0,61,76.0,9595.0,15.1,118,19.7,1,6.6
SIMULATED TRAINING DATA — PROTOTYPE ONLY,43213,EMU Local,20,3.0,43.0,2.1,38.949999999999996,73.1,0.5,18,6,Normal,1.4,Clear,0.15,0,0,1,0,15,1,25,0.68,0.7,2,4.9,27.4,69.9,11.799999999999999,10.6,1.4,63,76.6,5075.0,17.3,4,23.2,1,13.8
SIMULATED TRAINING DATA — PROTOTYPE ONLY,43209,EMU Local,11,0.5,38.9,1.9,20.5,37.4,1.0,16,3,Normal,0.7,Clear,0.36,0,1,0,0,20,1,17,0.05,0.3,2,0.0,32.2,73.3,0.0,0.0,0.0,0,49.1,7686.0,11.3,75,18.8,0,7.5
SIMULATED TRAINING DATA — PROTOTYPE ONLY,43215,EMU Local,2,2.0,58.0,1.4,2.05,5.7,0.5,21,0,Warning,2.1,Occupied,0.89,0,0,1,0,20,1,75,0.17,1.2,1,1.7,29.6,83.0,0.0,0.0,0.0,0,23.9,7008.0,6.0,158,8.1,0,7.0
SIMULATED TRAINING DATA — PROTOTYPE ONLY,43401,EMU Local,10,0.9,64.5,2.0,18.45,34.1,1.0,9,0,Normal,0.4,Clear,0.37,0,1,0,0,30,1,108,0.82,1.6,4,1.8,32.4,43.6,0.0,0.0,0.0,0,38.5,7385.0,34.4,339,48.3,2,11.6
SIMULATED TRAINING DATA — PROTOTYPE ONLY,43221,EMU Local,10,0.9,49.1,2.5,18.45,34.1,2.0,23,3,Normal,0.2,Clear,0.32,0,1,0,0,20,1,96,0.62,0.2,1,0.0,33.0,75.7,5.0,3.4,0.0,61,91.8,8624.0,31.6,142,53.6,2,14.7
SIMULATED TRAINING DATA — PROTOTYPE ONLY,43205,EMU Local,11,2.8,49.9,1.8,20.5,39.7,2.0,12,4,Normal,0.6,Clear,0.4,0,0,0,0,0,0,0,0.59,1.5,1,2.6,29.7,62.7,0.0,0.0,0.0,0,27.5,5138.0,31.3,320,51.4,2,9.0
SIMULATED TRAINING DATA — PROTOTYPE ONLY,43227,EMU Local,6,4.5,37.3,2.9,10.25,23.0,0.5,21,4,Normal,0.6,Clear,0.11,0,0,0,0,0,0,0,0.19,0.7,2,4.3,38.3,81.3,0.0,0.0,0.0,0,31.6,8110.0,13.6,289,22.0,0,0.7
SIMULATED TRAINING DATA — PROTOTYPE ONLY,43223,EMU Local,4,9.7,41.9,2.7,6.1499999999999995,20.8,1.5,10,0,Normal,0.6,Clear,0.48,0,0,0,0,0,0,0,0.94,3.0,5,10.8,28.5,87.9,0.0,0.0,0.0,2,17.2,9179.0,9.5,86,12.1,0,3.7
SIMULATED TRAINING DATA — PROTOTYPE ONLY,43213,MEMU,12,2.8,48.2,1.9,22.549999999999997,43.4,0.5,8,2,Normal,1.5,Clear,0.19,0,1,0,0,15,1,94,0.43,3.4,1,3.4,27.7,71.4,0.0,0.0,0.0,0,31.0,8523.0,24.8,89,33.0,1,14.3
SIMULATED TRAINING DATA — PROTOTYPE ONLY,43249,EMU Local,11,13.5,37.2,1.7,20.5,50.4,0.5,14,5,Normal,0.2,Clear,0.15,0,0,0,0,0,0,0,0.24,2.1,2,11.9,33.2,89.2,0.0,0.0,0.0,2,51.3,6838.0,20.6,81,25.5,0,1.5
SIMULATED TRAINING DATA — PROTOTYPE ONLY,43511,EMU Local,13,11.4,51.9,1.0,24.599999999999998,55.7,1.0,16,1,Warning,6.9,Occupied,0.71,0,0,1,0,20,1,55,0.11,0.4,1,10.6,33.4,82.4,0.0,0.0,0.0,0,54.0,5925.0,13.1,186,19.9,0,11.2
SIMULATED TRAINING DATA — PROTOTYPE ONLY,43215,Fast Local,5,8.0,26.2,1.5,8.2,22.8,2.0,6,6,Critical,10.4,Restricted,0.63,1,0,0,0,0,0,0,0.53,1.9,2,6.7,27.5,73.7,0.0,0.0,0.0,0,41.7,8573.0,30.6,294,46.9,2,20.0
SIMULATED TRAINING DATA — PROTOTYPE ONLY,66069,EMU Local,6,2.8,31.0,1.4,10.25,21.2,2.0,4,2,Normal,0.1,Clear,0.41,0,0,0,1,0,1,19,0.05,0.0,2,0.6,30.1,52.8,0.0,0.0,0.0,0,33.4,6812.0,9.9,86,16.8,0,3.0
SIMULATED TRAINING DATA — PROTOTYPE ONLY,43403,EMU Local,1,0.6,26.3,1.2,0.0,0.6,0.5,7,6,Normal,0.6,Clear,0.14,0,1,0,0,15,1,83,0.17,0.3,2,0.0,25.3,76.6,0.0,0.0,0.0,0,20.3,8998.0,32.1,69,46.7,2,12.5
SIMULATED TRAINING DATA — PROTOTYPE ONLY,43505,EMU Local,6,1.0,32.0,2.1,10.25,19.4,1.0,22,0,Normal,1.0,Clear,0.42,0,1,0,0,15,1,38,0.36,0.5,2,2.8,29.2,62.1,0.0,0.0,0.0,0,32.8,5133.0,35.9,43,46.1,2,13.3
SIMULATED TRAINING DATA — PROTOTYPE ONLY,43403,EMU Local,18,4.2,37.7,2.3,34.849999999999994,66.9,1.0,21,3,Warning,6.0,Occupied,0.98,0,1,0,0,30,1,92,0.8,1.2,4,4.7,34.7,37.7,0.0,0.0,0.0,0,50.3,5057.0,29.5,273,36.5,1,14.8
SIMULATED TRAINING DATA — PROTOTYPE ONLY,43501,EMU Local,9,2.2,57.4,3.2,16.4,31.7,0.5,9,4,Warning,4.6,Occupied,0.86,0,0,0,0,0,0,0,0.73,3.3,4,2.7,26.3,58.8,9.4,8.1,1.5,63,77.8,7460.0,27.2,211,34.6,1,10.6
SIMULATED TRAINING DATA — PROTOTYPE ONLY,43511,MEMU,15,0.6,42.6,2.1,28.699999999999996,52.3,1.0,13,0,Normal,0.2,Clear,0.49,0,0,0,0,0,0,0,0.57,1.3,1,0.0,27.1,88.2,0.0,0.0,0.0,2,50.1,5583.0,16.6,299,23.4,0,1.9
SIMULATED TRAINING DATA — PROTOTYPE ONLY,43223,EMU Local,8,2.6,22.7,1.0,14.349999999999998,28.4,0.5,10,2,Warning,4.2,Occupied,0.67,0,0,0,1,0,1,103,0.62,1.5,1,0.3,28.2,73.6,0.0,0.0,0.0,0,10.2,9126.0,10.6,231,16.2,0,8.3
SIMULATED TRAINING DATA — PROTOTYPE ONLY,43219,EMU Local,19,0.1,21.0,1.7,36.9,66.5,0.5,15,2,Normal,0.0,Clear,0.3,0,0,0,0,0,0,0,0.05,0.0,1,0.8,36.1,86.7,0.0,0.0,0.0,2,27.4,5417.0,12.3,144,17.2,0,0.0
SIMULATED TRAINING DATA — PROTOTYPE ONLY,43215,EMU Local,16,5.3,35.8,2.5,30.749999999999996,60.6,1.0,11,5,Normal,0.5,Clear,0.4,0,0,0,0,0,0,0,0.43,0.3,2,6.5,35.5,90.9,0.0,0.0,0.0,2,59.5,9737.0,16.5,310,25.1,0,1.3
SIMULATED TRAINING DATA — PROTOTYPE ONLY,43245,EMU Local,6,0.3,54.5,2.1,10.25,18.8,0.5,16,6,Normal,0.6,Clear,0.27,0,0,0,0,0,0,0,0.06,0.1,2,0.5,23.1,75.3,0.0,0.0,0.0,0,55.6,6409.0,20.1,35,26.8,0,0.6
SIMULATED TRAINING DATA — PROTOTYPE ONLY,43219,EMU Local,6,4.0,63.0,2.6,10.25,22.4,0.5,21,0,Warning,2.1,Occupied,0.64,0,0,0,0,0,0,0,0.14,0.0,1,4.9,24.4,65.1,16.2,12.9,2.2,63,72.2,9376.0,35.0,176,44.0,1,4.8
SIMULATED TRAINING DATA — PROTOTYPE ONLY,43401,EMU Local,3,6.3,18.1,1.8,4.1,13.7,0.5,17,1,Normal,0.6,Clear,0.14,0,0,0,0,0,0,0,0.67,0.4,2,5.9,31.9,59.3,15.9,15.0,4.0,63,99.2,6377.0,19.3,55,25.6,1,4.6
SIMULATED TRAINING DATA — PROTOTYPE ONLY,43245,EMU Local,10,0.6,47.6,2.8,18.45,33.8,1.0,14,2,Critical,14.9,Restricted,0.95,1,0,0,0,0,0,0,0.29,1.7,2,0.7,25.1,71.2,0.0,0.0,0.0,0,45.4,7043.0,35.0,315,46.3,2,23.8
SIMULATED TRAINING DATA — PROTOTYPE ONLY,43435,EMU Local,1,2.9,36.0,2.2,0.0,2.9,0.5,13,1,Warning,3.1,Occupied,0.85,0,0,0,0,0,0,0,0.45,0.9,1,2.0,36.3,61.3,0.0,0.0,0.0,0,59.0,6048.0,13.0,2,16.5,0,4.4
SIMULATED TRAINING DATA — PROTOTYPE ONLY,66069,EMU Local,14,6.0,37.1,2.3,26.65,54.0,0.5,9,1,Normal,1.6,Clear,0.16,0,0,0,0,0,0,0,0.64,8.4,1,6.5,22.7,58.4,0.0,0.0,0.0,0,11.5,5245.0,31.8,301,43.4,1,7.5
SIMULATED TRAINING DATA — PROTOTYPE ONLY,43201,EMU Local,4,1.2,26.0,2.2,6.1499999999999995,12.3,1.0,16,6,Normal,0.3,Clear,0.24,0,1,0,0,15,1,56,0.39,0.0,2,1.0,28.5,64.2,0.0,0.0,0.0,0,23.8,7981.0,26.0,315,40.5,1,12.7
SIMULATED TRAINING DATA — PROTOTYPE ONLY,43501,MEMU,12,0.7,38.7,1.6,22.549999999999997,41.3,0.5,13,3,Normal,0.4,Clear,0.18,0,0,0,0,0,0,0,0.2,1.8,2,1.4,32.3,68.8,0.0,0.0,0.0,0,59.8,9028.0,11.5,288,16.0,0,2.4
SIMULATED TRAINING DATA — PROTOTYPE ONLY,43409,EMU Local,6,1.6,25.4,2.1,10.25,20.0,1.5,15,0,Warning,5.2,Occupied,0.64,0,0,0,0,0,0,0,0.11,0.4,1,2.5,37.4,69.1,0.0,0.0,0.0,0,40.2,8650.0,9.2,336,14.8,0,5.7
SIMULATED TRAINING DATA — PROTOTYPE ONLY,43205,EMU Local,11,3.2,38.0,2.3,20.5,40.1,0.5,4,0,Normal,2.1,Clear,0.16,0,0,0,0,0,0,0,0.16,0.5,2,2.8,31.5,70.9,8.600000000000001,5.4,2.8,63,80.2,9853.0,5.1,25,8.2,1,1.7
SIMULATED TRAINING DATA — PROTOTYPE ONLY,43221,EMU Local,12,3.4,59.2,1.3,22.549999999999997,44.0,0.5,21,1,Normal,0.0,Clear,0.45,0,0,0,0,0,0,0,0.37,2.4,1,4.0,32.8,77.1,0.0,0.0,0.0,0,47.7,9538.0,16.2,140,25.7,0,2.2
SIMULATED TRAINING DATA — PROTOTYPE ONLY,43209,MEMU,10,0.6,51.5,2.1,18.45,33.8,0.5,16,3,Warning,4.5,Occupied,0.74,0,1,0,0,15,1,75,0.44,1.5,1,0.0,32.2,69.8,0.0,0.0,0.0,0,29.8,5697.0,13.2,214,20.2,0,14.3
SIMULATED TRAINING DATA — PROTOTYPE ONLY,43505,EMU Local,18,2.4,70.7,2.8,34.849999999999994,65.1,0.5,7,2,Warning,4.8,Occupied,0.67,0,0,0,1,0,1,75,0.53,0.1,1,4.6,35.3,81.0,13.7,12.5,1.9,63,97.6,8130.0,36.2,285,54.6,2,15.5
SIMULATED TRAINING DATA — PROTOTYPE ONLY,43249,EMU Local,7,1.2,49.9,2.4,12.299999999999999,23.3,1.5,9,2,Normal,0.2,Clear,0.4,0,1,0,0,15,1,94,0.82,6.8,4,2.9,32.7,80.6,0.0,0.0,0.0,0,18.2,7372.0,29.5,195,37.5,1,13.6
SIMULATED TRAINING DATA — PROTOTYPE ONLY,43201,MEMU,7,7.4,44.6,2.9,12.299999999999999,29.5,0.5,21,0,Warning,4.3,Occupied,0.94,0,0,1,0,20,1,66,0.1,0.7,2,7.8,34.5,84.0,0.0,0.0,0.0,0,50.6,5933.0,7.8,199,10.3,0,12.6
SIMULATED TRAINING DATA — PROTOTYPE ONLY,43203,Fast Local,11,1.5,50.3,2.3,20.5,38.4,1.0,8,6,Normal,0.2,Clear,0.18,0,0,0,0,0,0,0,0.6,1.5,1,0.6,34.5,70.6,0.0,0.0,0.0,0,37.6,8760.0,28.8,222,40.8,1,5.8
SIMULATED TRAINING DATA — PROTOTYPE ONLY,43511,EMU Local,4,7.3,30.4,1.6,6.1499999999999995,18.4,0.5,21,6,Normal,1.2,Clear,0.45,0,1,0,1,20,1,117,0.29,0.1,2,7.6,35.9,57.1,0.0,0.0,0.0,0,24.4,7418.0,13.7,187,19.4,0,5.9
SIMULATED TRAINING DATA — PROTOTYPE ONLY,43511,EMU Local,20,2.2,10.7,2.6,38.949999999999996,72.3,1.0,8,1,Normal,0.3,Clear,0.29,0,0,0,0,0,0,0,0.7,4.2,1,0.7,22.8,69.1,11.8,11.3,1.8,63,79.1,8493.0,31.2,7,46.9,2,9.4
SIMULATED TRAINING DATA — PROTOTYPE ONLY,43211,MEMU,1,5.2,53.9,1.4,0.0,5.2,1.5,10,3,Warning,3.0,Occupied,0.61,0,0,0,0,0,0,0,0.64,1.7,1,5.7,25.4,60.4,0.0,0.0,0.0,0,36.7,5305.0,20.0,67,26.3,0,3.5
SIMULATED TRAINING DATA — PROTOTYPE ONLY,43221,Fast Local,13,2.9,15.1,2.0,24.599999999999998,47.2,0.5,12,3,Normal,0.4,Clear,0.27,0,1,0,0,15,1,106,0.08,0.1,1,0.3,34.2,81.6,18.5,18.3,1.6,65,73.2,1731.0,12.2,88,16.2,2,13.1
SIMULATED TRAINING DATA — PROTOTYPE ONLY,43205,Fast Local,18,3.9,58.8,1.9,34.849999999999994,66.6,1.0,6,2,Normal,0.2,Clear,0.18,0,0,0,0,0,0,0,0.29,5.1,1,2.6,39.4,54.3,0.0,0.0,0.0,0,25.2,7214.0,32.7,78,41.4,1,2.7
SIMULATED TRAINING DATA — PROTOTYPE ONLY,43205,EMU Local,9,2.0,53.3,1.7,16.4,31.5,1.5,15,2,Normal,0.3,Clear,0.25,0,0,0,0,0,0,0,0.13,0.1,2,2.4,32.8,76.1,4.1,3.6,0.0,61,77.0,5096.0,36.7,289,57.4,2,7.1
SIMULATED TRAINING DATA — PROTOTYPE ONLY,43503,EMU Local,9,5.8,29.3,3.5,16.4,35.3,1.0,23,6,Critical,17.3,Restricted,0.85,1,1,0,0,30,1,65,0.47,0.3,2,7.5,30.5,74.4,8.7,7.2,3.8,63,87.5,5948.0,21.1,167,33.3,1,30.1
SIMULATED TRAINING DATA — PROTOTYPE ONLY,43251,EMU Local,9,2.2,35.5,2.1,16.4,31.7,0.5,17,4,Normal,0.2,Clear,0.24,0,0,0,0,0,0,0,0.72,2.3,5,2.6,35.4,80.8,0.0,0.0,0.0,0,45.6,9188.0,18.5,177,31.0,1,3.0
SIMULATED TRAINING DATA — PROTOTYPE ONLY,43247,MEMU,10,2.4,41.8,3.2,18.45,35.6,0.5,11,4,Normal,0.2,Clear,0.36,0,0,0,0,0,0,0,0.26,0.3,1,2.0,36.8,75.3,0.0,0.0,0.0,0,14.1,7354.0,26.4,49,32.5,1,2.9
SIMULATED TRAINING DATA — PROTOTYPE ONLY,66015,EMU Local,2,2.9,28.2,2.3,2.05,6.6,0.5,15,1,Normal,0.1,Clear,0.47,0,1,0,0,30,1,90,0.24,0.4,1,1.7,34.2,71.4,42.2,33.6,1.3,65,97.6,3113.0,13.1,209,18.0,2,10.4
SIMULATED TRAINING DATA — PROTOTYPE ONLY,43201,EMU Local,6,7.1,50.1,1.6,10.25,25.5,1.5,10,4,Normal,0.2,Clear,0.24,0,0,0,0,0,0,0,0.6,0.6,2,6.5,31.4,58.9,0.0,0.0,0.0,0,56.4,5817.0,35.9,110,52.4,2,7.9
SIMULATED TRAINING DATA — PROTOTYPE ONLY,43223,MEMU,15,4.3,51.4,1.9,28.699999999999996,56.0,1.0,12,3,Normal,0.5,Clear,0.24,0,0,1,0,15,1,86,0.36,1.9,2,2.2,31.7,92.5,10.7,8.6,1.5,63,71.5,6913.0,26.2,244,43.4,1,12.0
SIMULATED TRAINING DATA — PROTOTYPE ONLY,43211,EMU Local,3,1.7,20.4,2.1,4.1,9.1,2.0,15,4,Warning,5.5,Occupied,0.99,0,1,1,0,15,1,34,0.06,0.1,1,1.2,32.6,71.4,0.0,0.0,0.0,0,30.3,9094.0,29.3,142,38.4,1,17.9
SIMULATED TRAINING DATA — PROTOTYPE ONLY,43203,Fast Local,11,4.4,29.7,1.9,20.5,41.3,0.5,7,0,Normal,0.6,Clear,0.31,0,1,0,0,15,1,113,0.28,1.8,1,7.0,36.8,67.8,0.0,0.0,0.0,0,55.8,5213.0,30.9,3,50.2,2,16.4
SIMULATED TRAINING DATA — PROTOTYPE ONLY,43221,EMU Local,6,4.1,41.4,1.9,10.25,22.5,0.5,8,0,Critical,15.9,Restricted,0.84,1,0,1,0,30,1,56,0.79,3.7,5,4.3,33.2,73.4,0.8,0.6,0.0,61,85.9,6579.0,31.4,197,52.1,2,31.6
SIMULATED TRAINING DATA — PROTOTYPE ONLY,43425,EMU Local,3,10.7,59.1,2.4,4.1,18.1,0.5,12,5,Normal,0.2,Clear,0.43,0,1,1,1,20,1,30,0.2,0.2,1,11.2,33.2,85.5,2.5,1.9,0.0,61,84.3,7555.0,29.7,283,47.1,2,10.5
SIMULATED TRAINING DATA — PROTOTYPE ONLY,43227,EMU Local,11,7.4,51.8,2.3,20.5,44.3,0.5,10,2,Normal,0.3,Clear,0.46,0,0,0,0,0,0,0,0.87,4.9,4,5.2,35.3,69.0,0.0,0.0,0.0,0,35.3,8110.0,14.3,40,17.9,0,5.4
SIMULATED TRAINING DATA — PROTOTYPE ONLY,43211,MEMU,15,4.2,7.0,2.5,28.699999999999996,55.9,0.5,17,2,Normal,0.1,Clear,0.34,0,0,1,0,15,1,118,0.7,0.9,1,5.9,31.3,85.8,0.0,0.0,0.0,2,19.1,5735.0,26.8,205,43.7,1,13.2
SIMULATED TRAINING DATA — PROTOTYPE ONLY,43237,EMU Local,13,1.7,37.6,3.0,24.599999999999998,46.0,0.5,23,6,Normal,0.2,Clear,0.17,0,1,1,0,15,1,103,0.38,0.7,2,3.5,32.5,74.5,0.0,0.0,0.0,0,44.4,9629.0,25.1,4,40.6,1,15.0
SIMULATED TRAINING DATA — PROTOTYPE ONLY,43217,EMU Local,20,6.0,49.1,1.8,38.949999999999996,76.1,1.0,20,1,Critical,11.7,Restricted,0.88,1,0,0,0,0,0,0,0.89,0.3,3,6.3,39.4,80.8,1.3,1.0,0.0,61,70.6,8686.0,35.3,142,47.2,2,24.0
SIMULATED TRAINING DATA — PROTOTYPE ONLY,43505,Fast Local,10,3.4,30.0,2.8,18.45,36.6,0.5,4,0,Warning,6.6,Occupied,0.85,0,0,0,0,0,0,0,0.09,0.3,1,4.1,29.0,75.1,0.0,0.0,0.0,0,16.4,5319.0,29.6,123,43.6,1,8.0
SIMULATED TRAINING DATA — PROTOTYPE ONLY,43247,EMU Local,6,16.9,28.8,2.9,10.25,35.3,0.5,18,5,Normal,0.1,Clear,0.27,0,0,0,0,0,0,0,0.77,4.6,4,16.1,29.2,80.1,0.0,0.0,0.0,0,36.3,7228.0,23.5,32,38.3,1,4.9
SIMULATED TRAINING DATA — PROTOTYPE ONLY,43237,EMU Local,15,1.1,30.8,2.9,28.699999999999996,52.8,1.5,18,1,Normal,0.2,Clear,0.2,0,0,0,0,0,0,0,0.85,2.9,5,0.8,28.1,82.5,0.0,0.0,0.0,0,24.3,9447.0,35.5,68,44.9,1,7.7
SIMULATED TRAINING DATA — PROTOTYPE ONLY,43239,EMU Local,18,0.3,37.4,1.0,34.849999999999994,63.0,2.0,4,1,Normal,0.9,Clear,0.29,0,0,0,0,0,0,0,0.39,1.1,2,3.5,32.8,77.2,0.0,0.0,0.0,0,57.1,9501.0,33.4,37,50.9,2,7.2
SIMULATED TRAINING DATA — PROTOTYPE ONLY,43213,EMU Local,18,0.3,27.3,3.2,34.849999999999994,63.0,0.5,18,6,Normal,0.5,Clear,0.28,0,1,0,1,30,1,103,0.7,5.6,2,0.0,33.0,91.1,0.0,0.0,0.0,2,51.3,9398.0,14.7,143,21.5,0,9.0
SIMULATED TRAINING DATA — PROTOTYPE ONLY,43511,EMU Local,7,4.1,51.9,1.7,12.299999999999999,26.2,1.5,5,4,Warning,2.8,Occupied,0.95,0,1,1,0,15,1,110,0.43,0.9,2,6.3,23.8,70.6,0.0,0.0,0.0,0,50.9,5595.0,35.5,320,50.8,2,16.9
SIMULATED TRAINING DATA — PROTOTYPE ONLY,43251,EMU Local,15,11.2,29.1,1.0,28.699999999999996,62.9,0.5,7,2,Warning,5.2,Occupied,0.84,0,0,0,0,0,0,0,0.15,2.9,1,13.7,35.4,86.2,0.0,0.0,0.0,2,42.1,7503.0,20.3,70,25.0,0,7.6
SIMULATED TRAINING DATA — PROTOTYPE ONLY,43251,EMU Local,18,0.0,26.5,3.2,34.849999999999994,62.7,0.5,20,1,Normal,0.1,Clear,0.45,0,0,0,0,0,0,0,0.47,1.0,2,0.5,27.2,64.5,0.0,0.0,0.0,0,14.8,7272.0,14.1,195,21.4,0,1.5
SIMULATED TRAINING DATA — PROTOTYPE ONLY,43217,EMU Local,18,5.2,36.0,2.4,34.849999999999994,67.9,1.5,19,1,Normal,0.0,Clear,0.4,0,0,1,0,20,1,87,0.84,3.0,4,5.1,33.3,76.9,0.0,0.0,0.0,0,32.3,7107.0,10.6,175,14.3,0,9.6
SIMULATED TRAINING DATA — PROTOTYPE ONLY,66069,EMU Local,20,4.3,64.2,2.4,38.949999999999996,74.4,1.0,21,2,Normal,0.3,Clear,0.26,0,1,0,0,20,1,96,0.21,0.0,1,2.7,32.0,62.1,0.0,0.0,0.0,0,42.4,6899.0,27.6,93,44.1,1,10.3
SIMULATED TRAINING DATA — PROTOTYPE ONLY,43219,EMU Local,9,5.3,49.9,1.9,16.4,34.8,1.5,19,6,Warning,3.5,Occupied,0.63,0,0,0,0,0,0,0,0.48,2.0,2,5.9,20.2,62.2,0.0,0.0,0.0,0,19.9,9294.0,26.3,204,44.7,1,6.1
SIMULATED TRAINING DATA — PROTOTYPE ONLY,43217,EMU Local,2,1.8,50.8,2.2,2.05,5.5,1.0,11,2,Normal,0.4,Clear,0.39,0,0,0,0,0,0,0,0.43,0.6,2,1.8,22.0,87.8,0.0,0.0,0.0,2,30.1,8959.0,24.8,346,39.8,1,5.4
SIMULATED TRAINING DATA — PROTOTYPE ONLY,43213,EMU Local,8,6.9,46.3,2.0,14.349999999999998,32.7,0.5,9,0,Normal,0.1,Clear,0.34,0,1,0,0,30,1,75,0.81,0.4,5,6.8,27.0,97.1,0.0,0.0,0.0,2,34.1,5940.0,32.2,308,41.7,1,10.4
SIMULATED TRAINING DATA — PROTOTYPE ONLY,66015,EMU Local,20,0.2,27.8,1.7,38.949999999999996,70.3,1.0,23,2,Normal,0.1,Clear,0.34,0,1,0,0,30,1,110,0.1,0.1,2,0.0,36.2,70.1,5.4,5.4,1.5,63,98.8,8915.0,37.4,173,50.9,2,9.8
SIMULATED TRAINING DATA — PROTOTYPE ONLY,43207,EMU Local,2,5.6,32.4,2.1,2.05,9.3,0.5,5,4,Normal,0.0,Clear,0.15,0,0,0,0,0,0,0,0.31,0.8,1,6.0,24.0,59.9,0.0,0.0,0.0,0,29.0,8395.0,9.4,75,15.4,0,1.7
SIMULATED TRAINING DATA — PROTOTYPE ONLY,43201,EMU Local,11,1.2,29.9,2.2,20.5,38.1,0.5,22,0,Normal,1.0,Clear,0.35,0,0,0,0,0,0,0,0.15,0.5,1,1.8,35.9,71.9,0.0,0.0,0.0,0,27.5,5234.0,32.3,259,39.8,1,3.7
SIMULATED TRAINING DATA — PROTOTYPE ONLY,43407,MEMU,7,2.6,58.4,1.3,12.299999999999999,24.7,0.5,16,6,Warning,4.8,Occupied,0.68,0,0,0,0,0,0,0,0.26,1.1,2,2.6,24.4,62.8,0.0,0.0,0.0,0,46.3,5524.0,28.7,266,36.6,1,9.3
SIMULATED TRAINING DATA — PROTOTYPE ONLY,43423,EMU Local,6,6.9,46.4,2.1,10.25,25.4,0.5,9,5,Critical,19.0,Restricted,0.79,1,0,1,0,30,1,25,0.66,1.4,2,8.3,22.8,87.6,0.0,0.0,0.0,2,27.0,9743.0,20.2,232,32.5,1,32.4
SIMULATED TRAINING DATA — PROTOTYPE ONLY,43403,Fast Local,10,1.3,17.0,1.0,18.45,34.5,1.5,9,1,Normal,0.1,Clear,0.24,0,0,0,0,0,0,0,0.86,6.0,5,1.3,32.7,79.2,6.199999999999999,4.6,0.0,61,82.6,7651.0,16.4,144,19.7,1,6.4
SIMULATED TRAINING DATA — PROTOTYPE ONLY,66015,Fast Local,5,0.8,63.8,3.3,8.2,15.6,1.5,16,4,Normal,0.0,Clear,0.3,0,0,0,0,0,0,0,0.6,0.1,2,0.6,31.4,79.0,0.0,0.0,0.0,0,49.3,9990.0,25.6,142,35.0,1,3.5
SIMULATED TRAINING DATA — PROTOTYPE ONLY,43227,EMU Local,11,4.6,37.0,2.0,20.5,41.5,1.0,4,4,Normal,1.0,Clear,0.37,0,0,0,0,0,0,0,0.13,0.1,2,3.3,24.5,70.6,0.0,0.0,0.0,0,28.5,9828.0,28.9,326,45.9,2,4.5
SIMULATED TRAINING DATA — PROTOTYPE ONLY,43227,EMU Local,1,3.0,51.8,1.5,0.0,3.0,0.5,12,0,Warning,5.3,Occupied,0.73,0,0,0,0,0,0,0,0.52,0.5,2,2.7,26.7,63.4,0.0,0.0,0.0,0,59.3,8843.0,21.4,201,26.7,0,6.4
SIMULATED TRAINING DATA — PROTOTYPE ONLY,43209,EMU Local,2,2.9,57.8,2.4,2.05,6.6,1.0,15,1,Normal,0.2,Clear,0.45,0,0,1,0,15,1,114,0.22,0.1,1,2.8,32.7,84.7,0.0,0.0,0.0,0,35.3,6611.0,13.4,182,19.0,0,9.1
SIMULATED TRAINING DATA — PROTOTYPE ONLY,43213,MEMU,1,1.2,3.6,1.7,0.0,1.2,1.0,15,0,Warning,5.3,Occupied,0.66,0,0,0,0,0,0,0,0.37,1.8,1,0.0,30.0,70.7,0.0,0.0,0.0,0,13.2,5969.0,28.8,30,41.8,1,9.3
SIMULATED TRAINING DATA — PROTOTYPE ONLY,43401,EMU Local,19,0.1,48.8,2.1,36.9,66.5,2.0,7,3,Warning,5.7,Occupied,0.78,0,0,0,0,0,0,0,0.29,0.5,2,0.7,34.0,59.6,0.0,0.0,0.0,0,48.2,5056.0,9.2,67,13.9,0,5.5
SIMULATED TRAINING DATA — PROTOTYPE ONLY,43425,EMU Local,2,2.1,38.2,2.4,2.05,5.8,0.5,22,3,Normal,0.3,Clear,0.11,0,1,0,0,30,1,104,0.32,1.0,2,3.2,30.2,90.6,0.0,0.0,0.0,2,28.9,5779.0,11.4,297,17.6,0,6.4
SIMULATED TRAINING DATA — PROTOTYPE ONLY,43425,EMU Local,21,0.5,5.7,1.5,41.0,74.3,0.5,19,0,Normal,0.6,Clear,0.16,0,1,0,0,20,1,28,0.95,4.8,5,3.1,35.4,98.0,0.0,0.0,0.0,2,16.2,9395.0,24.8,287,31.4,1,10.6
SIMULATED TRAINING DATA — PROTOTYPE ONLY,43245,MEMU,20,9.5,25.0,3.3,38.949999999999996,79.6,1.5,15,1,Normal,0.4,Clear,0.42,0,0,0,0,0,0,0,0.23,0.6,1,8.4,26.9,73.9,36.8,35.4,1.8,65,77.2,2025.0,19.9,1,27.3,2,5.4
SIMULATED TRAINING DATA — PROTOTYPE ONLY,43407,MEMU,21,0.2,35.2,3.3,41.0,74.0,1.5,4,6,Normal,1.5,Clear,0.44,0,1,0,0,15,1,27,0.05,0.1,1,0.1,33.9,76.3,0.0,0.0,0.0,0,22.4,9237.0,25.1,224,31.0,1,15.0
SIMULATED TRAINING DATA — PROTOTYPE ONLY,43201,EMU Local,4,2.3,54.7,1.8,6.1499999999999995,13.4,0.5,7,1,Normal,0.1,Clear,0.49,0,0,0,0,0,0,0,0.28,0.6,2,2.8,26.4,93.7,0.0,0.0,0.0,2,57.0,9201.0,31.7,237,53.0,2,5.2
SIMULATED TRAINING DATA — PROTOTYPE ONLY,43511,EMU Local,12,0.2,39.4,1.4,22.549999999999997,40.8,0.5,12,2,Normal,0.8,Clear,0.15,0,1,0,0,15,1,55,0.14,0.6,2,0.1,32.7,68.4,0.0,0.0,0.0,0,45.0,9875.0,31.2,172,44.9,1,10.3
SIMULATED TRAINING DATA — PROTOTYPE ONLY,43205,EMU Local,20,0.4,44.2,1.8,38.949999999999996,70.5,1.0,10,6,Normal,0.2,Clear,0.31,0,0,0,0,0,0,0,0.75,2.0,5,0.0,34.1,85.5,0.0,0.0,0.0,2,30.7,8499.0,24.2,262,33.0,1,5.3
SIMULATED TRAINING DATA — PROTOTYPE ONLY,43209,EMU Local,18,4.3,36.7,1.8,34.849999999999994,67.0,1.0,13,4,Warning,5.4,Occupied,0.87,0,0,1,0,20,1,105,0.26,0.5,2,2.5,27.2,65.1,0.0,0.0,0.0,0,48.5,7808.0,33.5,145,54.4,2,17.0
SIMULATED TRAINING DATA — PROTOTYPE ONLY,43503,Fast Local,1,4.2,58.3,2.8,0.0,4.2,1.0,16,0,Normal,0.6,Clear,0.16,0,0,0,0,0,0,0,0.09,0.3,1,4.3,33.0,77.8,0.0,0.0,0.0,0,33.2,7955.0,15.8,101,24.0,0,0.3
SIMULATED TRAINING DATA — PROTOTYPE ONLY,66069,EMU Local,1,0.1,49.8,1.8,0.0,0.1,0.5,11,6,Normal,1.3,Clear,0.17,0,0,0,0,0,0,0,0.11,1.3,1,1.6,33.8,60.4,7.2,5.7,4.0,63,71.2,8409.0,22.3,164,31.7,1,4.5
SIMULATED TRAINING DATA — PROTOTYPE ONLY,43251,EMU Local,14,0.0,44.4,1.4,26.65,48.0,0.5,23,4,Warning,2.3,Occupied,0.7,0,0,0,0,0,0,0,0.31,1.8,2,0.0,33.5,68.9,3.2,2.2,0.0,61,79.9,7290.0,26.3,11,39.4,1,6.8
SIMULATED TRAINING DATA — PROTOTYPE ONLY,43223,EMU Local,4,0.3,24.9,2.2,6.1499999999999995,11.4,0.5,13,6,Normal,0.7,Clear,0.46,0,1,0,0,30,1,24,0.4,0.8,1,0.2,28.5,52.1,0.0,0.0,0.0,0,58.9,8412.0,19.7,262,32.1,1,6.8
SIMULATED TRAINING DATA — PROTOTYPE ONLY,43505,Fast Local,5,5.8,43.8,1.2,8.2,20.6,1.0,13,4,Warning,3.4,Occupied,0.63,0,0,0,0,0,0,0,0.16,0.5,1,6.3,30.0,77.9,0.0,0.0,0.0,0,27.0,7968.0,35.4,139,54.7,2,10.3
SIMULATED TRAINING DATA — PROTOTYPE ONLY,43401,MEMU,11,3.5,75.0,2.7,20.5,40.4,0.5,11,3,Normal,0.2,Clear,0.35,0,0,0,0,0,0,0,0.29,0.5,2,4.4,38.3,76.8,0.0,0.0,0.0,0,51.4,5803.0,37.4,77,60.7,2,5.3
SIMULATED TRAINING DATA — PROTOTYPE ONLY,66015,EMU Local,13,0.2,53.9,2.5,24.599999999999998,44.5,0.5,23,3,Normal,0.7,Clear,0.35,0,1,0,0,20,1,64,0.18,0.5,2,0.6,28.0,59.8,8.1,7.5,3.9,63,98.0,5561.0,5.2,23,7.2,1,11.7
SIMULATED TRAINING DATA — PROTOTYPE ONLY,43503,MEMU,16,2.7,30.9,1.7,30.749999999999996,58.0,0.5,18,5,Normal,0.8,Clear,0.18,0,0,0,0,0,0,0,0.77,3.6,3,1.2,32.1,98.0,0.0,0.0,0.0,2,27.0,6096.0,31.8,96,48.2,2,11.5
SIMULATED TRAINING DATA — PROTOTYPE ONLY,43201,EMU Local,13,5.0,69.8,1.8,24.599999999999998,49.3,0.5,4,6,Critical,20.8,Restricted,0.87,1,0,0,0,0,0,0,0.13,0.8,1,5.6,30.7,72.9,0.0,0.0,0.0,0,22.1,8880.0,37.9,51,47.4,2,29.0
SIMULATED TRAINING DATA — PROTOTYPE ONLY,43217,EMU Local,2,8.1,30.2,2.2,2.05,11.8,0.5,18,6,Warning,4.4,Occupied,0.77,0,0,0,0,0,0,0,0.82,0.2,4,7.3,32.9,70.3,0.0,0.0,0.0,0,51.9,6286.0,33.6,248,43.1,1,9.4
SIMULATED TRAINING DATA — PROTOTYPE ONLY,43205,EMU Local,16,10.9,52.7,1.4,30.749999999999996,66.2,0.5,20,0,Normal,0.7,Clear,0.46,0,0,0,0,0,0,0,0.96,0.6,4,10.0,37.1,60.3,12.3,11.5,3.7,63,92.1,9297.0,34.2,329,47.9,2,8.7
SIMULATED TRAINING DATA — PROTOTYPE ONLY,43423,EMU Local,6,1.6,41.3,1.6,10.25,20.0,1.5,16,5,Critical,18.4,Restricted,0.85,1,1,0,0,15,1,117,0.5,1.5,1,0.3,29.1,81.4,0.0,0.0,0.0,0,19.8,6435.0,34.0,283,56.9,2,37.9
SIMULATED TRAINING DATA — PROTOTYPE ONLY,43503,EMU Local,14,0.6,44.7,2.0,26.65,48.6,0.5,15,0,Warning,3.2,Occupied,0.9,0,0,0,0,0,0,0,0.34,1.4,2,0.5,33.0,61.2,0.0,0.0,0.0,0,53.3,8094.0,7.6,64,12.3,0,4.3
SIMULATED TRAINING DATA — PROTOTYPE ONLY,43425,Fast Local,1,1.1,45.3,1.3,0.0,1.1,0.5,6,1,Normal,0.8,Clear,0.4,0,0,0,0,0,0,0,0.11,0.4,2,0.5,34.3,81.2,2.4000000000000004,1.6,0.0,61,97.8,9333.0,10.7,293,14.5,0,2.4
SIMULATED TRAINING DATA — PROTOTYPE ONLY,43211,EMU Local,17,6.0,38.3,1.8,32.8,65.0,0.5,22,0,Normal,0.8,Clear,0.2,0,0,0,0,0,0,0,0.05,0.1,2,5.6,30.2,61.5,0.0,0.0,0.0,0,36.6,9238.0,16.3,295,20.2,0,0.0
SIMULATED TRAINING DATA — PROTOTYPE ONLY,43511,EMU Local,11,14.2,36.2,1.5,20.5,51.1,1.5,8,6,Normal,0.1,Clear,0.15,0,1,0,0,15,1,101,0.82,3.0,3,13.0,28.1,77.2,0.0,0.0,0.0,0,22.1,9175.0,11.9,101,15.7,0,10.6
SIMULATED TRAINING DATA — PROTOTYPE ONLY,43223,EMU Local,19,2.5,22.2,3.0,36.9,68.9,0.5,6,1,Normal,0.6,Clear,0.33,0,0,0,0,0,0,0,0.37,0.8,1,3.6,31.9,69.7,0.0,0.0,0.0,0,56.6,9109.0,22.7,130,29.6,0,1.7
SIMULATED TRAINING DATA — PROTOTYPE ONLY,43505,EMU Local,3,1.5,25.1,1.9,4.1,8.9,0.5,8,1,Normal,0.1,Clear,0.24,0,0,0,0,0,0,0,0.78,0.8,3,1.0,31.6,81.4,0.0,0.0,0.0,0,56.2,8437.0,13.6,92,16.6,0,3.2
SIMULATED TRAINING DATA — PROTOTYPE ONLY,43227,Fast Local,11,2.2,47.0,1.5,20.5,39.1,0.5,12,0,Normal,0.0,Clear,0.43,0,0,0,0,0,0,0,0.17,1.3,2,1.3,24.9,56.4,0.0,0.0,0.0,0,16.6,8598.0,10.3,177,16.5,0,2.2
SIMULATED TRAINING DATA — PROTOTYPE ONLY,43223,EMU Local,5,1.5,31.8,2.5,8.2,16.3,1.0,9,1,Normal,0.4,Clear,0.4,0,1,0,0,20,1,47,0.77,2.0,5,0.0,28.4,77.5,0.0,0.0,0.0,0,57.9,9773.0,11.2,69,18.2,0,9.6
SIMULATED TRAINING DATA — PROTOTYPE ONLY,43239,EMU Local,17,1.2,28.3,1.7,32.8,60.2,1.0,19,4,Normal,1.2,Clear,0.21,0,0,1,0,20,1,24,0.85,5.9,3,3.2,34.4,60.2,0.0,0.0,0.0,0,25.2,8906.0,29.5,61,41.0,1,14.1
SIMULATED TRAINING DATA — PROTOTYPE ONLY,43423,MEMU,7,3.6,75.0,1.4,12.299999999999999,25.7,0.5,13,1,Normal,0.0,Clear,0.11,0,0,1,0,15,1,81,0.52,1.0,1,1.7,29.7,64.2,2.0,1.6,0.0,61,71.8,5714.0,11.0,259,14.0,0,8.8
SIMULATED TRAINING DATA — PROTOTYPE ONLY,43249,EMU Local,10,0.1,75.0,2.6,18.45,33.3,0.5,19,4,Normal,0.9,Clear,0.19,0,0,0,1,0,1,69,0.67,2.4,2,0.4,33.3,79.0,1.8,0.5,0.0,0,95.4,6167.0,21.4,105,26.8,0,5.0
SIMULATED TRAINING DATA — PROTOTYPE ONLY,43503,EMU Local,11,1.2,50.7,1.9,20.5,38.1,0.5,6,4,Normal,0.4,Clear,0.33,0,0,0,0,0,0,0,0.24,1.4,2,2.0,27.3,72.6,0.0,0.0,0.0,0,26.5,6679.0,34.5,78,43.7,1,5.3
SIMULATED TRAINING DATA — PROTOTYPE ONLY,43239,EMU Local,3,4.3,52.8,2.6,4.1,11.7,1.0,21,4,Normal,1.0,Clear,0.13,0,0,1,0,15,1,59,0.07,0.1,1,3.8,32.0,76.5,1.7000000000000002,0.6,0.0,61,86.9,5441.0,22.9,109,29.0,0,12.2
SIMULATED TRAINING DATA — PROTOTYPE ONLY,43207,EMU Local,20,0.1,29.8,2.1,38.949999999999996,70.2,1.0,14,2,Critical,9.4,Restricted,0.7,1,0,0,0,0,0,0,0.18,1.2,1,0.6,32.0,81.0,0.0,0.0,0.0,0,45.9,9414.0,11.5,183,14.1,0,13.4
SIMULATED TRAINING DATA — PROTOTYPE ONLY,43201,Fast Local,10,0.3,24.2,2.2,18.45,33.5,0.5,22,5,Normal,1.0,Clear,0.37,0,0,0,0,0,0,0,0.41,0.6,2,0.9,32.7,74.0,0.0,0.0,0.0,0,48.5,7092.0,19.0,253,31.7,1,3.5
SIMULATED TRAINING DATA — PROTOTYPE ONLY,43211,MEMU,10,1.4,36.9,2.4,18.45,34.6,1.0,18,6,Normal,0.7,Clear,0.17,0,1,0,0,20,1,45,0.85,0.7,3,2.4,30.0,70.4,3.8000000000000003,3.7,0.0,61,74.0,7146.0,28.2,26,37.5,1,10.0
SIMULATED TRAINING DATA — PROTOTYPE ONLY,43407,EMU Local,14,8.4,42.0,1.7,26.65,56.4,0.5,14,2,Normal,0.9,Clear,0.34,0,0,0,0,0,0,0,0.5,2.4,1,9.1,32.1,60.0,0.0,0.0,0.0,0,31.5,7041.0,22.3,203,28.0,0,2.5
SIMULATED TRAINING DATA — PROTOTYPE ONLY,43423,MEMU,12,5.8,52.7,1.6,22.549999999999997,46.4,1.0,13,6,Normal,0.1,Clear,0.34,0,0,0,0,0,0,0,0.47,0.7,1,5.4,39.1,98.0,0.0,0.0,0.0,2,46.4,7368.0,30.3,25,47.4,2,7.6
SIMULATED TRAINING DATA — PROTOTYPE ONLY,43223,EMU Local,15,0.1,14.5,2.8,28.699999999999996,51.8,1.0,12,6,Normal,0.2,Clear,0.29,0,0,0,0,0,0,0,0.29,3.1,1,0.0,33.2,78.6,0.9,0.1,0.0,0,93.5,5989.0,8.2,119,13.6,0,2.5
SIMULATED TRAINING DATA — PROTOTYPE ONLY,43403,EMU Local,10,2.8,74.2,2.4,18.45,36.0,1.5,6,1,Normal,0.1,Clear,0.48,0,0,0,0,0,0,0,0.35,2.0,2,5.3,37.4,72.0,0.0,0.0,0.0,0,56.6,8651.0,16.2,282,25.9,0,1.6
SIMULATED TRAINING DATA — PROTOTYPE ONLY,43505,EMU Local,10,1.3,45.7,2.1,18.45,34.5,0.5,12,5,Normal,0.7,Clear,0.14,0,0,0,0,0,0,0,0.33,0.3,1,2.6,30.8,68.2,0.0,0.0,0.0,0,38.1,9402.0,10.2,175,16.6,0,0.9
SIMULATED TRAINING DATA — PROTOTYPE ONLY,43407,EMU Local,19,4.2,18.7,2.6,36.9,70.6,1.0,21,6,Normal,0.1,Clear,0.26,0,0,0,0,0,0,0,0.15,2.3,1,3.4,21.1,74.5,3.8,3.0,0.0,61,91.7,8607.0,35.9,335,52.9,2,6.9
SIMULATED TRAINING DATA — PROTOTYPE ONLY,43217,EMU Local,1,5.1,44.4,2.4,0.0,5.1,0.5,15,5,Normal,0.1,Clear,0.45,0,0,0,0,0,0,0,0.29,0.5,1,5.5,34.5,71.9,0.0,0.0,0.0,0,21.0,6366.0,12.3,228,17.4,0,0.5
SIMULATED TRAINING DATA — PROTOTYPE ONLY,43425,EMU Local,10,7.9,28.5,2.7,18.45,41.1,0.5,19,5,Normal,1.1,Clear,0.25,0,0,0,0,0,0,0,0.48,1.4,2,8.4,39.4,78.3,0.0,0.0,0.0,0,28.6,5142.0,31.3,205,49.5,2,9.2
SIMULATED TRAINING DATA — PROTOTYPE ONLY,43223,Fast Local,2,2.6,27.4,1.4,2.05,6.3,0.5,7,0,Normal,0.6,Clear,0.27,0,1,0,0,30,1,60,0.23,0.1,2,2.6,32.1,65.1,4.0,1.0,0.0,61,75.1,5702.0,11.3,287,18.8,0,4.6
SIMULATED TRAINING DATA — PROTOTYPE ONLY,43435,EMU Local,17,20.8,26.1,2.1,32.8,79.8,0.5,4,1,Normal,1.0,Clear,0.37,0,0,0,0,0,0,0,0.56,0.1,2,22.9,29.2,92.2,21.2,19.0,1.9,65,92.6,2564.0,34.6,107,44.6,2,7.1
SIMULATED TRAINING DATA — PROTOTYPE ONLY,43247,EMU Local,7,15.6,38.2,2.8,12.299999999999999,37.7,0.5,16,2,Warning,2.6,Occupied,0.67,0,0,0,0,0,0,0,0.46,0.6,1,15.5,31.9,80.3,0.0,0.0,0.0,0,37.0,8807.0,8.0,19,9.9,0,4.3
SIMULATED TRAINING DATA — PROTOTYPE ONLY,43425,EMU Local,7,8.6,73.5,3.1,12.299999999999999,30.7,2.0,11,5,Normal,0.3,Clear,0.11,0,1,0,0,30,1,44,0.41,0.0,1,8.5,36.2,50.3,0.0,0.0,0.0,0,22.1,7448.0,14.9,140,20.8,0,6.1
SIMULATED TRAINING DATA — PROTOTYPE ONLY,43213,EMU Local,20,3.4,43.4,1.8,38.949999999999996,73.5,1.0,9,6,Normal,0.2,Clear,0.28,0,0,1,1,15,1,93,0.62,0.7,1,4.4,32.0,75.5,15.6,12.7,2.6,63,78.1,5133.0,9.3,356,13.7,1,12.9
SIMULATED TRAINING DATA — PROTOTYPE ONLY,43251,EMU Local,9,2.0,52.4,2.2,16.4,31.5,0.5,11,5,Normal,0.0,Clear,0.23,0,0,0,0,0,0,0,0.45,1.2,1,0.9,28.8,81.7,0.0,0.0,0.0,0,18.4,7426.0,15.7,356,21.2,0,1.8
SIMULATED TRAINING DATA — PROTOTYPE ONLY,43201,EMU Local,2,1.8,56.1,2.1,2.05,5.5,0.5,22,6,Critical,15.4,Restricted,0.96,1,0,0,0,0,0,0,0.09,0.4,1,1.2,27.6,56.2,3.9,1.0,0.0,61,83.5,9435.0,22.2,290,33.7,1,22.1
SIMULATED TRAINING DATA — PROTOTYPE ONLY,43435,MEMU,14,0.0,39.8,1.4,26.65,48.0,0.5,15,3,Normal,0.2,Clear,0.32,0,1,0,0,30,1,102,0.09,0.1,2,1.8,34.4,85.2,0.0,0.0,0.0,2,53.6,5609.0,37.0,38,44.5,1,5.9
SIMULATED TRAINING DATA — PROTOTYPE ONLY,43227,EMU Local,17,1.1,24.6,1.9,32.8,60.1,0.5,4,5,Normal,0.0,Clear,0.36,0,0,0,0,0,0,0,0.3,0.5,2,1.1,44.0,79.6,0.0,0.0,0.0,0,48.7,9541.0,15.5,178,19.0,0,2.1
SIMULATED TRAINING DATA — PROTOTYPE ONLY,43209,EMU Local,1,5.1,18.0,1.2,0.0,5.1,0.5,7,5,Normal,0.4,Clear,0.36,0,0,0,0,0,0,0,0.33,0.6,2,4.1,26.8,56.3,0.0,0.0,0.0,0,16.2,9753.0,13.3,186,21.3,0,0.9
SIMULATED TRAINING DATA — PROTOTYPE ONLY,43501,EMU Local,9,3.7,36.2,2.0,16.4,33.2,0.5,16,3,Normal,0.2,Clear,0.2,0,0,0,0,0,0,0,0.05,0.1,1,3.9,34.0,69.9,0.0,0.0,0.0,0,38.1,8317.0,26.2,132,34.1,1,1.0
SIMULATED TRAINING DATA — PROTOTYPE ONLY,43219,EMU Local,20,9.9,59.2,1.5,38.949999999999996,80.0,1.5,20,1,Normal,0.0,Clear,0.2,0,0,0,0,0,0,0,0.62,1.1,2,10.1,34.3,58.3,1.7,1.2,0.0,61,84.1,5314.0,15.8,264,25.7,0,1.1
SIMULATED TRAINING DATA — PROTOTYPE ONLY,43223,EMU Local,21,0.2,56.0,2.2,41.0,74.0,1.0,22,2,Critical,15.2,Restricted,0.69,1,0,0,0,0,0,0,0.59,1.4,1,1.8,27.0,82.0,0.0,0.0,0.0,0,26.2,6678.0,15.5,5,26.3,0,22.3
SIMULATED TRAINING DATA — PROTOTYPE ONLY,43401,MEMU,19,0.7,45.8,1.9,36.9,67.1,1.0,22,4,Normal,0.7,Clear,0.2,0,0,0,0,0,0,0,0.18,0.1,1,2.0,34.7,59.8,0.0,0.0,0.0,0,49.8,9312.0,36.7,296,57.5,2,5.1
SIMULATED TRAINING DATA — PROTOTYPE ONLY,43219,EMU Local,4,6.2,47.8,1.9,6.1499999999999995,17.3,1.0,8,2,Warning,4.6,Occupied,0.94,0,1,0,0,20,1,48,0.64,1.4,2,6.4,39.6,60.8,0.0,0.0,0.0,0,34.0,8597.0,12.2,110,19.7,0,12.0
SIMULATED TRAINING DATA — PROTOTYPE ONLY,43425,EMU Local,8,1.8,39.9,3.0,14.349999999999998,27.6,0.5,14,1,Normal,0.3,Clear,0.34,0,0,0,0,0,0,0,0.05,0.1,2,3.8,35.3,73.0,0.0,0.0,0.0,0,52.4,7456.0,9.1,349,13.1,0,0.1
SIMULATED TRAINING DATA — PROTOTYPE ONLY,43245,EMU Local,13,0.5,34.8,2.1,24.599999999999998,44.8,0.5,10,2,Warning,2.1,Occupied,0.93,0,0,0,0,0,0,0,0.53,0.1,2,2.0,30.0,96.8,0.0,0.0,0.0,2,30.3,5808.0,34.9,348,47.3,2,6.9
SIMULATED TRAINING DATA — PROTOTYPE ONLY,43223,EMU Local,4,22.6,30.9,3.2,6.1499999999999995,33.7,0.5,6,3,Normal,1.2,Clear,0.45,0,0,1,0,30,1,16,0.66,0.6,1,23.0,26.1,86.7,9.100000000000001,6.4,2.7,63,80.6,7419.0,25.9,150,39.4,1,9.7
SIMULATED TRAINING DATA — PROTOTYPE ONLY,43209,EMU Local,9,6.2,19.9,2.4,16.4,35.7,1.0,14,5,Normal,0.4,Clear,0.28,0,0,0,0,0,0,0,0.3,2.9,1,5.2,33.3,60.1,0.0,0.0,0.0,0,26.0,5465.0,26.3,243,33.8,1,3.6
SIMULATED TRAINING DATA — PROTOTYPE ONLY,43207,MEMU,9,2.1,69.0,2.6,16.4,31.6,0.5,20,5,Warning,3.4,Occupied,0.87,0,0,0,0,0,0,0,0.34,0.8,1,4.2,30.9,57.3,0.0,0.0,0.0,0,30.0,8076.0,28.0,277,36.2,1,7.0
SIMULATED TRAINING DATA — PROTOTYPE ONLY,43209,EMU Local,18,6.9,44.6,1.6,34.849999999999994,69.6,0.5,14,4,Normal,0.0,Clear,0.19,0,0,0,0,0,0,0,0.1,1.4,2,8.4,34.1,64.9,0.0,0.0,0.0,0,44.3,8895.0,18.4,84,29.0,0,0.0
SIMULATED TRAINING DATA — PROTOTYPE ONLY,43251,MEMU,12,4.6,35.4,1.7,22.549999999999997,45.2,1.5,18,1,Critical,21.2,Restricted,0.83,1,1,0,0,20,1,32,0.43,0.4,1,3.1,30.3,55.2,0.0,0.0,0.0,0,24.2,8140.0,22.2,197,28.6,0,31.2
SIMULATED TRAINING DATA — PROTOTYPE ONLY,43401,EMU Local,10,6.2,69.3,2.1,18.45,39.4,0.5,22,5,Normal,0.4,Clear,0.24,0,0,1,0,15,1,95,0.12,0.1,1,5.5,27.8,81.4,0.0,0.0,0.0,0,59.9,5069.0,30.1,254,51.0,2,12.7
SIMULATED TRAINING DATA — PROTOTYPE ONLY,43217,MEMU,11,6.8,72.2,2.8,20.5,43.7,1.0,11,1,Critical,7.7,Restricted,0.77,1,1,0,0,20,1,44,0.44,1.6,2,5.2,31.8,79.9,0.0,0.0,0.0,0,50.8,8347.0,23.4,213,36.9,1,23.5
SIMULATED TRAINING DATA — PROTOTYPE ONLY,43239,EMU Local,7,0.4,75.0,1.9,12.299999999999999,22.5,1.5,19,0,Normal,0.5,Clear,0.3,0,0,0,0,0,0,0,0.6,0.9,1,0.0,36.2,83.0,0.0,0.0,0.0,0,16.0,7431.0,24.5,246,40.6,1,4.1
SIMULATED TRAINING DATA — PROTOTYPE ONLY,43403,EMU Local,9,3.9,38.3,1.2,16.4,33.4,0.5,18,6,Warning,5.8,Occupied,0.82,0,0,0,0,0,0,0,0.56,0.9,1,5.4,34.8,72.6,0.0,0.0,0.0,0,21.5,7147.0,36.3,318,52.4,2,9.9
SIMULATED TRAINING DATA — PROTOTYPE ONLY,43207,EMU Local,6,0.0,43.6,2.3,10.25,18.4,1.0,6,4,Normal,1.0,Clear,0.14,0,1,0,0,20,1,43,0.4,2.6,2,0.1,30.4,73.4,0.0,0.0,0.0,0,43.6,6414.0,18.5,45,26.9,0,8.6
SIMULATED TRAINING DATA — PROTOTYPE ONLY,43203,Fast Local,19,0.2,51.8,2.1,36.9,66.6,1.0,9,6,Normal,1.5,Clear,0.37,0,0,0,0,0,0,0,0.58,0.1,2,0.0,26.8,59.2,0.0,0.0,0.0,0,18.7,5582.0,15.2,38,24.5,0,1.8
SIMULATED TRAINING DATA — PROTOTYPE ONLY,43227,EMU Local,16,9.4,66.9,1.8,30.749999999999996,64.8,1.5,6,1,Warning,3.5,Occupied,0.69,0,1,1,0,30,1,97,0.05,0.2,2,10.3,30.3,75.3,0.0,0.0,0.0,0,10.3,7801.0,8.5,145,12.5,0,6.1
SIMULATED TRAINING DATA — PROTOTYPE ONLY,43201,EMU Local,15,3.0,42.9,1.9,28.699999999999996,54.7,0.5,8,2,Warning,2.4,Occupied,0.88,0,0,0,0,0,0,0,0.65,4.8,1,4.0,30.2,87.2,0.0,0.0,0.0,2,42.4,9166.0,8.2,221,10.0,0,6.1
SIMULATED TRAINING DATA — PROTOTYPE ONLY,43511,EMU Local,7,5.3,27.2,1.6,12.299999999999999,27.4,1.5,4,2,Normal,0.8,Clear,0.15,0,0,0,0,0,0,0,0.24,0.2,2,6.9,31.3,66.8,0.0,0.0,0.0,0,21.7,9929.0,19.5,160,27.4,0,0.8
SIMULATED TRAINING DATA — PROTOTYPE ONLY,43409,MEMU,16,7.3,30.7,2.7,30.749999999999996,62.6,0.5,17,2,Normal,0.8,Clear,0.28,0,0,0,0,0,0,0,0.8,1.4,5,8.0,39.4,76.9,0.0,0.0,0.0,0,18.8,8168.0,15.3,325,23.6,0,4.4
SIMULATED TRAINING DATA — PROTOTYPE ONLY,43237,EMU Local,5,12.0,59.7,2.1,8.2,26.8,1.0,15,2,Normal,0.1,Clear,0.48,0,0,0,0,0,0,0,0.33,1.9,2,12.8,30.3,72.8,11.100000000000001,3.7,0.0,61,96.7,6558.0,22.1,164,29.7,1,3.0
SIMULATED TRAINING DATA — PROTOTYPE ONLY,43227,MEMU,16,8.1,51.3,2.2,30.749999999999996,63.4,0.5,16,1,Normal,0.7,Clear,0.35,0,0,1,0,20,1,30,0.66,1.8,1,7.1,32.0,65.6,0.0,0.0,0.0,0,30.4,7069.0,6.8,323,8.3,0,10.0
SIMULATED TRAINING DATA — PROTOTYPE ONLY,43227,EMU Local,1,2.6,39.4,1.7,0.0,2.6,0.5,17,3,Normal,0.4,Clear,0.36,0,0,0,0,0,0,0,0.85,1.3,3,2.7,34.6,78.2,0.0,0.0,0.0,0,57.1,8618.0,27.5,164,42.2,1,4.0
SIMULATED TRAINING DATA — PROTOTYPE ONLY,43205,EMU Local,19,1.6,38.4,2.9,36.9,68.0,0.5,15,4,Warning,4.9,Occupied,0.77,0,0,0,0,0,0,0,0.22,0.8,2,1.6,33.5,93.8,0.0,0.0,0.0,2,23.3,7382.0,5.1,112,8.2,0,5.5
SIMULATED TRAINING DATA — PROTOTYPE ONLY,43237,EMU Local,5,0.7,39.4,2.2,8.2,15.5,0.5,16,2,Normal,0.3,Clear,0.12,0,0,0,0,0,0,0,0.06,0.1,2,0.0,37.4,88.5,0.0,0.0,0.0,2,22.3,7612.0,5.4,96,7.4,0,0.8
SIMULATED TRAINING DATA — PROTOTYPE ONLY,43501,Fast Local,7,2.0,60.6,1.0,12.299999999999999,24.1,0.5,9,1,Normal,1.3,Clear,0.28,0,0,0,0,0,0,0,0.69,2.4,2,2.4,29.3,61.9,0.0,0.0,0.0,0,38.2,5697.0,8.3,357,10.9,0,4.0
SIMULATED TRAINING DATA — PROTOTYPE ONLY,43425,EMU Local,19,1.8,30.2,2.4,36.9,68.2,0.5,18,5,Critical,11.6,Restricted,0.97,1,1,0,0,15,1,74,0.72,0.4,5,0.0,28.8,73.4,0.0,0.0,0.0,0,34.7,7684.0,5.8,254,9.7,0,25.4
SIMULATED TRAINING DATA — PROTOTYPE ONLY,43401,Fast Local,5,3.3,23.8,1.9,8.2,18.1,0.5,19,5,Normal,0.8,Clear,0.23,0,0,0,0,0,0,0,0.86,0.8,3,4.2,30.0,80.8,3.1,2.7,0.0,61,95.0,9859.0,14.6,161,21.8,0,3.7
SIMULATED TRAINING DATA — PROTOTYPE ONLY,43409,EMU Local,17,4.4,69.3,2.0,32.8,63.4,0.5,12,1,Normal,0.0,Clear,0.43,0,0,1,0,15,1,93,0.11,0.0,1,3.9,27.8,73.0,0.0,0.0,0.0,0,40.3,6681.0,33.3,73,41.8,1,9.4
SIMULATED TRAINING DATA — PROTOTYPE ONLY,43221,EMU Local,8,15.3,42.4,2.7,14.349999999999998,41.1,0.5,11,2,Warning,6.3,Occupied,0.74,0,0,0,0,0,0,0,0.39,0.3,2,14.9,31.7,56.6,0.0,0.0,0.0,0,47.0,5840.0,10.0,318,14.0,0,6.6
SIMULATED TRAINING DATA — PROTOTYPE ONLY,43219,EMU Local,1,5.2,40.8,2.2,0.0,5.2,0.5,8,0,Warning,6.2,Occupied,0.8,0,0,1,1,30,1,109,0.7,0.3,1,4.6,32.1,62.9,13.299999999999999,11.6,3.0,63,98.4,7372.0,32.3,77,45.9,2,18.7
SIMULATED TRAINING DATA — PROTOTYPE ONLY,43203,EMU Local,2,4.1,52.1,3.1,2.05,7.8,1.5,18,1,Normal,0.3,Clear,0.17,0,1,0,0,20,1,108,0.87,2.8,3,3.4,30.2,79.5,0.0,0.0,0.0,0,22.7,7595.0,23.3,333,32.7,1,12.3
SIMULATED TRAINING DATA — PROTOTYPE ONLY,43221,MEMU,15,1.6,27.2,2.2,28.699999999999996,53.3,1.0,10,4,Warning,4.5,Occupied,0.97,0,0,0,0,0,0,0,0.68,6.9,1,1.3,33.7,95.1,3.9,3.3,0.0,61,96.4,9988.0,9.3,251,11.7,1,10.8
SIMULATED TRAINING DATA — PROTOTYPE ONLY,43209,Fast Local,20,0.1,53.3,1.8,38.949999999999996,70.2,0.5,20,4,Normal,0.5,Clear,0.42,0,0,0,0,0,0,0,0.76,0.6,5,1.2,33.8,64.2,0.0,0.0,0.0,0,19.4,6070.0,34.6,198,57.6,2,7.3
SIMULATED TRAINING DATA — PROTOTYPE ONLY,43217,Fast Local,18,1.4,36.3,1.0,34.849999999999994,64.1,1.0,19,0,Normal,1.2,Clear,0.19,0,0,0,0,0,0,0,0.43,0.2,1,0.1,28.6,60.6,0.0,0.0,0.0,0,29.2,7716.0,22.0,207,36.2,1,5.6
SIMULATED TRAINING DATA — PROTOTYPE ONLY,43247,MEMU,11,5.9,58.9,1.7,20.5,42.8,1.0,14,5,Warning,5.9,Occupied,0.91,0,0,0,0,0,0,0,0.11,0.3,1,5.9,33.8,85.5,0.0,0.0,0.0,2,43.5,6867.0,23.8,120,38.8,1,6.7
SIMULATED TRAINING DATA — PROTOTYPE ONLY,43239,EMU Local,10,0.9,19.0,1.9,18.45,34.1,0.5,10,5,Normal,0.3,Clear,0.27,0,0,0,0,0,0,0,0.83,0.6,4,3.4,26.9,74.8,0.0,0.0,0.0,0,35.4,8733.0,23.0,196,37.0,1,3.9
SIMULATED TRAINING DATA — PROTOTYPE ONLY,43407,EMU Local,4,5.0,48.8,3.0,6.1499999999999995,16.1,0.5,14,1,Normal,0.1,Clear,0.25,0,0,1,0,20,1,45,0.25,0.7,2,4.2,27.8,67.3,0.0,0.0,0.0,0,19.3,9353.0,33.1,27,48.9,2,14.9
SIMULATED TRAINING DATA — PROTOTYPE ONLY,43209,Fast Local,5,3.5,38.5,1.8,8.2,18.3,0.5,5,0,Warning,3.6,Occupied,0.81,0,1,0,0,30,1,21,0.6,1.5,1,3.5,37.2,69.7,0.0,0.0,0.0,0,15.7,8803.0,31.6,295,47.4,2,12.8
SIMULATED TRAINING DATA — PROTOTYPE ONLY,43201,EMU Local,4,0.8,31.4,3.1,6.1499999999999995,11.9,2.0,5,1,Normal,0.4,Clear,0.28,0,0,0,0,0,0,0,0.28,0.0,1,1.8,30.6,70.3,6.8999999999999995,6.6,3.9,63,72.0,5950.0,8.4,185,13.4,1,2.6
SIMULATED TRAINING DATA — PROTOTYPE ONLY,66015,MEMU,13,1.2,53.6,1.4,24.599999999999998,45.5,0.5,9,1,Normal,1.4,Clear,0.44,0,0,0,0,0,0,0,0.63,7.4,1,3.8,30.7,81.0,0.0,0.0,0.0,0,57.8,8254.0,25.5,134,33.3,1,8.5
SIMULATED TRAINING DATA — PROTOTYPE ONLY,43425,MEMU,13,2.7,39.8,1.6,24.599999999999998,47.0,1.0,6,0,Critical,7.2,Restricted,0.79,1,1,0,0,20,1,41,0.25,0.2,1,4.6,38.2,74.7,0.0,0.0,0.0,0,25.8,6161.0,37.0,47,53.0,2,23.4
SIMULATED TRAINING DATA — PROTOTYPE ONLY,43201,EMU Local,18,2.2,49.0,2.8,34.849999999999994,64.9,0.5,4,5,Warning,3.4,Occupied,0.66,0,0,0,0,0,0,0,0.49,3.9,2,2.0,32.2,53.6,0.0,0.0,0.0,0,17.8,9919.0,27.2,179,37.8,1,7.6
SIMULATED TRAINING DATA — PROTOTYPE ONLY,43223,Fast Local,2,6.0,61.0,1.7,2.05,9.7,1.0,23,6,Critical,7.2,Restricted,0.89,1,1,0,0,15,1,84,0.06,0.1,1,6.5,30.5,70.5,0.0,0.0,0.0,0,51.4,7799.0,33.3,314,48.5,2,24.6
SIMULATED TRAINING DATA — PROTOTYPE ONLY,66015,EMU Local,16,5.3,53.9,2.8,30.749999999999996,60.6,0.5,19,3,Critical,7.1,Restricted,0.73,1,1,0,0,30,1,98,0.68,0.4,2,5.1,27.9,94.0,3.5,3.2,0.0,61,79.2,7153.0,12.0,269,17.1,1,21.9
SIMULATED TRAINING DATA — PROTOTYPE ONLY,66015,EMU Local,1,3.4,25.8,1.6,0.0,3.4,0.5,17,2,Normal,0.6,Clear,0.14,0,0,0,0,0,0,0,0.61,0.2,2,4.7,33.4,85.3,0.0,0.0,0.0,2,15.4,8232.0,27.1,336,35.6,1,4.0
SIMULATED TRAINING DATA — PROTOTYPE ONLY,43207,EMU Local,19,6.9,33.9,1.7,36.9,73.3,0.5,20,2,Warning,4.4,Occupied,0.78,0,0,0,0,0,0,0,0.81,2.0,5,6.8,37.3,87.0,0.0,0.0,0.0,2,59.5,7998.0,27.2,186,44.6,1,10.6
SIMULATED TRAINING DATA — PROTOTYPE ONLY,43217,EMU Local,9,3.3,48.9,2.5,16.4,32.8,1.5,21,2,Normal,0.2,Clear,0.22,0,0,0,0,0,0,0,0.16,0.3,2,5.3,31.2,62.0,0.0,0.0,0.0,0,20.7,9586.0,8.1,173,11.9,0,0.0
SIMULATED TRAINING DATA — PROTOTYPE ONLY,43501,EMU Local,3,13.3,53.9,1.6,4.1,20.7,0.5,7,0,Warning,6.5,Occupied,0.98,0,1,0,0,30,1,16,0.59,5.2,2,11.0,36.7,76.3,1.4,0.5,0.0,0,73.8,7563.0,17.7,178,28.3,0,12.8
SIMULATED TRAINING DATA — PROTOTYPE ONLY,43423,EMU Local,7,1.0,36.1,1.9,12.299999999999999,23.1,0.5,6,1,Warning,3.7,Occupied,0.74,0,0,0,0,0,0,0,0.51,0.4,1,1.7,30.9,83.4,0.0,0.0,0.0,0,19.7,8781.0,18.1,1,24.3,0,4.8
SIMULATED TRAINING DATA — PROTOTYPE ONLY,43245,MEMU,10,5.0,45.0,2.3,18.45,38.2,1.0,11,6,Normal,0.2,Clear,0.18,0,0,0,0,0,0,0,0.08,0.4,2,5.9,28.5,72.9,3.9,0.6,0.0,61,75.9,9923.0,29.7,162,46.0,2,5.9
SIMULATED TRAINING DATA — PROTOTYPE ONLY,43209,Fast Local,1,1.8,44.9,1.9,0.0,1.8,1.0,7,6,Normal,0.2,Clear,0.27,0,0,0,0,0,0,0,0.07,0.1,2,0.0,29.6,86.2,0.0,0.0,0.0,2,44.0,8159.0,23.4,348,31.9,1,2.2
SIMULATED TRAINING DATA — PROTOTYPE ONLY,43207,EMU Local,10,1.3,47.0,1.8,18.45,34.5,0.5,18,1,Normal,1.8,Clear,0.27,0,0,0,0,0,0,0,0.87,6.3,4,0.0,28.5,61.7,0.0,0.0,0.0,0,46.9,5689.0,10.6,346,14.0,0,6.3
SIMULATED TRAINING DATA — PROTOTYPE ONLY,43505,EMU Local,21,0.8,24.3,1.4,41.0,74.6,0.5,16,4,Warning,6.9,Occupied,0.74,0,0,0,0,0,0,0,0.17,0.4,2,2.4,37.0,74.6,0.0,0.0,0.0,0,15.1,9980.0,16.3,37,24.1,0,7.8
SIMULATED TRAINING DATA — PROTOTYPE ONLY,43423,Fast Local,9,3.2,20.8,3.0,16.4,32.7,0.5,17,6,Warning,6.4,Occupied,0.66,0,1,0,0,30,1,98,0.78,4.9,5,3.8,36.0,64.9,0.0,0.0,0.0,0,43.6,8217.0,6.3,153,8.5,0,14.5
SIMULATED TRAINING DATA — PROTOTYPE ONLY,43403,EMU Local,15,1.0,8.1,3.1,28.699999999999996,52.7,0.5,17,1,Normal,0.1,Clear,0.24,0,1,1,0,20,1,33,0.62,1.2,2,2.0,33.1,89.7,0.0,0.0,0.0,2,36.0,9946.0,16.3,198,22.9,0,8.1
SIMULATED TRAINING DATA — PROTOTYPE ONLY,43203,EMU Local,15,0.9,43.6,2.3,28.699999999999996,52.6,1.0,8,5,Normal,1.4,Clear,0.11,0,0,0,0,0,0,0,0.98,0.7,3,2.9,22.0,71.3,0.0,0.0,0.0,0,33.9,7611.0,6.1,275,9.2,0,4.2
SIMULATED TRAINING DATA — PROTOTYPE ONLY,43203,EMU Local,3,18.6,21.5,2.0,4.1,26.0,0.5,8,3,Warning,3.2,Occupied,0.69,0,0,1,0,15,1,77,0.77,2.1,4,18.2,37.4,69.5,0.0,0.0,0.0,0,35.4,5250.0,37.5,100,58.2,2,19.8
SIMULATED TRAINING DATA — PROTOTYPE ONLY,66069,EMU Local,5,6.5,74.1,2.0,8.2,21.3,1.5,16,2,Normal,0.8,Clear,0.39,0,0,0,0,0,0,0,0.14,0.2,1,8.5,30.0,58.4,32.3,28.8,1.6,65,94.6,1926.0,31.3,234,40.6,2,6.9
SIMULATED TRAINING DATA — PROTOTYPE ONLY,43205,EMU Local,9,5.5,51.8,2.6,16.4,35.0,0.5,7,6,Normal,0.2,Clear,0.34,0,0,0,0,0,0,0,0.26,0.2,2,9.0,29.0,81.9,3.5999999999999996,2.8,0.0,61,87.5,9433.0,36.6,161,57.8,2,5.5
SIMULATED TRAINING DATA — PROTOTYPE ONLY,43211,Fast Local,9,6.3,24.3,2.7,16.4,35.8,0.5,21,5,Normal,0.3,Clear,0.48,0,0,0,0,0,0,0,0.66,5.4,2,7.8,30.2,77.3,0.0,0.0,0.0,0,39.4,7436.0,19.8,113,26.3,0,4.2
SIMULATED TRAINING DATA — PROTOTYPE ONLY,43211,EMU Local,7,13.9,59.0,1.8,12.299999999999999,36.0,1.0,9,5,Warning,6.4,Occupied,0.82,0,1,0,0,15,1,19,0.76,2.1,5,14.4,31.7,71.8,0.0,0.0,0.0,0,34.3,6734.0,17.0,172,25.9,0,15.6
SIMULATED TRAINING DATA — PROTOTYPE ONLY,43219,EMU Local,12,3.4,59.1,2.7,22.549999999999997,44.0,1.0,8,6,Warning,5.0,Occupied,0.86,0,1,0,1,30,1,34,0.84,4.7,3,3.3,33.2,79.2,0.0,0.0,0.0,0,28.5,5740.0,37.3,120,62.9,2,19.5
SIMULATED TRAINING DATA — PROTOTYPE ONLY,43247,EMU Local,9,1.0,60.3,2.5,16.4,30.5,0.5,6,6,Normal,0.9,Clear,0.15,0,0,0,0,0,0,0,0.3,1.6,2,1.3,35.9,84.9,0.0,0.0,0.0,0,37.6,9643.0,33.3,179,40.1,1,4.0
SIMULATED TRAINING DATA — PROTOTYPE ONLY,43503,EMU Local,6,7.9,29.9,2.7,10.25,26.4,1.0,23,3,Normal,0.0,Clear,0.31,0,0,0,0,0,0,0,0.49,0.0,1,8.1,33.6,74.4,0.0,0.0,0.0,0,28.2,7611.0,27.9,16,37.6,1,5.0
SIMULATED TRAINING DATA — PROTOTYPE ONLY,43201,EMU Local,2,5.4,52.7,1.1,2.05,9.1,1.0,6,2,Normal,1.2,Clear,0.37,0,0,0,0,0,0,0,0.07,0.5,2,5.4,31.6,77.3,0.0,0.0,0.0,0,17.0,8912.0,16.9,15,23.6,0,0.7
SIMULATED TRAINING DATA — PROTOTYPE ONLY,43211,MEMU,9,2.1,60.5,1.8,16.4,31.6,0.5,6,6,Warning,6.0,Occupied,0.97,0,0,0,0,0,0,0,0.49,2.5,1,0.8,30.0,78.5,0.0,0.0,0.0,0,13.3,8085.0,13.0,239,19.4,0,7.0
SIMULATED TRAINING DATA — PROTOTYPE ONLY,43219,MEMU,17,2.6,65.6,2.0,32.8,61.6,0.5,23,0,Normal,0.4,Clear,0.34,0,0,0,0,0,0,0,0.21,0.2,2,3.1,28.0,50.9,0.0,0.0,0.0,0,16.1,5586.0,21.2,302,31.1,1,2.3
SIMULATED TRAINING DATA — PROTOTYPE ONLY,43205,EMU Local,1,2.1,19.1,1.8,0.0,2.1,0.5,5,3,Normal,0.1,Clear,0.45,0,0,0,0,0,0,0,0.47,0.4,2,2.4,33.0,77.7,0.0,0.0,0.0,0,42.8,5239.0,12.7,1,19.8,0,0.7
SIMULATED TRAINING DATA — PROTOTYPE ONLY,43211,Fast Local,19,10.6,38.7,3.3,36.9,77.0,1.0,23,5,Normal,0.9,Clear,0.39,0,0,0,0,0,0,0,0.08,0.0,1,12.2,33.6,52.4,0.0,0.0,0.0,0,47.4,6891.0,10.8,120,16.3,0,0.5
SIMULATED TRAINING DATA — PROTOTYPE ONLY,43239,MEMU,6,1.7,29.3,1.9,10.25,20.2,0.5,21,6,Warning,4.6,Occupied,0.95,0,0,0,0,0,0,0,0.33,0.1,1,2.4,28.4,72.1,6.6000000000000005,5.7,3.0,63,99.1,5037.0,15.6,23,23.3,1,8.5
SIMULATED TRAINING DATA — PROTOTYPE ONLY,43239,MEMU,5,13.2,70.0,2.4,8.2,28.0,1.0,13,1,Normal,0.8,Clear,0.42,0,0,0,1,0,1,26,0.32,0.2,2,12.3,27.3,78.8,0.0,0.0,0.0,0,10.4,6056.0,8.7,346,12.0,0,5.2
SIMULATED TRAINING DATA — PROTOTYPE ONLY,43217,EMU Local,2,9.6,49.4,2.2,2.05,13.3,1.0,10,2,Normal,0.8,Clear,0.14,0,0,0,0,0,0,0,0.73,0.0,4,8.3,34.6,50.1,0.0,0.0,0.0,0,36.5,9586.0,21.4,216,27.9,0,3.5
SIMULATED TRAINING DATA — PROTOTYPE ONLY,43245,EMU Local,9,4.0,55.4,1.9,16.4,33.5,1.0,23,4,Warning,2.5,Occupied,0.94,0,0,0,0,0,0,0,0.21,0.3,1,4.0,29.8,72.6,0.0,0.0,0.0,0,10.6,7898.0,31.6,67,43.5,1,3.0
SIMULATED TRAINING DATA — PROTOTYPE ONLY,43217,EMU Local,14,3.5,49.1,1.7,26.65,51.5,1.0,17,3,Critical,11.2,Restricted,0.77,1,0,0,0,0,0,0,0.68,6.1,1,2.5,26.8,67.8,0.0,0.0,0.0,0,13.2,8472.0,36.3,9,43.8,1,20.4
SIMULATED TRAINING DATA — PROTOTYPE ONLY,43505,EMU Local,4,1.8,47.6,3.3,6.1499999999999995,12.9,0.5,13,5,Normal,0.3,Clear,0.16,0,0,0,0,0,0,0,0.33,0.9,2,2.0,27.7,69.0,0.0,0.0,0.0,0,13.6,8897.0,18.9,277,24.6,0,2.0
SIMULATED TRAINING DATA — PROTOTYPE ONLY,43423,EMU Local,4,0.1,29.1,2.0,6.1499999999999995,11.2,1.5,23,0,Normal,1.5,Clear,0.47,0,0,0,0,0,0,0,0.47,1.4,2,0.0,33.6,81.3,6.0,5.4,3.6,63,81.5,9733.0,36.8,337,50.2,2,9.4
SIMULATED TRAINING DATA — PROTOTYPE ONLY,43511,EMU Local,21,0.5,35.3,2.6,41.0,74.3,1.0,19,5,Normal,0.2,Clear,0.19,0,0,0,0,0,0,0,0.46,0.4,1,2.0,37.8,94.8,0.0,0.0,0.0,2,11.9,5767.0,28.4,309,45.2,2,6.7
SIMULATED TRAINING DATA — PROTOTYPE ONLY,43217,Fast Local,15,5.6,43.1,2.1,28.699999999999996,57.3,0.5,9,4,Normal,0.1,Clear,0.36,0,0,0,0,0,0,0,0.71,0.6,3,6.3,35.6,80.8,0.0,0.0,0.0,0,13.2,7878.0,6.9,284,8.4,0,2.8
SIMULATED TRAINING DATA — PROTOTYPE ONLY,43409,Fast Local,8,2.6,32.3,1.8,14.349999999999998,28.4,1.0,20,6,Normal,1.1,Clear,0.38,0,0,0,0,0,0,0,0.43,0.7,1,3.8,24.0,72.3,0.0,0.0,0.0,0,46.2,6944.0,18.9,275,22.8,0,2.7
SIMULATED TRAINING DATA — PROTOTYPE ONLY,43211,Fast Local,4,0.6,29.5,2.2,6.1499999999999995,11.7,1.0,9,6,Normal,0.1,Clear,0.36,0,0,0,0,0,0,0,0.33,0.4,1,0.4,31.1,55.8,0.0,0.0,0.0,0,34.6,6909.0,36.7,352,59.9,2,7.9
SIMULATED TRAINING DATA — PROTOTYPE ONLY,43247,EMU Local,16,1.2,38.9,2.3,30.749999999999996,56.6,0.5,21,0,Normal,0.6,Clear,0.32,0,0,0,0,0,0,0,0.26,1.8,2,1.4,34.8,88.4,2.6999999999999997,2.3,0.0,61,70.9,8404.0,13.1,170,18.2,0,3.1
SIMULATED TRAINING DATA — PROTOTYPE ONLY,43215,EMU Local,21,11.8,32.9,1.8,41.0,85.6,0.5,13,2,Warning,3.3,Occupied,0.92,0,1,0,0,15,1,60,0.12,0.1,1,12.9,25.6,70.0,0.0,0.0,0.0,0,38.0,6015.0,7.9,189,9.6,0,11.4
SIMULATED TRAINING DATA — PROTOTYPE ONLY,43237,EMU Local,4,1.8,42.7,1.6,6.1499999999999995,12.9,0.5,13,3,Normal,0.4,Clear,0.27,0,0,0,0,0,0,0,0.25,1.0,2,2.2,38.0,51.8,0.0,0.0,0.0,0,58.5,8171.0,14.5,127,24.5,0,0.0
SIMULATED TRAINING DATA — PROTOTYPE ONLY,43219,EMU Local,16,9.5,35.4,2.4,30.749999999999996,64.8,2.0,12,0,Normal,0.5,Clear,0.47,0,0,0,0,0,0,0,0.59,1.4,1,10.4,24.3,58.1,0.0,0.0,0.0,0,25.0,6816.0,24.9,80,33.6,1,6.4
SIMULATED TRAINING DATA — PROTOTYPE ONLY,43207,EMU Local,12,1.5,31.7,2.2,22.549999999999997,42.1,1.0,18,4,Normal,0.3,Clear,0.1,0,0,0,0,0,0,0,0.72,2.8,3,0.7,33.9,56.8,10.3,5.3,1.9,63,92.8,5593.0,32.2,164,52.3,2,5.1
SIMULATED TRAINING DATA — PROTOTYPE ONLY,43249,EMU Local,16,3.1,28.1,1.7,30.749999999999996,58.4,0.5,14,5,Normal,1.8,Clear,0.12,0,1,0,0,30,1,87,0.5,3.1,1,4.1,30.1,58.6,0.0,0.0,0.0,0,41.9,9240.0,21.1,234,32.2,1,9.2
SIMULATED TRAINING DATA — PROTOTYPE ONLY,43223,EMU Local,19,0.1,42.1,1.5,36.9,66.5,1.0,10,4,Normal,0.1,Clear,0.3,0,0,0,0,0,0,0,0.82,1.2,3,0.0,32.4,84.2,0.0,0.0,0.0,0,41.0,5715.0,25.7,88,31.8,1,5.0
SIMULATED TRAINING DATA — PROTOTYPE ONLY,43217,MEMU,8,3.0,55.3,2.3,14.349999999999998,28.8,0.5,21,1,Warning,2.9,Occupied,0.98,0,0,0,0,0,0,0,0.31,0.8,2,5.5,31.8,74.4,0.0,0.0,0.0,0,10.1,7530.0,34.3,68,41.9,1,5.3
SIMULATED TRAINING DATA — PROTOTYPE ONLY,43511,EMU Local,6,4.1,51.8,1.0,10.25,22.5,0.5,5,0,Normal,0.3,Clear,0.26,0,0,0,0,0,0,0,0.29,0.7,2,4.3,28.0,78.5,0.0,0.0,0.0,0,35.1,6389.0,25.6,75,40.4,1,1.5
SIMULATED TRAINING DATA — PROTOTYPE ONLY,43205,MEMU,10,1.1,19.1,1.9,18.45,34.3,0.5,5,3,Normal,0.5,Clear,0.5,0,0,0,0,0,0,0,0.3,0.5,1,2.4,33.6,38.4,0.0,0.0,0.0,0,32.1,9767.0,22.5,16,34.8,1,4.3
SIMULATED TRAINING DATA — PROTOTYPE ONLY,43227,EMU Local,5,3.5,54.9,2.2,8.2,18.3,1.0,16,3,Normal,0.3,Clear,0.41,0,0,0,0,0,0,0,0.18,1.1,2,3.0,30.6,81.2,0.0,0.0,0.0,0,20.6,8068.0,6.9,124,8.7,0,0.5
SIMULATED TRAINING DATA — PROTOTYPE ONLY,43215,EMU Local,18,4.2,51.7,3.1,34.849999999999994,66.9,2.0,14,5,Normal,0.1,Clear,0.45,0,0,1,0,20,1,89,0.35,0.0,2,3.9,33.8,79.6,0.0,0.0,0.0,0,46.6,8185.0,27.0,180,43.4,1,10.4
SIMULATED TRAINING DATA — PROTOTYPE ONLY,43503,EMU Local,10,4.6,55.3,2.1,18.45,37.8,2.0,22,5,Normal,1.5,Clear,0.25,0,0,0,0,0,0,0,0.22,0.3,1,4.3,28.9,50.5,0.6000000000000001,0.4,0.0,0,77.2,7714.0,23.0,91,35.1,1,2.9
SIMULATED TRAINING DATA — PROTOTYPE ONLY,43207,EMU Local,10,6.0,58.3,1.9,18.45,39.2,0.5,23,6,Normal,0.3,Clear,0.2,0,0,0,0,0,0,0,0.18,1.1,2,3.9,30.5,57.1,0.0,0.0,0.0,0,40.6,9482.0,32.4,82,47.2,2,3.2
SIMULATED TRAINING DATA — PROTOTYPE ONLY,43423,EMU Local,7,1.5,31.1,2.3,12.299999999999999,23.6,1.0,4,5,Warning,6.4,Occupied,0.6,0,0,1,0,30,1,22,0.2,1.4,1,0.0,33.7,85.7,6.1,4.1,0.0,61,83.3,6514.0,22.3,16,36.5,1,14.9
SIMULATED TRAINING DATA — PROTOTYPE ONLY,66069,EMU Local,18,3.4,37.5,1.7,34.849999999999994,66.1,1.0,20,1,Warning,3.8,Occupied,0.69,0,0,0,0,0,0,0,0.74,3.1,5,3.1,28.6,64.8,0.0,0.0,0.0,0,27.3,7841.0,14.3,269,19.2,0,7.3
SIMULATED TRAINING DATA — PROTOTYPE ONLY,43423,EMU Local,1,16.0,68.9,2.0,0.0,16.0,0.5,23,4,Normal,0.1,Clear,0.32,0,0,0,0,0,0,0,0.33,0.5,1,13.7,36.2,84.1,0.0,0.0,0.0,0,17.2,6124.0,10.9,34,17.0,0,0.0
SIMULATED TRAINING DATA — PROTOTYPE ONLY,43211,EMU Local,7,9.1,68.0,2.1,12.299999999999999,31.2,1.0,21,5,Normal,0.1,Clear,0.46,0,0,0,0,0,0,0,0.47,2.8,2,9.4,32.7,72.1,8.299999999999999,7.6,1.2,63,98.8,5979.0,27.7,72,46.1,2,7.0
SIMULATED TRAINING DATA — PROTOTYPE ONLY,43409,EMU Local,21,12.2,40.9,2.5,41.0,86.0,1.5,11,6,Normal,0.1,Clear,0.49,0,0,1,0,30,1,18,0.29,0.1,2,12.0,39.4,65.8,0.0,0.0,0.0,0,48.5,7407.0,19.9,233,30.7,1,6.0
SIMULATED TRAINING DATA — PROTOTYPE ONLY,43239,Fast Local,1,2.0,51.0,1.7,0.0,2.0,1.0,16,0,Critical,9.8,Restricted,0.79,1,0,1,0,20,1,50,0.17,0.2,1,0.0,30.8,70.3,0.0,0.0,0.0,0,16.4,6370.0,26.6,160,37.7,1,22.1
SIMULATED TRAINING DATA — PROTOTYPE ONLY,43425,EMU Local,15,6.2,52.4,2.1,28.699999999999996,57.9,0.5,7,5,Normal,0.1,Clear,0.19,0,1,0,1,15,1,57,0.31,0.1,1,5.6,32.6,48.1,0.0,0.0,0.0,0,28.9,8742.0,32.4,226,53.6,2,14.0
SIMULATED TRAINING DATA — PROTOTYPE ONLY,66015,MEMU,4,3.9,68.4,1.0,6.1499999999999995,15.0,1.5,22,4,Normal,0.3,Clear,0.31,0,0,0,0,0,0,0,0.12,0.0,2,3.9,30.6,76.6,0.0,0.0,0.0,0,31.1,5213.0,15.7,6,23.0,0,0.0
SIMULATED TRAINING DATA — PROTOTYPE ONLY,43407,EMU Local,20,0.3,47.2,2.4,38.949999999999996,70.4,1.5,6,0,Normal,0.5,Clear,0.5,0,1,0,0,20,1,97,0.48,1.5,2,2.0,31.5,57.6,0.0,0.0,0.0,0,45.7,5583.0,25.8,24,37.0,1,9.2
SIMULATED TRAINING DATA — PROTOTYPE ONLY,43425,Fast Local,10,6.9,23.8,2.0,18.45,40.1,1.0,9,0,Normal,0.5,Clear,0.22,0,1,1,0,20,1,40,0.42,0.1,2,6.4,33.7,50.0,0.0,0.0,0.0,0,14.6,8099.0,35.7,70,57.2,2,13.9
SIMULATED TRAINING DATA — PROTOTYPE ONLY,43409,MEMU,9,4.5,34.9,3.2,16.4,34.0,0.5,9,0,Normal,0.0,Clear,0.35,0,0,0,0,0,0,0,0.55,2.2,2,2.5,38.0,54.2,0.0,0.0,0.0,0,22.6,5378.0,12.0,47,16.2,0,3.3
SIMULATED TRAINING DATA — PROTOTYPE ONLY,43251,EMU Local,2,0.9,75.0,2.3,2.05,4.6,1.0,9,4,Normal,1.3,Clear,0.38,0,1,1,0,15,1,103,0.95,1.4,4,0.0,37.2,61.1,6.5,5.5,3.1,63,85.6,6591.0,33.3,279,51.2,2,19.3
SIMULATED TRAINING DATA — PROTOTYPE ONLY,43505,EMU Local,14,0.3,23.1,1.6,26.65,48.3,0.5,11,5,Normal,0.9,Clear,0.19,0,0,0,1,0,1,37,0.28,0.1,1,0.0,34.6,79.0,0.0,0.0,0.0,0,58.2,8131.0,11.0,355,17.6,0,4.8
SIMULATED TRAINING DATA — PROTOTYPE ONLY,43215,Fast Local,16,7.3,42.8,1.4,30.749999999999996,62.6,0.5,20,4,Normal,1.7,Clear,0.34,0,0,0,0,0,0,0,0.88,1.0,3,6.1,27.2,62.4,0.0,0.0,0.0,0,47.7,6083.0,16.9,248,23.6,0,5.4
SIMULATED TRAINING DATA — PROTOTYPE ONLY,43403,EMU Local,1,0.3,75.0,2.5,0.0,0.3,1.0,13,4,Normal,0.2,Clear,0.23,0,1,0,0,30,1,106,0.3,0.5,1,0.1,30.0,81.0,0.0,0.0,0.0,0,46.4,8891.0,19.2,137,28.6,0,5.9
SIMULATED TRAINING DATA — PROTOTYPE ONLY,43217,EMU Local,2,0.4,30.0,3.2,2.05,4.1,2.0,8,2,Normal,0.5,Clear,0.44,0,0,0,0,0,0,0,0.8,1.3,4,0.6,33.8,82.6,1.1,0.9,0.0,61,91.7,9800.0,24.9,188,34.5,1,5.6
SIMULATED TRAINING DATA — PROTOTYPE ONLY,43511,EMU Local,7,2.2,1.1,3.0,12.299999999999999,24.3,1.0,22,6,Normal,0.1,Clear,0.39,0,0,0,1,0,1,89,0.16,0.4,2,2.8,28.3,83.6,0.0,0.0,0.0,0,26.3,9682.0,10.8,327,16.1,0,2.5
SIMULATED TRAINING DATA — PROTOTYPE ONLY,43425,MEMU,10,0.6,3.9,1.4,18.45,33.8,1.0,14,4,Normal,0.8,Clear,0.43,0,0,0,0,0,0,0,0.48,1.2,2,1.3,31.4,94.1,0.0,0.0,0.0,2,24.3,5437.0,21.1,51,33.3,1,4.9
SIMULATED TRAINING DATA — PROTOTYPE ONLY,43223,MEMU,20,9.8,30.1,2.2,38.949999999999996,79.9,0.5,13,1,Normal,0.1,Clear,0.18,0,0,0,0,0,0,0,0.26,0.4,1,9.1,32.1,77.7,0.0,0.0,0.0,0,47.3,8599.0,36.1,33,52.1,2,6.0
SIMULATED TRAINING DATA — PROTOTYPE ONLY,43227,EMU Local,1,2.5,15.6,2.8,0.0,2.5,0.5,6,6,Normal,0.2,Clear,0.11,0,0,0,0,0,0,0,0.38,3.1,1,3.3,38.8,79.0,0.0,0.0,0.0,0,11.4,8786.0,16.1,197,27.0,0,2.7
SIMULATED TRAINING DATA — PROTOTYPE ONLY,43425,EMU Local,13,3.4,57.6,1.3,24.599999999999998,47.7,1.5,13,2,Normal,0.3,Clear,0.44,0,0,0,0,0,0,0,0.43,0.4,2,1.6,30.9,64.3,11.7,7.8,1.5,63,74.4,5884.0,12.3,287,16.9,1,2.8
SIMULATED TRAINING DATA — PROTOTYPE ONLY,43403,EMU Local,1,10.5,46.0,2.7,0.0,10.5,1.0,5,0,Normal,0.5,Clear,0.25,0,0,0,0,0,0,0,0.16,0.2,2,10.7,25.2,44.2,0.0,0.0,0.0,0,48.6,5470.0,6.6,213,9.7,0,0.0
SIMULATED TRAINING DATA — PROTOTYPE ONLY,43213,EMU Local,5,3.0,10.0,1.7,8.2,17.8,1.0,12,5,Normal,0.4,Clear,0.17,0,1,0,0,15,1,102,0.11,0.3,1,3.3,34.6,75.9,0.0,0.0,0.0,0,17.2,5519.0,28.3,159,39.6,1,11.4
SIMULATED TRAINING DATA — PROTOTYPE ONLY,43409,Fast Local,16,1.7,18.1,2.0,30.749999999999996,57.0,0.5,8,3,Normal,0.1,Clear,0.14,0,0,1,0,30,1,61,0.69,0.7,1,1.9,35.7,55.6,0.0,0.0,0.0,0,57.1,7484.0,21.6,209,32.3,1,8.2
SIMULATED TRAINING DATA — PROTOTYPE ONLY,43223,EMU Local,15,6.4,60.6,2.3,28.699999999999996,58.1,1.0,20,5,Normal,0.3,Clear,0.31,0,0,0,0,0,0,0,0.57,0.3,1,5.2,40.6,55.2,0.0,0.0,0.0,0,55.4,9367.0,22.4,53,32.5,1,4.4
SIMULATED TRAINING DATA — PROTOTYPE ONLY,43403,EMU Local,17,2.3,44.9,2.7,32.8,61.3,1.5,9,2,Critical,17.5,Restricted,0.98,1,0,0,0,0,0,0,0.46,0.0,1,1.2,29.7,58.0,0.0,0.0,0.0,0,58.5,6661.0,37.2,7,52.1,2,26.2
SIMULATED TRAINING DATA — PROTOTYPE ONLY,66015,EMU Local,16,1.5,63.5,3.0,30.749999999999996,56.8,0.5,14,6,Normal,1.0,Clear,0.33,0,0,0,0,0,0,0,0.45,4.6,1,2.3,26.0,79.8,0.0,0.0,0.0,0,37.2,5831.0,13.1,339,17.6,0,3.6
SIMULATED TRAINING DATA — PROTOTYPE ONLY,43219,MEMU,13,5.1,58.8,1.9,24.599999999999998,49.4,0.5,8,2,Critical,12.2,Restricted,0.7,1,0,0,1,0,1,80,0.78,4.2,5,4.6,32.9,83.6,6.1,5.3,3.2,63,83.3,8014.0,32.6,205,50.3,2,28.0
SIMULATED TRAINING DATA — PROTOTYPE ONLY,43215,EMU Local,11,6.5,24.7,1.8,20.5,43.4,0.5,10,6,Warning,5.5,Occupied,0.96,0,0,0,0,0,0,0,0.76,5.8,5,7.2,33.6,73.9,0.0,0.0,0.0,0,48.2,6880.0,10.7,276,14.8,0,9.6
SIMULATED TRAINING DATA — PROTOTYPE ONLY,43207,EMU Local,17,6.3,55.2,1.8,32.8,65.3,1.5,10,6,Normal,0.1,Clear,0.46,0,0,0,0,0,0,0,0.5,0.1,2,5.6,33.8,58.7,1.6,1.5,0.0,61,92.6,9911.0,20.1,199,30.6,1,3.0
SIMULATED TRAINING DATA — PROTOTYPE ONLY,66069,EMU Local,17,15.2,50.4,2.6,32.8,74.2,1.0,7,0,Warning,5.0,Occupied,1.0,0,1,0,0,30,1,105,0.05,0.0,1,18.6,29.9,68.6,0.0,0.0,0.0,0,13.9,7641.0,26.6,242,38.6,1,9.2
SIMULATED TRAINING DATA — PROTOTYPE ONLY,43239,EMU Local,2,6.2,12.6,2.7,2.05,9.9,1.0,13,4,Normal,0.1,Clear,0.3,0,0,0,1,0,1,116,0.26,0.7,1,5.9,33.2,88.9,0.0,0.0,0.0,2,32.2,5077.0,33.1,76,40.9,1,6.4
SIMULATED TRAINING DATA — PROTOTYPE ONLY,43511,EMU Local,13,5.9,21.6,2.6,24.599999999999998,50.2,0.5,21,4,Normal,0.3,Clear,0.17,0,0,1,0,30,1,80,0.17,0.0,1,7.3,31.9,68.8,0.0,0.0,0.0,0,40.3,8810.0,28.9,281,39.7,1,6.8
SIMULATED TRAINING DATA — PROTOTYPE ONLY,43245,EMU Local,14,7.8,75.0,2.3,26.65,55.8,1.0,4,2,Normal,0.7,Clear,0.45,0,0,0,0,0,0,0,0.2,0.2,1,10.7,29.2,66.0,0.0,0.0,0.0,0,43.3,9681.0,25.6,355,41.1,1,2.0
SIMULATED TRAINING DATA — PROTOTYPE ONLY,66069,EMU Local,11,0.0,28.1,2.3,20.5,36.9,1.0,17,4,Normal,0.3,Clear,0.47,0,1,0,0,20,1,83,0.83,10.5,3,1.3,27.1,88.2,0.0,0.0,0.0,2,34.5,8751.0,5.6,85,8.9,0,11.9
SIMULATED TRAINING DATA — PROTOTYPE ONLY,43249,Fast Local,10,1.8,48.2,2.0,18.45,35.0,0.5,9,2,Normal,0.1,Clear,0.26,0,0,1,0,30,1,92,0.93,1.4,5,1.4,30.2,98.0,7.9,7.9,2.3,63,96.3,6396.0,23.5,209,38.9,1,10.0
SIMULATED TRAINING DATA — PROTOTYPE ONLY,43247,MEMU,3,5.4,39.1,2.0,4.1,12.8,2.0,14,5,Normal,0.3,Clear,0.22,0,0,0,0,0,0,0,0.5,6.8,1,5.3,31.2,68.1,0.0,0.0,0.0,0,39.6,9328.0,17.2,298,21.2,0,4.2
SIMULATED TRAINING DATA — PROTOTYPE ONLY,43221,Fast Local,17,3.7,44.8,2.6,32.8,62.7,0.5,17,3,Normal,0.1,Clear,0.21,0,0,0,0,0,0,0,0.67,0.3,2,0.0,34.2,52.4,2.7,1.7,0.0,61,82.5,7932.0,36.9,242,58.4,2,4.9
SIMULATED TRAINING DATA — PROTOTYPE ONLY,43403,EMU Local,15,0.8,40.1,2.3,28.699999999999996,52.5,0.5,23,5,Normal,0.7,Clear,0.44,0,1,1,0,20,1,73,0.26,0.4,2,0.0,31.4,72.9,0.0,0.0,0.0,0,13.7,7577.0,15.8,266,22.9,0,8.1
SIMULATED TRAINING DATA — PROTOTYPE ONLY,43203,Fast Local,9,1.4,56.5,1.8,16.4,30.9,0.5,6,3,Normal,0.1,Clear,0.37,0,0,0,1,0,1,114,0.22,0.0,2,1.4,29.5,68.0,0.0,0.0,0.0,0,14.2,5946.0,8.4,334,11.9,0,4.4
SIMULATED TRAINING DATA — PROTOTYPE ONLY,66069,EMU Local,10,1.6,56.1,2.8,18.45,34.8,0.5,19,0,Normal,0.3,Clear,0.45,0,1,0,0,20,1,105,0.66,2.1,2,0.9,33.6,89.8,0.0,0.0,0.0,2,57.3,7139.0,9.8,187,13.6,0,10.0
SIMULATED TRAINING DATA — PROTOTYPE ONLY,43239,EMU Local,8,3.4,43.8,1.7,14.349999999999998,29.2,1.0,19,1,Critical,12.4,Restricted,0.76,1,0,1,0,15,1,92,0.87,1.3,4,2.1,31.2,56.6,0.0,0.0,0.0,0,44.4,8471.0,27.8,242,40.1,1,29.1
SIMULATED TRAINING DATA — PROTOTYPE ONLY,43505,EMU Local,21,7.1,28.4,2.2,41.0,80.9,0.5,10,1,Normal,0.1,Clear,0.29,0,1,0,0,30,1,93,0.69,1.7,2,7.1,28.7,61.0,0.0,0.0,0.0,0,40.9,9138.0,18.6,148,29.6,0,7.0
SIMULATED TRAINING DATA — PROTOTYPE ONLY,43403,EMU Local,13,10.8,33.5,1.4,24.599999999999998,55.1,1.0,11,5,Normal,0.0,Clear,0.37,0,0,0,0,0,0,0,0.21,1.2,2,10.1,32.9,67.6,0.0,0.0,0.0,0,46.7,9417.0,18.1,158,30.0,0,0.0
SIMULATED TRAINING DATA — PROTOTYPE ONLY,43217,EMU Local,18,5.5,18.4,1.5,34.849999999999994,68.2,0.5,7,4,Normal,0.4,Clear,0.46,0,0,0,0,0,0,0,0.08,0.2,2,4.3,34.2,80.3,0.0,0.0,0.0,0,22.1,7757.0,17.5,3,28.9,0,0.0
SIMULATED TRAINING DATA — PROTOTYPE ONLY,43213,EMU Local,5,7.4,37.0,2.1,8.2,22.2,0.5,15,1,Warning,6.6,Occupied,0.82,0,0,0,0,0,0,0,0.17,0.7,2,8.6,31.1,59.3,0.0,0.0,0.0,0,25.7,9366.0,36.7,64,47.8,2,11.0
SIMULATED TRAINING DATA — PROTOTYPE ONLY,43249,EMU Local,6,2.5,15.5,1.7,10.25,21.0,1.0,15,3,Normal,0.4,Clear,0.23,0,0,0,0,0,0,0,0.46,1.0,2,1.0,38.1,84.9,0.0,0.0,0.0,0,55.2,9802.0,9.8,268,15.2,0,2.2
SIMULATED TRAINING DATA — PROTOTYPE ONLY,43237,EMU Local,17,2.0,45.3,2.0,32.8,61.0,1.0,13,0,Critical,14.2,Restricted,0.96,1,0,0,0,0,0,0,0.1,0.5,2,2.8,36.4,66.1,2.0,1.3,0.0,61,75.1,8523.0,32.8,310,55.3,2,24.8
SIMULATED TRAINING DATA — PROTOTYPE ONLY,43203,EMU Local,11,2.0,46.4,2.8,20.5,38.9,0.5,15,3,Normal,0.2,Clear,0.12,0,1,0,0,20,1,48,0.25,0.8,2,2.3,33.6,53.8,1.0,0.4,0.0,0,83.6,9337.0,33.2,270,49.9,2,13.2
SIMULATED TRAINING DATA — PROTOTYPE ONLY,43211,EMU Local,20,3.8,57.1,2.0,38.949999999999996,73.9,2.0,14,6,Normal,0.3,Clear,0.29,0,1,0,0,30,1,63,0.67,4.7,2,5.4,30.0,61.8,0.0,0.0,0.0,0,57.3,9749.0,26.7,296,36.8,1,10.9
SIMULATED TRAINING DATA — PROTOTYPE ONLY,43435,EMU Local,16,0.5,23.7,2.6,30.749999999999996,55.8,1.0,14,2,Critical,14.1,Restricted,0.64,1,0,0,0,0,0,0,0.32,1.6,2,0.0,24.2,55.6,0.0,0.0,0.0,0,32.5,6769.0,13.7,227,21.9,0,19.8
SIMULATED TRAINING DATA — PROTOTYPE ONLY,43407,MEMU,9,3.5,24.7,1.6,16.4,33.0,0.5,18,4,Critical,6.8,Restricted,0.87,1,0,0,1,0,1,102,0.65,0.6,2,1.9,26.6,56.5,0.0,0.0,0.0,0,39.1,9096.0,25.5,188,41.5,1,19.1
SIMULATED TRAINING DATA — PROTOTYPE ONLY,43201,MEMU,2,4.4,64.9,2.4,2.05,8.1,0.5,9,4,Normal,2.8,Clear,0.26,0,1,0,0,20,1,31,0.92,2.4,4,3.6,35.1,95.1,5.9,4.2,0.0,61,72.9,8072.0,7.3,175,9.0,1,13.1
SIMULATED TRAINING DATA — PROTOTYPE ONLY,43203,EMU Local,5,2.3,21.5,1.5,8.2,17.1,0.5,14,1,Normal,0.1,Clear,0.39,0,0,0,0,0,0,0,0.32,2.3,2,2.3,27.8,73.7,0.0,0.0,0.0,0,51.8,8864.0,35.8,108,49.1,2,6.1
SIMULATED TRAINING DATA — PROTOTYPE ONLY,43205,EMU Local,1,12.2,72.8,2.0,0.0,12.2,1.0,5,2,Warning,3.1,Occupied,0.84,0,1,1,0,20,1,52,0.23,1.6,2,13.4,33.1,84.7,0.0,0.0,0.0,0,32.7,5561.0,27.0,165,40.5,1,12.0
SIMULATED TRAINING DATA — PROTOTYPE ONLY,43209,EMU Local,4,3.7,28.1,2.5,6.1499999999999995,14.8,0.5,12,1,Normal,0.5,Clear,0.22,0,1,1,0,30,1,97,0.57,1.3,1,4.7,27.9,67.1,20.400000000000002,19.8,2.0,65,81.1,1933.0,9.7,194,15.7,2,12.5
SIMULATED TRAINING DATA — PROTOTYPE ONLY,43207,MEMU,4,1.0,28.2,2.1,6.1499999999999995,12.1,0.5,14,6,Normal,1.0,Clear,0.41,0,0,0,0,0,0,0,0.63,0.8,2,0.7,30.8,79.3,0.0,0.0,0.0,0,38.3,8602.0,30.7,76,40.9,1,5.1
SIMULATED TRAINING DATA — PROTOTYPE ONLY,43425,EMU Local,3,2.6,54.6,2.7,4.1,10.0,0.5,19,1,Normal,0.0,Clear,0.5,0,0,0,1,0,1,52,0.81,0.7,4,2.5,29.6,62.3,0.0,0.0,0.0,0,36.5,6256.0,15.3,282,25.3,0,5.0
SIMULATED TRAINING DATA — PROTOTYPE ONLY,43511,EMU Local,9,4.5,50.2,2.5,16.4,34.0,0.5,16,1,Normal,0.2,Clear,0.41,0,0,0,0,0,0,0,0.26,0.2,1,5.3,34.8,92.5,6.0,4.3,0.0,61,72.1,8394.0,6.3,187,8.7,1,1.6
SIMULATED TRAINING DATA — PROTOTYPE ONLY,43511,EMU Local,12,1.6,66.6,1.9,22.549999999999997,42.2,1.0,16,2,Warning,6.1,Occupied,0.8,0,1,0,0,15,1,83,0.13,0.1,2,2.9,35.1,69.0,0.0,0.0,0.0,0,46.2,8292.0,12.6,18,16.8,0,13.9
SIMULATED TRAINING DATA — PROTOTYPE ONLY,43211,EMU Local,10,0.3,13.6,2.9,18.45,33.5,1.0,21,1,Normal,1.4,Clear,0.48,0,1,0,0,20,1,82,0.38,10.5,2,0.7,25.0,61.9,0.0,0.0,0.0,0,12.6,7762.0,26.4,191,31.7,1,14.9
SIMULATED TRAINING DATA — PROTOTYPE ONLY,43403,EMU Local,2,3.5,50.0,2.4,2.05,7.2,0.5,4,6,Critical,12.9,Restricted,0.84,1,0,0,0,0,0,0,0.3,1.1,2,3.8,36.9,56.7,10.299999999999999,8.2,3.6,63,98.0,5889.0,26.5,230,35.5,1,19.6
SIMULATED TRAINING DATA — PROTOTYPE ONLY,43409,MEMU,11,11.8,41.3,2.0,20.5,48.7,0.5,23,4,Normal,1.2,Clear,0.49,0,0,0,0,0,0,0,0.54,0.7,1,12.1,30.5,58.2,5.199999999999999,3.8,0.0,61,76.8,7605.0,36.5,105,57.1,2,5.0
SIMULATED TRAINING DATA — PROTOTYPE ONLY,43237,EMU Local,10,2.7,25.8,2.2,18.45,35.9,0.5,13,1,Normal,0.2,Clear,0.4,0,0,0,0,0,0,0,0.22,0.3,2,3.0,35.8,56.7,0.0,0.0,0.0,0,50.0,8183.0,17.4,163,26.3,0,1.4
SIMULATED TRAINING DATA — PROTOTYPE ONLY,43217,EMU Local,6,9.5,70.2,2.2,10.25,28.0,1.0,22,2,Normal,0.1,Clear,0.36,0,1,0,1,20,1,36,0.05,0.1,2,9.8,36.8,92.7,0.0,0.0,0.0,2,19.6,7756.0,30.8,50,43.7,1,6.2
SIMULATED TRAINING DATA — PROTOTYPE ONLY,43401,MEMU,18,7.2,45.5,2.2,34.849999999999994,69.9,1.0,20,2,Warning,2.1,Occupied,0.85,0,0,0,0,0,0,0,0.71,5.1,4,6.0,29.2,69.4,0.0,0.0,0.0,0,25.3,6668.0,21.0,91,32.2,1,6.3
SIMULATED TRAINING DATA — PROTOTYPE ONLY,43245,MEMU,2,0.6,41.1,2.0,2.05,4.3,0.5,4,3,Critical,13.6,Restricted,0.62,1,0,0,0,0,0,0,0.31,0.8,2,0.0,38.0,68.5,0.0,0.0,0.0,0,20.5,8515.0,29.7,16,43.4,1,20.3
SIMULATED TRAINING DATA — PROTOTYPE ONLY,43227,EMU Local,2,4.9,48.8,2.3,2.05,8.6,0.5,4,1,Warning,5.9,Occupied,0.96,0,1,0,0,20,1,101,0.16,0.2,2,3.8,24.3,98.0,0.0,0.0,0.0,2,21.6,8196.0,21.6,278,30.5,1,16.6
SIMULATED TRAINING DATA — PROTOTYPE ONLY,43423,EMU Local,10,2.3,16.1,2.6,18.45,35.5,0.5,20,2,Normal,0.2,Clear,0.4,0,1,0,1,20,1,111,0.79,4.4,4,1.7,27.4,90.3,1.2,0.7,0.0,61,72.3,6164.0,20.4,118,25.8,0,10.2
SIMULATED TRAINING DATA — PROTOTYPE ONLY,43407,EMU Local,16,1.2,23.3,2.4,30.749999999999996,56.6,1.5,18,5,Critical,20.2,Restricted,0.92,1,0,0,0,0,0,0,0.65,3.2,1,2.0,29.8,57.0,0.0,0.0,0.0,0,13.2,6892.0,17.7,206,24.6,0,25.5
SIMULATED TRAINING DATA — PROTOTYPE ONLY,66069,Fast Local,12,4.6,37.0,2.3,22.549999999999997,45.2,1.0,5,1,Warning,4.6,Occupied,0.79,0,0,0,0,0,0,0,0.12,0.3,2,4.3,27.4,88.2,0.0,0.0,0.0,2,33.5,7359.0,6.2,337,7.7,0,3.3
SIMULATED TRAINING DATA — PROTOTYPE ONLY,43501,EMU Local,1,5.4,46.7,2.0,0.0,5.4,0.5,14,0,Normal,0.6,Clear,0.28,0,0,0,0,0,0,0,0.46,1.9,2,5.6,25.7,67.7,0.0,0.0,0.0,0,39.8,9255.0,32.8,303,49.4,2,8.6
SIMULATED TRAINING DATA — PROTOTYPE ONLY,43215,Fast Local,21,0.8,61.1,1.6,41.0,74.6,0.5,5,4,Normal,0.7,Clear,0.16,0,0,0,0,0,0,0,0.15,0.7,2,0.9,35.6,70.4,0.0,0.0,0.0,0,57.5,5522.0,25.8,244,42.2,1,4.0
SIMULATED TRAINING DATA — PROTOTYPE ONLY,43407,EMU Local,8,9.8,28.7,1.4,14.349999999999998,35.6,0.5,23,4,Normal,0.2,Clear,0.42,0,0,0,0,0,0,0,0.17,0.0,1,10.4,29.7,64.9,7.8,6.8,2.3,63,95.2,7008.0,20.8,216,26.3,1,1.7
SIMULATED TRAINING DATA — PROTOTYPE ONLY,43505,EMU Local,16,5.6,25.3,1.7,30.749999999999996,61.0,1.0,12,5,Normal,0.0,Clear,0.24,0,0,0,0,0,0,0,0.11,0.8,1,5.1,31.8,70.2,0.0,0.0,0.0,0,45.2,5469.0,23.1,38,35.5,1,2.0
SIMULATED TRAINING DATA — PROTOTYPE ONLY,43211,EMU Local,18,10.8,49.5,1.8,34.849999999999994,73.5,0.5,22,1,Critical,21.6,Restricted,0.9,1,1,0,0,15,1,70,0.35,0.4,2,9.9,34.2,64.8,0.0,0.0,0.0,0,37.2,8377.0,11.5,65,15.0,0,34.2
SIMULATED TRAINING DATA — PROTOTYPE ONLY,43247,EMU Local,13,1.5,40.0,3.1,24.599999999999998,45.8,0.5,5,6,Normal,0.0,Clear,0.2,0,1,0,0,20,1,63,0.4,5.6,1,0.0,35.9,67.9,0.0,0.0,0.0,0,28.5,7040.0,36.4,125,47.1,2,14.7
SIMULATED TRAINING DATA — PROTOTYPE ONLY,43201,EMU Local,15,11.2,13.2,2.9,28.699999999999996,62.9,1.0,19,4,Normal,1.2,Clear,0.11,0,1,0,0,20,1,40,0.84,7.0,4,11.6,37.7,67.0,0.0,0.0,0.0,0,27.7,6461.0,13.9,25,22.2,0,13.3
SIMULATED TRAINING DATA — PROTOTYPE ONLY,43511,EMU Local,21,1.8,28.2,1.7,41.0,75.6,0.5,23,4,Normal,1.5,Clear,0.14,0,0,1,0,15,1,16,0.34,0.0,1,0.0,28.0,77.6,0.0,0.0,0.0,0,45.2,9224.0,5.0,162,7.4,0,8.2
SIMULATED TRAINING DATA — PROTOTYPE ONLY,43203,EMU Local,12,0.2,39.3,2.4,22.549999999999997,40.8,1.0,12,6,Normal,0.7,Clear,0.34,0,0,0,0,0,0,0,0.38,1.3,1,0.4,37.7,78.0,11.100000000000001,6.2,2.3,63,83.5,9974.0,24.7,236,41.3,1,4.9
SIMULATED TRAINING DATA — PROTOTYPE ONLY,43505,Fast Local,8,5.8,39.7,2.1,14.349999999999998,31.6,0.5,23,0,Warning,3.0,Occupied,0.72,0,0,0,0,0,0,0,0.25,2.9,1,6.9,32.1,73.6,0.0,0.0,0.0,0,43.5,8641.0,32.2,327,54.5,2,8.7
SIMULATED TRAINING DATA — PROTOTYPE ONLY,43201,EMU Local,10,4.9,43.3,2.2,18.45,38.1,1.0,7,4,Normal,0.1,Clear,0.28,0,0,0,0,0,0,0,0.17,0.5,1,4.7,32.2,89.8,0.0,0.0,0.0,2,37.3,5049.0,25.8,149,39.4,1,3.6
SIMULATED TRAINING DATA — PROTOTYPE ONLY,43247,MEMU,14,3.6,22.5,1.8,26.65,51.6,0.5,16,4,Normal,0.0,Clear,0.35,0,0,0,0,0,0,0,0.22,0.7,2,4.0,30.4,84.8,7.699999999999999,6.3,3.5,63,71.8,9868.0,14.3,258,20.0,1,2.3
SIMULATED TRAINING DATA — PROTOTYPE ONLY,43239,EMU Local,5,2.7,40.0,3.4,8.2,17.5,1.5,18,2,Critical,7.4,Restricted,0.93,1,0,0,1,0,1,17,0.86,8.0,5,2.2,32.7,87.8,0.0,0.0,0.0,2,26.3,5698.0,18.8,122,25.3,0,19.7
SIMULATED TRAINING DATA — PROTOTYPE ONLY,43511,EMU Local,18,0.1,56.2,3.2,34.849999999999994,62.8,0.5,23,4,Warning,4.4,Occupied,0.88,0,0,0,0,0,0,0,0.13,0.4,1,0.1,37.7,63.1,0.0,0.0,0.0,0,20.0,6481.0,28.3,13,36.2,1,6.3
SIMULATED TRAINING DATA — PROTOTYPE ONLY,43407,EMU Local,19,3.9,0.0,1.9,36.9,70.3,0.5,5,1,Normal,0.6,Clear,0.36,0,0,0,0,0,0,0,0.34,0.3,2,3.7,34.1,58.1,0.0,0.0,0.0,0,11.7,7079.0,27.5,80,39.6,1,2.9
SIMULATED TRAINING DATA — PROTOTYPE ONLY,43407,EMU Local,15,2.2,37.8,1.7,28.699999999999996,53.9,1.0,23,4,Normal,0.8,Clear,0.24,0,0,0,0,0,0,0,0.33,0.7,2,3.0,35.9,75.4,0.0,0.0,0.0,0,23.3,5718.0,20.1,352,28.8,0,0.9
SIMULATED TRAINING DATA — PROTOTYPE ONLY,66069,Fast Local,6,3.3,17.1,2.7,10.25,21.8,1.5,21,1,Normal,0.3,Clear,0.36,0,0,0,0,0,0,0,0.2,0.3,2,3.0,28.0,77.0,0.0,0.0,0.0,0,38.3,7131.0,5.2,156,6.2,0,0.1
SIMULATED TRAINING DATA — PROTOTYPE ONLY,43251,EMU Local,11,2.2,41.5,1.4,20.5,39.1,0.5,12,4,Warning,6.7,Occupied,0.72,0,0,0,0,0,0,0,0.47,0.3,2,0.8,29.8,60.0,0.0,0.0,0.0,0,51.5,9507.0,23.5,59,36.5,1,10.6
SIMULATED TRAINING DATA — PROTOTYPE ONLY,43251,EMU Local,21,13.5,19.4,2.6,41.0,87.3,1.5,23,1,Warning,2.0,Occupied,0.72,0,0,0,0,0,0,0,0.45,0.4,1,13.9,31.8,76.0,0.0,0.0,0.0,0,50.1,6316.0,19.5,229,26.7,0,3.5
SIMULATED TRAINING DATA — PROTOTYPE ONLY,43203,EMU Local,11,3.7,44.0,2.2,20.5,40.6,0.5,4,4,Normal,0.3,Clear,0.13,0,0,1,0,30,1,37,0.42,0.1,2,3.5,33.5,51.4,0.0,0.0,0.0,0,48.3,6330.0,15.3,137,24.8,0,6.1
SIMULATED TRAINING DATA — PROTOTYPE ONLY,43239,EMU Local,20,5.5,66.4,1.2,38.949999999999996,75.6,1.0,6,5,Normal,0.9,Clear,0.3,0,0,0,0,0,0,0,0.5,0.3,2,4.7,32.9,67.9,3.4,2.5,0.0,61,76.7,7953.0,28.7,252,40.1,1,4.4
SIMULATED TRAINING DATA — PROTOTYPE ONLY,43403,EMU Local,20,11.0,27.3,2.0,38.949999999999996,81.1,0.5,20,1,Normal,0.3,Clear,0.21,0,0,0,0,0,0,0,0.55,0.6,1,11.8,38.7,56.4,0.0,0.0,0.0,0,44.1,8346.0,18.1,252,30.2,1,2.4
SIMULATED TRAINING DATA — PROTOTYPE ONLY,43213,MEMU,21,3.6,29.5,1.7,41.0,77.4,0.5,14,4,Normal,0.1,Clear,0.34,0,0,0,0,0,0,0,0.35,1.7,2,6.0,28.8,77.0,0.0,0.0,0.0,0,21.5,7973.0,23.0,38,35.7,1,4.1
SIMULATED TRAINING DATA — PROTOTYPE ONLY,43221,MEMU,18,0.0,35.0,2.2,34.849999999999994,62.7,0.5,11,6,Normal,0.1,Clear,0.27,0,0,0,0,0,0,0,0.17,0.3,1,0.6,33.4,81.5,5.199999999999999,4.1,0.0,61,76.3,5389.0,10.8,233,15.2,1,3.5
SIMULATED TRAINING DATA — PROTOTYPE ONLY,43245,EMU Local,18,0.1,46.8,2.1,34.849999999999994,62.8,1.0,15,0,Normal,0.7,Clear,0.22,0,0,0,0,0,0,0,0.13,0.5,1,1.1,33.5,47.0,25.799999999999997,25.4,2.9,65,83.4,2930.0,9.6,227,14.0,2,6.4
SIMULATED TRAINING DATA — PROTOTYPE ONLY,43247,EMU Local,10,4.8,26.7,1.3,18.45,38.0,1.0,14,2,Normal,0.4,Clear,0.2,0,0,0,0,0,0,0,0.55,10.7,2,5.0,29.9,35.0,9.299999999999999,8.1,3.8,63,82.2,8669.0,20.5,276,28.6,1,7.6
SIMULATED TRAINING DATA — PROTOTYPE ONLY,43217,EMU Local,2,1.3,36.3,1.9,2.05,5.0,0.5,16,2,Warning,4.3,Occupied,0.62,0,0,1,0,30,1,20,0.29,0.9,2,3.0,31.2,91.0,0.0,0.0,0.0,2,41.3,7863.0,9.8,32,13.9,0,9.0
SIMULATED TRAINING DATA — PROTOTYPE ONLY,43245,EMU Local,9,3.5,32.0,2.4,16.4,33.0,2.0,18,2,Normal,0.3,Clear,0.41,0,0,0,0,0,0,0,0.43,1.4,1,4.3,28.8,57.9,0.0,0.0,0.0,0,43.8,7232.0,35.5,119,43.5,1,5.4
SIMULATED TRAINING DATA — PROTOTYPE ONLY,43247,EMU Local,14,0.9,35.0,2.5,26.65,48.9,0.5,23,6,Warning,6.0,Occupied,0.73,0,0,0,0,0,0,0,0.11,0.3,1,0.2,32.7,65.4,0.0,0.0,0.0,0,58.3,9874.0,22.6,176,29.8,0,5.6
SIMULATED TRAINING DATA — PROTOTYPE ONLY,43223,EMU Local,19,1.3,47.0,1.9,36.9,67.7,0.5,20,2,Normal,0.1,Clear,0.41,0,0,0,0,0,0,0,0.45,0.8,1,2.0,26.2,59.4,0.0,0.0,0.0,0,18.0,9189.0,23.2,223,38.7,1,6.6
SIMULATED TRAINING DATA — PROTOTYPE ONLY,43211,EMU Local,10,2.8,50.3,2.4,18.45,36.0,1.0,15,6,Warning,2.4,Occupied,0.81,0,0,0,0,0,0,0,0.26,0.2,1,3.3,38.3,86.0,0.0,0.0,0.0,2,18.9,6303.0,27.9,268,41.4,1,6.8
SIMULATED TRAINING DATA — PROTOTYPE ONLY,43423,EMU Local,4,14.8,19.8,2.3,6.1499999999999995,25.9,0.5,22,0,Normal,0.2,Clear,0.13,0,0,1,0,15,1,47,0.4,5.3,1,14.3,30.5,83.3,0.0,0.0,0.0,0,33.0,8133.0,21.9,35,26.4,0,12.3
SIMULATED TRAINING DATA — PROTOTYPE ONLY,43215,EMU Local,6,3.8,46.9,2.1,10.25,22.2,0.5,23,5,Normal,0.2,Clear,0.17,0,0,0,0,0,0,0,0.55,1.3,2,5.3,28.6,67.9,1.2,1.0,0.0,61,74.1,6169.0,25.8,268,43.8,1,2.8
SIMULATED TRAINING DATA — PROTOTYPE ONLY,43237,EMU Local,14,11.0,75.0,2.4,26.65,59.0,0.5,14,5,Normal,0.3,Clear,0.46,0,0,0,0,0,0,0,0.05,0.5,2,9.5,24.6,80.2,0.0,0.0,0.0,0,29.3,7855.0,13.2,129,18.1,0,0.0
SIMULATED TRAINING DATA — PROTOTYPE ONLY,43211,EMU Local,4,12.8,65.2,1.5,6.1499999999999995,23.9,0.5,13,0,Normal,0.1,Clear,0.34,0,1,0,0,15,1,26,0.2,0.2,2,13.2,30.1,75.4,0.0,0.0,0.0,0,41.8,8661.0,12.2,129,20.4,0,5.8
SIMULATED TRAINING DATA — PROTOTYPE ONLY,43409,EMU Local,15,0.9,32.4,2.1,28.699999999999996,52.6,1.5,20,4,Warning,6.4,Occupied,0.67,0,1,0,0,30,1,76,0.85,0.3,5,0.4,30.6,75.7,0.0,0.0,0.0,0,39.8,7328.0,7.1,92,11.9,0,12.4
SIMULATED TRAINING DATA — PROTOTYPE ONLY,43423,MEMU,16,1.5,44.0,1.1,30.749999999999996,56.8,0.5,16,0,Normal,0.2,Clear,0.38,0,0,0,0,0,0,0,0.37,1.3,1,0.0,32.7,79.5,0.0,0.0,0.0,0,43.0,6508.0,20.0,29,29.3,0,2.8
SIMULATED TRAINING DATA — PROTOTYPE ONLY,43505,EMU Local,7,5.9,41.5,2.1,12.299999999999999,28.0,0.5,19,2,Normal,0.2,Clear,0.43,0,0,0,0,0,0,0,0.89,5.9,4,6.0,30.7,71.9,0.0,0.0,0.0,0,55.1,6705.0,19.2,33,27.3,0,5.7
SIMULATED TRAINING DATA — PROTOTYPE ONLY,43247,EMU Local,17,8.1,48.9,3.0,32.8,67.1,0.5,23,6,Normal,3.2,Clear,0.23,0,0,0,0,0,0,0,0.49,1.9,1,7.6,43.1,65.8,0.0,0.0,0.0,0,17.4,9306.0,34.8,163,49.0,2,9.5
SIMULATED TRAINING DATA — PROTOTYPE ONLY,43423,EMU Local,19,2.9,35.7,1.9,36.9,69.3,0.5,23,5,Critical,10.6,Restricted,0.92,1,0,0,1,0,1,88,0.37,1.8,2,2.2,26.4,82.7,0.0,0.0,0.0,0,50.8,5352.0,9.4,38,13.6,0,18.3
SIMULATED TRAINING DATA — PROTOTYPE ONLY,43249,Fast Local,19,20.0,38.0,2.9,36.9,86.4,0.5,20,3,Normal,0.5,Clear,0.22,0,0,0,0,0,0,0,0.87,2.9,3,18.7,34.0,73.9,5.800000000000001,3.6,0.0,61,85.3,9561.0,25.5,55,38.4,1,6.0
SIMULATED TRAINING DATA — PROTOTYPE ONLY,43403,EMU Local,17,0.0,31.0,1.9,32.8,59.0,1.0,8,4,Normal,0.1,Clear,0.13,0,0,0,0,0,0,0,0.64,3.1,2,2.4,33.1,71.8,0.0,0.0,0.0,0,54.1,6293.0,13.2,118,16.6,0,3.2
SIMULATED TRAINING DATA — PROTOTYPE ONLY,43221,EMU Local,6,1.4,58.4,1.4,10.25,19.8,1.0,12,1,Warning,3.3,Occupied,0.97,0,0,0,0,0,0,0,0.17,0.3,1,0.0,26.1,73.3,1.6,1.0,0.0,61,93.0,8078.0,31.6,318,49.5,2,8.2
SIMULATED TRAINING DATA — PROTOTYPE ONLY,43205,EMU Local,11,3.9,46.7,2.5,20.5,40.8,1.0,7,5,Normal,1.2,Clear,0.4,0,0,0,0,0,0,0,0.26,0.4,2,1.3,30.2,64.5,0.0,0.0,0.0,0,51.5,7510.0,10.1,51,13.9,0,0.8
SIMULATED TRAINING DATA — PROTOTYPE ONLY,43501,MEMU,16,2.5,46.8,2.4,30.749999999999996,57.8,0.5,12,2,Normal,0.3,Clear,0.28,0,0,0,1,0,1,38,0.17,0.9,2,3.1,40.9,56.2,0.0,0.0,0.0,0,20.6,6571.0,7.4,155,10.8,0,4.6
SIMULATED TRAINING DATA — PROTOTYPE ONLY,43247,Fast Local,8,0.5,60.3,3.5,14.349999999999998,26.3,0.5,19,6,Normal,0.9,Clear,0.26,0,0,0,0,0,0,0,0.95,5.4,4,1.1,29.4,64.4,0.0,0.0,0.0,0,57.5,9496.0,16.5,211,27.6,0,5.2
SIMULATED TRAINING DATA — PROTOTYPE ONLY,43217,EMU Local,11,1.8,60.5,1.5,20.5,38.7,2.0,10,5,Normal,0.1,Clear,0.25,0,0,1,0,20,1,106,0.91,0.3,5,0.1,39.6,74.7,0.0,0.0,0.0,0,26.0,9139.0,31.0,139,52.3,2,13.5
SIMULATED TRAINING DATA — PROTOTYPE ONLY,43203,Fast Local,7,0.1,57.7,2.3,12.299999999999999,22.2,0.5,17,6,Normal,0.1,Clear,0.28,0,0,0,1,0,1,108,0.78,0.0,5,0.0,31.1,71.0,0.0,0.0,0.0,0,45.9,7759.0,11.8,271,15.0,0,6.0
SIMULATED TRAINING DATA — PROTOTYPE ONLY,43407,Fast Local,19,4.1,60.0,2.3,36.9,70.5,2.0,17,2,Normal,0.2,Clear,0.23,0,0,0,0,0,0,0,0.79,3.0,3,4.9,31.6,58.9,0.0,0.0,0.0,0,50.6,7037.0,14.4,45,20.2,0,3.8
SIMULATED TRAINING DATA — PROTOTYPE ONLY,43213,Fast Local,10,8.9,65.4,2.7,18.45,42.1,1.0,10,2,Warning,2.9,Occupied,0.98,0,0,0,0,0,0,0,0.78,0.2,3,8.6,30.0,55.1,0.0,0.0,0.0,0,56.2,8381.0,26.4,119,35.8,1,6.4
SIMULATED TRAINING DATA — PROTOTYPE ONLY,43237,EMU Local,9,8.6,27.5,2.4,16.4,38.1,1.5,19,5,Warning,4.3,Occupied,0.92,0,0,0,1,0,1,70,0.7,0.5,2,9.6,27.5,57.4,0.0,0.0,0.0,0,20.1,5593.0,16.7,193,21.9,0,8.2
SIMULATED TRAINING DATA — PROTOTYPE ONLY,43247,EMU Local,4,4.8,37.5,1.9,6.1499999999999995,15.9,0.5,21,5,Critical,19.4,Restricted,0.65,1,1,1,0,20,1,63,0.72,0.6,5,4.7,26.6,69.9,0.0,0.0,0.0,0,41.0,9736.0,26.3,91,42.0,1,31.4
SIMULATED TRAINING DATA — PROTOTYPE ONLY,66069,EMU Local,15,2.5,52.6,1.5,28.699999999999996,54.2,0.5,9,5,Normal,0.3,Clear,0.17,0,0,1,0,20,1,117,0.85,2.1,5,1.9,29.1,91.2,0.0,0.0,0.0,2,11.8,9446.0,29.1,15,36.7,1,11.9
SIMULATED TRAINING DATA — PROTOTYPE ONLY,43401,MEMU,13,2.9,28.7,2.3,24.599999999999998,47.2,1.0,10,0,Normal,0.6,Clear,0.35,0,0,0,0,0,0,0,0.83,0.7,4,1.2,34.5,57.5,0.0,0.0,0.0,0,13.0,7556.0,13.0,220,17.4,0,3.8
SIMULATED TRAINING DATA — PROTOTYPE ONLY,66069,EMU Local,2,0.6,36.6,2.3,2.05,4.3,1.0,22,5,Critical,16.7,Restricted,0.6,1,0,0,0,0,0,0,0.36,0.3,1,0.5,33.7,80.6,0.0,0.0,0.0,0,30.7,9174.0,19.7,74,25.0,0,20.5
SIMULATED TRAINING DATA — PROTOTYPE ONLY,43247,EMU Local,2,1.7,44.9,2.5,2.05,5.4,0.5,11,6,Normal,0.0,Clear,0.41,0,0,0,0,0,0,0,0.3,0.0,1,0.9,30.0,55.2,0.0,0.0,0.0,0,44.7,9597.0,13.5,218,19.9,0,0.0
SIMULATED TRAINING DATA — PROTOTYPE ONLY,43205,EMU Local,16,0.8,38.5,1.9,30.749999999999996,56.1,1.0,4,1,Warning,6.2,Occupied,0.88,0,1,0,0,30,1,25,0.23,1.2,2,2.0,39.0,81.2,0.0,0.0,0.0,0,42.7,5657.0,28.9,1,35.5,1,12.8
SIMULATED TRAINING DATA — PROTOTYPE ONLY,43423,MEMU,9,6.9,43.0,2.3,16.4,36.4,0.5,20,4,Normal,0.3,Clear,0.18,0,0,0,0,0,0,0,0.89,0.5,5,8.0,28.1,63.8,0.0,0.0,0.0,0,33.4,6319.0,21.8,108,29.5,0,3.7
SIMULATED TRAINING DATA — PROTOTYPE ONLY,43215,MEMU,13,9.8,24.8,1.2,24.599999999999998,54.1,0.5,22,2,Warning,5.3,Occupied,0.94,0,0,0,0,0,0,0,0.26,0.8,2,9.5,33.3,70.9,9.0,7.5,3.5,63,98.0,6055.0,7.3,166,12.4,1,8.8
SIMULATED TRAINING DATA — PROTOTYPE ONLY,43501,EMU Local,3,3.1,41.4,1.5,4.1,10.5,1.5,10,5,Critical,14.8,Restricted,0.86,1,0,0,0,0,0,0,0.88,1.1,3,3.1,26.3,80.4,1.3,1.2,0.0,61,78.8,8324.0,29.7,141,36.3,1,22.0
SIMULATED TRAINING DATA — PROTOTYPE ONLY,43223,MEMU,9,5.2,44.0,2.7,16.4,34.7,0.5,21,1,Normal,0.4,Clear,0.15,0,0,0,0,0,0,0,0.08,0.1,2,4.8,32.7,73.0,0.0,0.0,0.0,0,52.0,9915.0,31.1,237,51.5,2,3.1
SIMULATED TRAINING DATA — PROTOTYPE ONLY,43213,EMU Local,13,0.5,66.2,2.2,24.599999999999998,44.8,0.5,9,3,Normal,0.1,Clear,0.47,0,0,0,0,0,0,0,0.86,1.3,3,0.0,33.6,74.9,0.0,0.0,0.0,0,54.4,5162.0,14.3,344,19.9,0,3.1
SIMULATED TRAINING DATA — PROTOTYPE ONLY,43409,MEMU,21,3.8,38.0,2.4,41.0,77.6,0.5,9,6,Normal,1.1,Clear,0.17,0,0,0,0,0,0,0,0.35,0.4,1,2.5,30.7,73.2,0.0,0.0,0.0,0,29.1,9975.0,25.7,210,35.3,1,5.0
SIMULATED TRAINING DATA — PROTOTYPE ONLY,66015,EMU Local,2,4.9,32.2,1.7,2.05,8.6,0.5,4,5,Normal,0.1,Clear,0.19,0,0,0,0,0,0,0,0.62,1.2,2,5.0,31.7,94.2,0.0,0.0,0.0,2,13.3,5577.0,36.3,147,55.3,2,7.0
SIMULATED TRAINING DATA — PROTOTYPE ONLY,43409,EMU Local,8,2.4,52.7,1.7,14.349999999999998,28.2,0.5,13,0,Normal,0.0,Clear,0.15,0,0,0,0,0,0,0,0.75,3.1,3,2.1,29.6,56.7,0.0,0.0,0.0,0,22.0,8117.0,16.5,95,27.4,0,3.0
SIMULATED TRAINING DATA — PROTOTYPE ONLY,43217,Fast Local,9,1.1,0.0,1.8,16.4,30.6,0.5,11,2,Normal,0.3,Clear,0.29,0,0,0,0,0,0,0,0.61,0.1,1,2.9,35.2,70.3,0.0,0.0,0.0,0,14.8,8396.0,33.7,85,43.7,1,4.0
SIMULATED TRAINING DATA — PROTOTYPE ONLY,43423,EMU Local,16,8.4,37.2,2.2,30.749999999999996,63.7,0.5,10,1,Normal,2.1,Clear,0.47,0,0,0,0,0,0,0,0.46,0.3,1,8.0,35.0,72.1,19.8,18.1,2.5,65,93.3,2583.0,36.6,141,50.0,2,6.1
SIMULATED TRAINING DATA — PROTOTYPE ONLY,43237,MEMU,2,5.4,34.3,2.5,2.05,9.1,1.0,12,6,Normal,0.5,Clear,0.21,0,0,0,0,0,0,0,0.34,0.1,2,8.3,33.3,61.3,0.0,0.0,0.0,0,13.0,6665.0,21.1,336,30.7,1,4.1
SIMULATED TRAINING DATA — PROTOTYPE ONLY,43401,EMU Local,6,9.2,45.9,2.0,10.25,27.6,1.5,4,5,Normal,0.2,Clear,0.32,0,0,0,0,0,0,0,0.25,3.0,2,11.4,34.3,81.6,0.0,0.0,0.0,0,33.4,7337.0,12.8,186,21.5,0,1.6
SIMULATED TRAINING DATA — PROTOTYPE ONLY,43211,EMU Local,8,6.8,60.7,1.1,14.349999999999998,32.6,0.5,14,1,Normal,0.0,Clear,0.26,0,0,0,1,0,1,96,0.28,0.8,1,5.9,33.7,66.8,2.2,1.7,0.0,61,91.4,9536.0,10.1,177,16.8,0,4.2
SIMULATED TRAINING DATA — PROTOTYPE ONLY,43239,EMU Local,5,18.6,65.3,2.3,8.2,33.4,0.5,6,2,Normal,0.3,Clear,0.23,0,0,0,1,0,1,42,0.12,0.7,1,18.5,29.9,81.8,0.0,0.0,0.0,0,51.5,8510.0,21.6,107,30.6,1,6.0
SIMULATED TRAINING DATA — PROTOTYPE ONLY,43425,EMU Local,9,0.9,45.7,2.3,16.4,30.4,0.5,21,1,Normal,0.1,Clear,0.33,0,0,0,0,0,0,0,0.6,0.7,2,0.0,32.9,73.0,0.0,0.0,0.0,0,45.1,8138.0,34.7,225,42.3,1,3.6
SIMULATED TRAINING DATA — PROTOTYPE ONLY,43205,EMU Local,1,0.4,18.7,2.4,0.0,0.4,1.0,9,1,Warning,5.8,Occupied,1.0,0,0,0,0,0,0,0,0.58,4.6,1,0.0,34.5,67.6,0.0,0.0,0.0,0,39.9,5647.0,26.6,73,36.5,1,10.2
SIMULATED TRAINING DATA — PROTOTYPE ONLY,43245,EMU Local,9,1.6,34.3,2.6,16.4,31.1,1.0,14,6,Normal,0.4,Clear,0.24,0,0,0,0,0,0,0,0.24,0.8,2,2.0,30.7,92.7,3.7,1.9,0.0,61,93.8,6450.0,30.5,85,41.7,1,2.5
SIMULATED TRAINING DATA — PROTOTYPE ONLY,43205,EMU Local,10,0.6,35.9,2.6,18.45,33.8,2.0,8,5,Normal,0.2,Clear,0.44,0,1,0,0,30,1,50,0.55,1.0,2,0.8,33.8,50.0,0.0,0.0,0.0,0,33.6,7198.0,19.6,144,31.6,1,7.1
SIMULATED TRAINING DATA — PROTOTYPE ONLY,43209,EMU Local,4,3.0,47.5,2.9,6.1499999999999995,14.1,0.5,23,5,Warning,5.5,Occupied,0.86,0,0,0,1,0,1,54,0.48,1.5,1,2.0,26.2,79.4,0.0,0.0,0.0,0,54.9,6510.0,15.4,226,22.1,0,9.0
SIMULATED TRAINING DATA — PROTOTYPE ONLY,43435,Fast Local,3,4.0,42.8,2.1,4.1,11.4,1.0,7,6,Normal,0.7,Clear,0.13,0,0,0,0,0,0,0,0.23,0.1,1,3.9,26.8,88.8,0.0,0.0,0.0,2,18.9,7188.0,37.2,184,47.8,2,2.4
SIMULATED TRAINING DATA — PROTOTYPE ONLY,43503,Fast Local,10,3.5,31.7,1.8,18.45,36.7,1.0,11,4,Normal,0.4,Clear,0.5,0,0,0,0,0,0,0,0.14,0.2,1,4.1,31.8,54.1,0.0,0.0,0.0,0,58.2,9600.0,11.9,248,17.0,0,0.0
SIMULATED TRAINING DATA — PROTOTYPE ONLY,43403,EMU Local,15,1.2,23.2,2.7,28.699999999999996,52.9,1.5,13,0,Normal,0.9,Clear,0.4,0,0,0,0,0,0,0,0.24,0.7,1,1.0,30.3,71.7,0.0,0.0,0.0,0,40.2,8026.0,35.9,161,53.6,2,5.7
SIMULATED TRAINING DATA — PROTOTYPE ONLY,43237,MEMU,11,9.6,29.0,2.6,20.5,46.5,1.0,6,4,Normal,0.2,Clear,0.42,0,0,0,0,0,0,0,0.22,0.8,1,11.2,35.9,77.7,0.0,0.0,0.0,0,21.9,7592.0,34.2,213,44.2,1,1.2
SIMULATED TRAINING DATA — PROTOTYPE ONLY,43249,EMU Local,14,0.1,28.4,2.0,26.65,48.1,0.5,16,0,Normal,0.5,Clear,0.34,0,0,0,0,0,0,0,0.34,0.3,2,0.0,30.8,61.6,0.0,0.0,0.0,0,46.6,7689.0,8.9,173,11.4,0,1.0
SIMULATED TRAINING DATA — PROTOTYPE ONLY,43213,EMU Local,6,1.7,66.3,2.8,10.25,20.2,1.0,20,0,Critical,14.2,Restricted,0.99,1,1,0,0,20,1,16,0.88,14.8,3,0.0,36.1,78.8,0.0,0.0,0.0,0,28.7,8867.0,14.6,231,23.7,0,33.2
SIMULATED TRAINING DATA — PROTOTYPE ONLY,43237,MEMU,12,5.1,30.5,2.1,22.549999999999997,45.7,1.0,8,4,Normal,0.2,Clear,0.35,0,0,0,0,0,0,0,0.81,5.1,3,3.2,31.4,89.1,3.3,1.9,0.0,61,82.3,9876.0,32.6,98,43.2,1,6.1
SIMULATED TRAINING DATA — PROTOTYPE ONLY,43209,Fast Local,13,5.8,42.9,2.9,24.599999999999998,50.1,0.5,11,6,Warning,4.9,Occupied,0.69,0,0,0,0,0,0,0,0.43,1.3,1,5.3,32.9,80.8,0.0,0.0,0.0,0,14.1,9909.0,15.1,43,19.4,0,6.1
SIMULATED TRAINING DATA — PROTOTYPE ONLY,43247,EMU Local,17,2.2,56.5,3.1,32.8,61.2,0.5,22,2,Normal,0.9,Clear,0.4,0,0,0,0,0,0,0,0.32,4.1,1,0.8,29.8,94.6,9.799999999999999,1.1,0.0,61,91.8,8296.0,23.4,191,28.5,0,3.3
SIMULATED TRAINING DATA — PROTOTYPE ONLY,43407,MEMU,16,0.1,44.9,3.7,30.749999999999996,55.4,0.5,21,6,Warning,5.0,Occupied,0.72,0,0,1,0,15,1,83,0.35,0.9,1,0.0,31.0,59.3,0.0,0.0,0.0,0,42.2,6841.0,23.8,228,33.1,1,19.9
SIMULATED TRAINING DATA — PROTOTYPE ONLY,43201,EMU Local,3,3.8,25.7,2.1,4.1,11.2,0.5,4,1,Normal,0.8,Clear,0.48,0,0,0,0,0,0,0,0.51,5.2,2,3.3,28.6,69.3,0.0,0.0,0.0,0,26.5,7953.0,29.0,153,36.4,1,5.1
SIMULATED TRAINING DATA — PROTOTYPE ONLY,43423,Fast Local,2,0.3,56.8,2.9,2.05,4.0,0.5,7,3,Normal,0.6,Clear,0.35,0,0,1,0,30,1,64,0.22,1.1,1,1.3,27.3,53.7,4.8,2.5,0.0,61,79.6,5340.0,36.1,85,59.5,2,11.1
SIMULATED TRAINING DATA — PROTOTYPE ONLY,43403,EMU Local,11,0.5,47.3,2.6,20.5,37.4,2.0,21,4,Warning,6.4,Occupied,0.63,0,0,0,0,0,0,0,0.12,0.1,1,0.0,35.2,66.3,0.0,0.0,0.0,0,23.5,5809.0,5.6,38,8.0,0,5.8
SIMULATED TRAINING DATA — PROTOTYPE ONLY,43221,EMU Local,9,4.2,9.2,2.7,16.4,33.7,1.0,17,4,Warning,6.3,Occupied,0.8,0,0,0,0,0,0,0,0.62,1.1,1,4.6,35.8,78.1,0.0,0.0,0.0,0,27.3,9454.0,35.8,281,55.5,2,11.6
SIMULATED TRAINING DATA — PROTOTYPE ONLY,43401,EMU Local,3,1.5,60.7,2.4,4.1,8.9,1.0,14,2,Normal,0.4,Clear,0.12,0,0,0,0,0,0,0,0.39,0.4,2,3.2,35.2,75.2,0.0,0.0,0.0,0,21.4,8741.0,32.5,248,43.0,1,4.5
SIMULATED TRAINING DATA — PROTOTYPE ONLY,43239,EMU Local,18,1.7,55.1,2.7,34.849999999999994,64.4,1.0,12,1,Warning,3.3,Occupied,0.81,0,0,1,0,30,1,95,0.33,1.5,1,2.2,35.9,65.4,0.0,0.0,0.0,0,41.7,6222.0,8.9,117,14.9,0,8.8
SIMULATED TRAINING DATA — PROTOTYPE ONLY,43207,EMU Local,20,2.7,47.1,1.3,38.949999999999996,72.8,1.0,16,5,Normal,0.3,Clear,0.3,0,0,1,0,30,1,23,0.12,0.6,2,1.6,32.4,70.5,0.0,0.0,0.0,0,34.5,7060.0,27.3,177,39.7,1,6.3
SIMULATED TRAINING DATA — PROTOTYPE ONLY,43221,Fast Local,15,15.4,66.5,2.1,28.699999999999996,67.1,1.5,20,6,Warning,3.8,Occupied,0.83,0,1,1,0,30,1,54,0.89,3.6,3,15.4,29.7,48.2,0.0,0.0,0.0,0,17.5,5311.0,27.2,231,46.2,2,12.9
SIMULATED TRAINING DATA — PROTOTYPE ONLY,43245,EMU Local,14,13.5,54.8,1.7,26.65,61.5,1.0,18,4,Normal,0.9,Clear,0.49,0,0,0,0,0,0,0,0.46,1.3,2,13.0,28.7,72.5,0.0,0.0,0.0,0,58.7,9322.0,14.2,295,20.8,0,3.5
SIMULATED TRAINING DATA — PROTOTYPE ONLY,43249,EMU Local,2,2.2,58.9,1.7,2.05,5.9,0.5,5,3,Normal,0.2,Clear,0.48,0,0,0,0,0,0,0,0.05,0.1,2,2.8,24.5,90.7,12.9,10.3,3.0,63,85.6,6507.0,30.5,44,36.7,1,1.5
SIMULATED TRAINING DATA — PROTOTYPE ONLY,43227,EMU Local,17,1.2,57.5,1.2,32.8,60.2,0.5,9,1,Normal,0.0,Clear,0.48,0,0,0,0,0,0,0,0.39,5.7,2,1.4,33.6,53.5,0.0,0.0,0.0,0,49.1,7734.0,33.8,295,53.4,2,8.1
SIMULATED TRAINING DATA — PROTOTYPE ONLY,43223,EMU Local,8,1.4,53.4,1.8,14.349999999999998,27.2,0.5,10,4,Normal,1.1,Clear,0.19,0,0,1,0,15,1,20,0.95,0.1,4,1.1,32.0,71.7,0.0,0.0,0.0,0,14.8,9931.0,13.2,29,17.5,0,11.2
SIMULATED TRAINING DATA — PROTOTYPE ONLY,43219,EMU Local,10,1.3,15.1,2.0,18.45,34.5,0.5,5,5,Critical,10.7,Restricted,0.76,1,0,0,0,0,0,0,0.41,0.2,2,1.4,33.0,88.4,0.0,0.0,0.0,2,31.8,5902.0,32.4,51,53.2,2,21.1
SIMULATED TRAINING DATA — PROTOTYPE ONLY,43407,EMU Local,18,3.0,16.9,2.2,34.849999999999994,65.7,0.5,16,4,Normal,0.2,Clear,0.48,0,1,0,0,30,1,111,0.28,0.9,1,2.6,33.9,59.7,0.0,0.0,0.0,0,36.0,9411.0,30.1,143,40.7,1,5.9
SIMULATED TRAINING DATA — PROTOTYPE ONLY,43213,EMU Local,19,3.7,54.8,2.1,36.9,70.1,1.0,13,5,Normal,0.1,Clear,0.33,0,0,0,0,0,0,0,0.25,1.2,2,1.8,37.0,69.6,0.0,0.0,0.0,0,57.2,6293.0,7.5,105,11.7,0,0.4
SIMULATED TRAINING DATA — PROTOTYPE ONLY,43505,EMU Local,8,2.7,60.5,2.7,14.349999999999998,28.5,1.0,19,0,Normal,0.6,Clear,0.19,0,0,0,0,0,0,0,0.8,8.8,5,0.4,30.2,86.0,0.0,0.0,0.0,2,28.1,5574.0,27.6,55,44.5,1,7.0
SIMULATED TRAINING DATA — PROTOTYPE ONLY,43209,EMU Local,8,2.1,31.4,1.6,14.349999999999998,27.9,0.5,12,0,Normal,0.0,Clear,0.43,0,0,0,0,0,0,0,0.49,1.2,2,3.1,33.4,98.0,0.0,0.0,0.0,2,43.5,5110.0,10.2,118,12.7,0,2.9
SIMULATED TRAINING DATA — PROTOTYPE ONLY,43201,MEMU,3,0.9,25.3,1.0,4.1,8.3,2.0,11,4,Normal,0.3,Clear,0.45,0,0,1,0,30,1,44,0.53,0.6,1,2.1,29.5,75.1,0.0,0.0,0.0,0,37.7,9197.0,11.6,349,19.2,0,4.7
SIMULATED TRAINING DATA — PROTOTYPE ONLY,43423,Fast Local,3,2.6,45.9,2.4,4.1,10.0,0.5,18,2,Normal,0.0,Clear,0.38,0,0,1,0,30,1,117,0.65,4.5,1,2.8,24.7,76.2,0.0,0.0,0.0,0,50.5,5010.0,8.7,296,13.8,0,7.4
SIMULATED TRAINING DATA — PROTOTYPE ONLY,43425,EMU Local,12,1.7,20.2,2.1,22.549999999999997,42.3,1.0,10,0,Warning,5.6,Occupied,0.67,0,0,0,0,0,0,0,0.83,1.7,5,2.8,30.8,57.9,0.0,0.0,0.0,0,15.6,9761.0,29.0,290,38.3,1,9.5
SIMULATED TRAINING DATA — PROTOTYPE ONLY,66015,EMU Local,17,3.1,39.5,2.1,32.8,62.1,1.0,22,4,Normal,0.0,Clear,0.18,0,0,0,0,0,0,0,0.05,0.0,1,5.2,37.3,76.4,0.0,0.0,0.0,0,51.3,5917.0,36.0,216,50.3,2,5.9
SIMULATED TRAINING DATA — PROTOTYPE ONLY,43217,EMU Local,4,4.5,36.7,1.7,6.1499999999999995,15.6,1.0,7,5,Normal,0.5,Clear,0.35,0,1,0,0,15,1,32,0.37,1.0,2,4.0,30.8,68.2,21.2,16.2,2.3,65,88.8,1336.0,14.6,167,20.3,2,14.6
SIMULATED TRAINING DATA — PROTOTYPE ONLY,43425,EMU Local,17,4.0,38.6,2.6,32.8,63.0,0.5,12,1,Critical,16.8,Restricted,0.77,1,1,0,0,20,1,16,0.38,1.0,2,3.1,27.9,76.1,2.3,1.2,0.0,61,84.9,9308.0,21.7,205,36.1,1,31.8
SIMULATED TRAINING DATA — PROTOTYPE ONLY,43203,EMU Local,14,2.5,70.3,1.8,26.65,50.5,1.0,22,6,Normal,0.3,Clear,0.37,0,1,0,0,15,1,17,0.24,0.2,1,3.4,33.0,77.8,0.0,0.0,0.0,0,47.2,5425.0,21.4,10,34.7,1,9.5
SIMULATED TRAINING DATA — PROTOTYPE ONLY,43237,EMU Local,19,3.2,32.5,1.6,36.9,69.6,0.5,5,5,Warning,5.5,Occupied,0.93,0,0,0,0,0,0,0,0.51,0.3,1,4.9,35.1,69.2,0.0,0.0,0.0,0,26.7,6913.0,5.2,30,8.6,0,5.7
SIMULATED TRAINING DATA — PROTOTYPE ONLY,43503,EMU Local,9,1.3,42.8,3.1,16.4,30.8,1.0,10,3,Warning,2.1,Occupied,0.8,0,0,0,0,0,0,0,0.66,0.4,1,0.5,33.5,87.6,7.800000000000001,6.4,3.8,63,73.6,6384.0,15.3,57,21.6,1,6.7
SIMULATED TRAINING DATA — PROTOTYPE ONLY,43205,EMU Local,21,0.1,22.3,2.5,41.0,73.9,0.5,22,0,Normal,0.2,Clear,0.25,0,0,0,0,0,0,0,0.2,1.2,2,1.9,36.9,78.6,0.0,0.0,0.0,0,32.0,5077.0,12.1,285,18.5,0,1.7
SIMULATED TRAINING DATA — PROTOTYPE ONLY,43205,EMU Local,12,3.9,56.1,2.1,22.549999999999997,44.5,1.0,9,6,Normal,0.3,Clear,0.2,0,0,0,0,0,0,0,0.97,2.4,3,3.4,27.8,63.3,0.0,0.0,0.0,0,18.8,7117.0,5.2,29,8.2,0,3.9
SIMULATED TRAINING DATA — PROTOTYPE ONLY,43227,MEMU,5,1.2,39.3,1.0,8.2,16.0,0.5,18,6,Normal,0.5,Clear,0.35,0,0,0,0,0,0,0,0.53,2.5,2,1.5,37.1,57.2,0.0,0.0,0.0,0,23.6,7426.0,9.5,85,15.3,0,3.3
SIMULATED TRAINING DATA — PROTOTYPE ONLY,43409,Fast Local,11,4.4,59.7,2.0,20.5,41.3,1.0,10,6,Normal,0.0,Clear,0.25,0,1,0,0,30,1,74,0.84,9.7,4,4.0,23.3,89.4,0.0,0.0,0.0,2,59.9,8397.0,23.6,257,38.6,1,9.9
SIMULATED TRAINING DATA — PROTOTYPE ONLY,43511,EMU Local,20,5.5,5.1,2.1,38.949999999999996,75.6,0.5,9,4,Normal,0.6,Clear,0.37,0,0,0,0,0,0,0,0.65,3.6,2,5.8,23.4,85.4,0.0,0.0,0.0,2,17.6,6221.0,27.9,97,45.9,2,8.0
SIMULATED TRAINING DATA — PROTOTYPE ONLY,43217,EMU Local,3,9.9,41.1,3.0,4.1,17.3,1.5,4,0,Normal,0.6,Clear,0.41,0,0,0,0,0,0,0,0.37,0.2,2,8.6,25.6,75.4,0.0,0.0,0.0,0,29.0,9233.0,38.0,144,47.8,2,6.5
SIMULATED TRAINING DATA — PROTOTYPE ONLY,66015,Fast Local,21,12.7,44.0,1.1,41.0,86.5,1.5,17,5,Normal,0.3,Clear,0.17,0,0,0,0,0,0,0,0.86,1.6,5,13.9,33.4,56.4,0.0,0.0,0.0,0,43.1,7398.0,28.3,187,40.2,1,5.0
SIMULATED TRAINING DATA — PROTOTYPE ONLY,43203,Fast Local,15,0.0,55.7,3.0,28.699999999999996,51.7,0.5,4,5,Normal,0.2,Clear,0.47,0,0,0,0,0,0,0,0.38,0.9,2,0.0,25.5,68.4,0.0,0.0,0.0,0,58.7,8353.0,8.0,95,11.8,0,2.2
SIMULATED TRAINING DATA — PROTOTYPE ONLY,43221,EMU Local,14,18.6,32.4,2.4,26.65,66.6,0.5,9,1,Normal,0.9,Clear,0.41,0,0,0,0,0,0,0,0.91,3.8,3,17.5,28.9,78.3,0.0,0.0,0.0,0,28.7,7341.0,19.6,0,23.7,0,5.0
SIMULATED TRAINING DATA — PROTOTYPE ONLY,43425,EMU Local,11,4.6,53.8,1.4,20.5,41.5,1.0,21,2,Critical,7.7,Restricted,0.91,1,0,0,0,0,0,0,0.35,4.1,2,6.2,29.8,60.9,9.3,7.7,3.8,63,81.5,5407.0,27.0,57,35.9,1,14.9
SIMULATED TRAINING DATA — PROTOTYPE ONLY,43217,EMU Local,20,4.1,34.1,2.7,38.949999999999996,74.2,0.5,20,4,Normal,2.0,Clear,0.46,0,0,1,0,20,1,93,0.53,0.6,2,6.8,34.5,94.6,6.9,3.3,0.0,61,78.3,9995.0,21.3,44,28.3,1,13.9
SIMULATED TRAINING DATA — PROTOTYPE ONLY,43245,EMU Local,8,0.1,43.4,2.0,14.349999999999998,25.9,0.5,5,1,Normal,0.2,Clear,0.21,0,1,0,0,15,1,82,0.27,1.9,1,0.0,36.6,57.5,0.0,0.0,0.0,0,18.0,8893.0,15.3,114,21.1,0,10.6
SIMULATED TRAINING DATA — PROTOTYPE ONLY,43239,EMU Local,4,7.9,55.8,1.1,6.1499999999999995,19.0,0.5,11,3,Critical,18.6,Restricted,0.81,1,1,1,0,30,1,31,0.31,0.1,1,9.7,35.1,57.9,0.0,0.0,0.0,0,59.3,9906.0,6.8,58,11.2,0,26.6
SIMULATED TRAINING DATA — PROTOTYPE ONLY,43505,EMU Local,12,0.6,28.1,1.8,22.549999999999997,41.2,1.0,5,4,Normal,0.0,Clear,0.13,0,1,0,1,30,1,73,0.42,3.0,1,2.2,25.8,74.7,0.0,0.0,0.0,0,33.7,9111.0,18.4,248,27.1,0,4.9
SIMULATED TRAINING DATA — PROTOTYPE ONLY,43203,EMU Local,8,7.3,53.1,2.3,14.349999999999998,33.1,0.5,19,3,Critical,13.5,Restricted,0.61,1,0,0,0,0,0,0,0.95,3.9,3,7.8,32.2,87.1,0.0,0.0,0.0,2,43.0,7287.0,16.2,293,24.9,0,21.8
SIMULATED TRAINING DATA — PROTOTYPE ONLY,66069,EMU Local,6,0.1,47.0,2.1,10.25,18.6,0.5,7,2,Normal,0.3,Clear,0.3,0,0,0,0,0,0,0,0.16,0.0,1,0.0,30.0,41.6,0.0,0.0,0.0,0,27.9,8452.0,33.4,315,54.8,2,7.9
SIMULATED TRAINING DATA — PROTOTYPE ONLY,66069,MEMU,15,4.2,37.0,2.5,28.699999999999996,55.9,1.0,5,4,Warning,6.6,Occupied,0.95,0,0,1,0,20,1,89,0.29,1.0,2,5.9,30.8,61.9,0.0,0.0,0.0,0,23.0,9177.0,10.7,171,16.2,0,13.8
SIMULATED TRAINING DATA — PROTOTYPE ONLY,43247,EMU Local,12,2.3,32.0,2.8,22.549999999999997,42.9,0.5,8,4,Normal,0.5,Clear,0.13,0,1,0,0,15,1,75,0.83,7.8,5,2.1,31.2,39.2,0.0,0.0,0.0,0,14.7,8219.0,36.9,67,52.4,2,23.1
SIMULATED TRAINING DATA — PROTOTYPE ONLY,43217,EMU Local,16,0.9,10.5,1.4,30.749999999999996,56.2,0.5,20,6,Warning,3.6,Occupied,0.65,0,0,0,0,0,0,0,0.6,1.2,2,1.5,29.6,87.7,15.8,15.5,2.7,65,90.0,1697.0,32.6,251,49.7,2,9.2
SIMULATED TRAINING DATA — PROTOTYPE ONLY,43237,EMU Local,16,0.5,40.8,2.1,30.749999999999996,55.8,1.5,5,1,Warning,6.5,Occupied,0.83,0,0,0,0,0,0,0,0.19,0.1,2,0.0,28.6,61.9,0.0,0.0,0.0,0,38.2,6004.0,13.5,231,20.7,0,8.1
SIMULATED TRAINING DATA — PROTOTYPE ONLY,43203,EMU Local,21,2.3,37.0,1.7,41.0,76.1,1.0,17,0,Normal,0.4,Clear,0.18,0,0,0,0,0,0,0,0.94,14.7,5,1.8,29.7,92.0,0.0,0.0,0.0,2,20.4,5548.0,6.1,209,8.8,0,9.5
SIMULATED TRAINING DATA — PROTOTYPE ONLY,43251,Fast Local,20,0.5,51.6,1.4,38.949999999999996,70.6,0.5,23,4,Normal,1.2,Clear,0.4,0,1,0,0,30,1,64,0.67,1.3,2,0.0,28.7,51.5,0.0,0.0,0.0,0,43.4,8672.0,20.5,332,34.4,1,8.5
SIMULATED TRAINING DATA — PROTOTYPE ONLY,43203,EMU Local,20,2.7,50.1,2.1,38.949999999999996,72.8,0.5,10,2,Warning,2.2,Occupied,0.93,0,0,0,1,0,1,15,0.94,2.5,4,2.9,35.6,59.2,0.0,0.0,0.0,0,22.3,7828.0,26.3,2,36.0,1,10.4
SIMULATED TRAINING DATA — PROTOTYPE ONLY,43503,EMU Local,4,3.9,58.1,2.4,6.1499999999999995,15.0,1.0,18,4,Normal,0.5,Clear,0.23,0,0,0,0,0,0,0,0.81,9.7,4,3.5,31.2,67.6,0.0,0.0,0.0,0,20.6,8662.0,15.1,164,24.9,0,6.5
SIMULATED TRAINING DATA — PROTOTYPE ONLY,43407,MEMU,11,7.0,58.6,2.4,20.5,43.9,0.5,21,4,Warning,6.1,Occupied,0.81,0,0,0,0,0,0,0,0.18,0.6,2,6.4,35.5,77.5,0.0,0.0,0.0,0,53.6,7914.0,5.4,237,6.6,0,7.4
SIMULATED TRAINING DATA — PROTOTYPE ONLY,43237,EMU Local,13,4.5,75.0,1.9,24.599999999999998,48.8,2.0,16,4,Normal,0.4,Clear,0.17,0,0,0,0,0,0,0,0.16,0.6,1,4.5,35.9,72.6,0.0,0.0,0.0,0,34.7,5063.0,36.5,28,56.3,2,5.6
SIMULATED TRAINING DATA — PROTOTYPE ONLY,43245,Fast Local,9,0.3,49.7,1.5,16.4,29.8,1.0,15,6,Warning,2.3,Occupied,0.92,0,0,0,0,0,0,0,0.52,2.3,2,0.0,37.0,64.2,17.0,13.8,3.7,63,70.5,9864.0,16.2,199,25.6,1,7.2
SIMULATED TRAINING DATA — PROTOTYPE ONLY,43409,EMU Local,4,1.5,29.1,1.7,6.1499999999999995,12.6,2.0,5,4,Normal,0.1,Clear,0.5,0,1,0,0,20,1,31,0.18,0.9,1,0.0,26.5,42.6,0.0,0.0,0.0,0,48.5,5614.0,35.8,95,45.0,1,7.4
SIMULATED TRAINING DATA — PROTOTYPE ONLY,43423,EMU Local,12,1.4,54.4,1.0,22.549999999999997,42.0,1.0,15,2,Normal,0.1,Clear,0.23,0,0,0,0,0,0,0,0.05,0.3,2,0.9,32.6,68.6,0.0,0.0,0.0,0,34.0,8553.0,15.6,285,25.8,0,1.2
SIMULATED TRAINING DATA — PROTOTYPE ONLY,66015,EMU Local,9,9.9,66.1,1.4,16.4,39.4,0.5,9,1,Normal,0.6,Clear,0.42,0,0,0,0,0,0,0,0.81,0.2,5,9.6,26.5,69.6,3.0999999999999996,0.3,0.0,0,83.5,8074.0,26.1,172,40.5,1,4.7
SIMULATED TRAINING DATA — PROTOTYPE ONLY,43401,EMU Local,13,8.1,49.1,1.4,24.599999999999998,52.4,1.0,4,0,Normal,0.4,Clear,0.45,0,0,0,0,0,0,0,0.39,3.7,1,9.0,38.8,66.1,0.0,0.0,0.0,0,46.6,6239.0,24.5,213,31.4,1,5.1
SIMULATED TRAINING DATA — PROTOTYPE ONLY,43213,MEMU,16,1.8,10.1,2.6,30.749999999999996,57.1,1.0,4,2,Normal,0.1,Clear,0.12,0,0,0,0,0,0,0,0.14,0.4,2,1.6,33.9,88.0,0.0,0.0,0.0,2,52.5,9139.0,31.8,40,49.6,2,6.6
SIMULATED TRAINING DATA — PROTOTYPE ONLY,43205,MEMU,6,0.3,50.3,2.6,10.25,18.8,1.0,18,2,Normal,0.3,Clear,0.47,0,0,0,0,0,0,0,0.62,1.7,2,0.8,29.6,68.8,0.0,0.0,0.0,0,41.7,6309.0,35.0,67,55.7,2,7.9
SIMULATED TRAINING DATA — PROTOTYPE ONLY,43201,EMU Local,10,9.0,32.6,3.4,18.45,42.2,0.5,19,3,Normal,0.3,Clear,0.29,0,0,0,0,0,0,0,0.71,4.5,3,8.1,30.2,89.4,0.0,0.0,0.0,2,50.1,5352.0,20.2,216,27.1,0,2.7
SIMULATED TRAINING DATA — PROTOTYPE ONLY,43209,EMU Local,13,8.8,22.2,2.2,24.599999999999998,53.1,0.5,10,0,Warning,4.9,Occupied,0.66,0,0,0,0,0,0,0,0.89,1.1,4,8.8,34.9,78.0,0.0,0.0,0.0,0,11.4,8466.0,19.0,143,29.7,0,7.5
SIMULATED TRAINING DATA — PROTOTYPE ONLY,66015,MEMU,7,7.7,44.8,1.8,12.299999999999999,29.8,0.5,17,6,Normal,0.0,Clear,0.32,0,0,0,0,0,0,0,0.81,3.0,4,5.6,30.0,78.6,0.0,0.0,0.0,0,34.4,6630.0,31.5,23,47.3,2,6.6
SIMULATED TRAINING DATA — PROTOTYPE ONLY,43237,Fast Local,19,7.5,19.1,2.1,36.9,73.9,1.0,22,1,Warning,4.5,Occupied,0.92,0,0,0,0,0,0,0,0.32,0.4,2,6.7,26.1,82.3,0.0,0.0,0.0,0,30.8,5815.0,9.4,301,14.6,0,5.9
SIMULATED TRAINING DATA — PROTOTYPE ONLY,43203,EMU Local,19,2.6,57.3,2.0,36.9,69.0,1.0,22,5,Normal,0.5,Clear,0.49,0,0,0,0,0,0,0,0.1,0.5,1,0.0,33.3,76.4,0.0,0.0,0.0,0,12.9,5881.0,13.6,28,21.7,0,1.3
SIMULATED TRAINING DATA — PROTOTYPE ONLY,43239,EMU Local,17,0.8,53.0,1.7,32.8,59.8,2.0,16,1,Normal,0.7,Clear,0.2,0,0,0,1,0,1,108,0.17,0.3,2,0.0,36.4,67.3,0.0,0.0,0.0,0,20.5,5079.0,8.9,173,14.8,0,4.4
SIMULATED TRAINING DATA — PROTOTYPE ONLY,43435,EMU Local,13,2.6,40.7,2.3,24.599999999999998,46.9,1.0,15,5,Normal,1.1,Clear,0.45,0,0,0,0,0,0,0,0.17,0.1,1,1.1,31.2,77.8,0.0,0.0,0.0,0,31.6,6522.0,14.9,12,20.4,0,1.7
SIMULATED TRAINING DATA — PROTOTYPE ONLY,43245,Fast Local,13,2.7,33.7,2.2,24.599999999999998,47.0,1.0,4,3,Normal,0.3,Clear,0.17,0,0,1,0,20,1,60,0.45,3.8,1,3.4,34.5,82.4,0.0,0.0,0.0,0,44.1,6381.0,22.9,359,35.3,1,11.6
SIMULATED TRAINING DATA — PROTOTYPE ONLY,66015,EMU Local,21,2.7,39.2,2.1,41.0,76.5,0.5,15,3,Normal,0.2,Clear,0.37,0,0,0,0,0,0,0,0.17,0.8,1,3.1,29.1,78.1,0.0,0.0,0.0,0,29.3,7409.0,27.7,251,46.8,2,7.6
SIMULATED TRAINING DATA — PROTOTYPE ONLY,43203,EMU Local,2,3.1,26.8,1.9,2.05,6.8,0.5,7,6,Normal,0.1,Clear,0.26,0,0,0,0,0,0,0,0.27,0.0,1,4.4,32.0,54.2,0.0,0.0,0.0,0,46.1,7397.0,14.0,346,17.7,0,0.0
SIMULATED TRAINING DATA — PROTOTYPE ONLY,43423,MEMU,10,1.2,40.8,2.5,18.45,34.4,1.5,18,2,Normal,0.2,Clear,0.49,0,0,1,1,30,1,99,0.94,0.2,4,0.0,31.9,81.7,0.0,0.0,0.0,0,43.7,8397.0,28.1,103,43.1,1,9.4
SIMULATED TRAINING DATA — PROTOTYPE ONLY,43201,EMU Local,13,1.8,0.0,1.8,24.599999999999998,46.1,1.0,19,1,Normal,0.0,Clear,0.17,0,0,0,1,0,1,43,0.71,1.2,4,2.8,30.1,80.9,0.0,0.0,0.0,0,58.1,7561.0,18.8,92,22.8,0,3.4
SIMULATED TRAINING DATA — PROTOTYPE ONLY,43211,EMU Local,9,2.3,43.3,1.9,16.4,31.8,1.0,18,5,Normal,0.8,Clear,0.26,0,0,0,0,0,0,0,0.82,4.3,3,1.6,27.7,82.1,0.0,0.0,0.0,0,17.1,9069.0,29.6,65,38.2,1,5.5
SIMULATED TRAINING DATA — PROTOTYPE ONLY,43505,EMU Local,1,0.6,43.7,2.4,0.0,0.6,0.5,11,1,Normal,0.8,Clear,0.36,0,0,0,0,0,0,0,0.22,0.2,2,2.8,28.6,68.2,0.0,0.0,0.0,0,58.7,9372.0,22.7,226,36.1,1,5.3
SIMULATED TRAINING DATA — PROTOTYPE ONLY,66015,EMU Local,14,2.4,54.7,2.7,26.65,50.4,1.0,22,5,Normal,0.3,Clear,0.49,0,1,0,0,20,1,109,0.42,6.9,2,2.2,28.8,63.1,2.9000000000000004,1.8,0.0,61,84.4,7760.0,33.6,9,52.7,2,17.9
SIMULATED TRAINING DATA — PROTOTYPE ONLY,43409,EMU Local,16,6.7,46.5,2.7,30.749999999999996,62.0,1.5,18,1,Normal,0.2,Clear,0.22,0,0,0,0,0,0,0,0.72,6.3,4,8.6,29.7,71.5,0.0,0.0,0.0,0,50.7,9238.0,33.0,15,53.5,2,11.4
SIMULATED TRAINING DATA — PROTOTYPE ONLY,43207,EMU Local,20,7.0,56.7,1.9,38.949999999999996,77.1,0.5,21,2,Normal,0.1,Clear,0.26,0,0,0,0,0,0,0,0.52,3.6,2,10.5,31.0,83.3,0.0,0.0,0.0,0,25.6,9951.0,19.1,253,27.8,0,2.2
SIMULATED TRAINING DATA — PROTOTYPE ONLY,43423,EMU Local,15,2.1,50.2,1.3,28.699999999999996,53.8,1.0,14,5,Normal,1.0,Clear,0.28,0,0,0,0,0,0,0,0.18,0.0,1,2.6,32.1,54.6,0.0,0.0,0.0,0,31.1,8309.0,31.6,4,52.0,2,7.2
SIMULATED TRAINING DATA — PROTOTYPE ONLY,43205,EMU Local,1,2.9,57.5,1.9,0.0,2.9,0.5,12,1,Normal,1.0,Clear,0.2,0,0,0,0,0,0,0,0.25,2.9,2,5.0,32.1,72.4,3.5,1.3,0.0,61,79.5,5955.0,24.1,74,36.4,1,3.8
SIMULATED TRAINING DATA — PROTOTYPE ONLY,43209,MEMU,17,0.1,75.0,2.1,32.8,59.1,0.5,4,4,Normal,0.2,Clear,0.43,0,0,0,0,0,0,0,0.14,0.4,2,0.0,31.1,48.1,0.0,0.0,0.0,0,50.7,7667.0,12.9,293,16.0,0,1.2
SIMULATED TRAINING DATA — PROTOTYPE ONLY,43239,MEMU,13,4.5,48.3,1.4,24.599999999999998,48.8,1.0,12,3,Normal,0.5,Clear,0.14,0,0,0,0,0,0,0,0.13,0.4,2,6.1,31.6,55.0,0.0,0.0,0.0,0,33.8,5306.0,8.8,99,14.5,0,0.0
SIMULATED TRAINING DATA — PROTOTYPE ONLY,43201,EMU Local,15,2.1,44.8,1.9,28.699999999999996,53.8,0.5,15,6,Normal,0.1,Clear,0.38,0,0,0,0,0,0,0,0.11,0.0,2,2.0,28.1,85.0,0.0,0.0,0.0,0,43.6,8897.0,6.6,351,9.2,0,1.0
SIMULATED TRAINING DATA — PROTOTYPE ONLY,43237,EMU Local,16,2.4,59.8,2.8,30.749999999999996,57.7,0.5,5,3,Warning,5.1,Occupied,0.69,0,0,0,0,0,0,0,0.05,0.2,1,3.1,32.3,75.2,0.0,0.0,0.0,0,57.6,5212.0,13.2,339,17.0,0,5.5
SIMULATED TRAINING DATA — PROTOTYPE ONLY,43435,EMU Local,16,8.3,35.0,2.2,30.749999999999996,63.6,1.0,14,5,Normal,0.0,Clear,0.2,0,0,0,0,0,0,0,0.61,1.6,2,8.9,25.2,58.5,6.199999999999999,3.9,0.0,61,88.6,7411.0,7.7,29,12.4,1,3.0
SIMULATED TRAINING DATA — PROTOTYPE ONLY,43409,EMU Local,2,2.5,40.2,1.8,2.05,6.2,1.0,17,3,Normal,0.4,Clear,0.3,0,0,1,0,20,1,80,0.92,2.5,5,2.3,27.5,79.7,0.0,0.0,0.0,0,34.1,9653.0,11.2,341,18.6,0,9.4
SIMULATED TRAINING DATA — PROTOTYPE ONLY,43503,EMU Local,17,0.1,48.3,2.1,32.8,59.1,0.5,5,6,Normal,0.1,Clear,0.43,0,1,1,0,20,1,59,0.38,0.3,2,0.0,27.3,64.6,0.0,0.0,0.0,0,13.4,9243.0,18.9,26,27.6,0,8.1
SIMULATED TRAINING DATA — PROTOTYPE ONLY,43207,EMU Local,11,1.0,43.1,2.2,20.5,37.9,1.5,18,3,Normal,0.0,Clear,0.28,0,0,0,0,0,0,0,0.61,1.7,2,0.0,29.2,77.0,0.0,0.0,0.0,0,40.0,5249.0,10.2,358,15.5,0,2.3
SIMULATED TRAINING DATA — PROTOTYPE ONLY,43239,EMU Local,8,2.6,43.0,1.9,14.349999999999998,28.4,0.5,21,4,Warning,4.4,Occupied,0.93,0,0,1,0,20,1,22,0.15,0.0,2,4.0,32.7,77.3,0.0,0.0,0.0,0,25.8,6911.0,29.1,80,41.0,1,12.8
SIMULATED TRAINING DATA — PROTOTYPE ONLY,43205,EMU Local,20,2.2,55.5,2.6,38.949999999999996,72.3,2.0,17,0,Warning,6.1,Occupied,0.67,0,0,0,0,0,0,0,0.55,0.0,2,2.4,32.2,80.0,7.2,7.0,2.3,63,83.3,6629.0,5.4,60,8.8,1,9.3
SIMULATED TRAINING DATA — PROTOTYPE ONLY,43215,EMU Local,3,7.9,16.6,1.0,4.1,15.3,1.0,15,1,Normal,0.6,Clear,0.41,0,1,0,0,30,1,50,0.3,0.3,2,9.1,32.6,82.8,0.0,0.0,0.0,0,25.1,5355.0,35.6,44,60.2,2,11.1
SIMULATED TRAINING DATA — PROTOTYPE ONLY,43425,EMU Local,12,3.1,72.5,2.4,22.549999999999997,43.7,0.5,13,5,Critical,8.9,Restricted,0.97,1,0,0,0,0,0,0,0.38,2.2,2,2.5,34.7,69.6,0.0,0.0,0.0,0,15.5,5554.0,17.7,250,21.7,0,15.7
SIMULATED TRAINING DATA — PROTOTYPE ONLY,66069,EMU Local,20,4.7,49.3,1.8,38.949999999999996,74.8,0.5,17,3,Normal,1.1,Clear,0.47,0,0,0,0,0,0,0,0.72,2.3,4,4.3,32.2,69.3,0.0,0.0,0.0,0,25.3,7824.0,8.5,143,11.3,0,3.4
SIMULATED TRAINING DATA — PROTOTYPE ONLY,43503,EMU Local,16,2.5,36.0,2.7,30.749999999999996,57.8,0.5,18,1,Normal,0.2,Clear,0.35,0,0,0,0,0,0,0,0.71,5.6,4,2.1,27.5,88.1,0.0,0.0,0.0,2,51.0,6625.0,5.3,129,8.7,0,4.3
SIMULATED TRAINING DATA — PROTOTYPE ONLY,43205,EMU Local,14,2.3,66.4,1.3,26.65,50.3,0.5,8,1,Normal,0.2,Clear,0.27,0,0,0,0,0,0,0,0.76,1.3,5,0.3,31.6,61.5,0.0,0.0,0.0,0,19.1,5216.0,35.3,13,54.2,2,7.0
SIMULATED TRAINING DATA — PROTOTYPE ONLY,43435,Fast Local,16,2.4,43.6,2.7,30.749999999999996,57.7,1.0,5,4,Normal,0.1,Clear,0.33,0,1,0,0,30,1,82,0.6,0.9,1,2.0,27.8,78.2,0.0,0.0,0.0,0,18.8,9257.0,20.2,180,29.5,0,5.6
SIMULATED TRAINING DATA — PROTOTYPE ONLY,43215,Fast Local,21,2.1,43.9,1.6,41.0,75.9,0.5,9,6,Warning,3.6,Occupied,0.71,0,0,0,0,0,0,0,0.81,3.4,5,1.7,30.2,64.0,4.4,3.7,0.0,61,80.1,7726.0,33.7,123,41.1,1,8.1
SIMULATED TRAINING DATA — PROTOTYPE ONLY,43407,EMU Local,17,3.1,38.8,2.3,32.8,62.1,0.5,15,1,Warning,2.1,Occupied,0.79,0,0,0,0,0,0,0,0.19,0.3,2,3.1,33.1,72.6,8.1,6.5,3.3,63,90.5,8516.0,22.9,56,33.6,1,5.7
SIMULATED TRAINING DATA — PROTOTYPE ONLY,43435,EMU Local,11,1.2,64.0,1.8,20.5,38.1,1.0,5,6,Normal,0.2,Clear,0.28,0,0,0,0,0,0,0,0.52,0.9,2,0.9,30.8,93.3,0.0,0.0,0.0,2,26.6,8480.0,8.9,345,11.9,0,1.6
SIMULATED TRAINING DATA — PROTOTYPE ONLY,43205,EMU Local,17,8.9,41.9,2.8,32.8,67.9,0.5,7,3,Normal,1.0,Clear,0.14,0,0,0,0,0,0,0,0.15,0.3,2,10.5,34.1,57.2,0.0,0.0,0.0,0,37.0,5398.0,26.5,105,33.1,1,1.6
SIMULATED TRAINING DATA — PROTOTYPE ONLY,43407,EMU Local,19,1.6,33.6,2.0,36.9,68.0,1.0,10,5,Normal,0.6,Clear,0.34,0,0,0,0,0,0,0,0.56,0.2,1,0.9,31.5,54.8,0.0,0.0,0.0,0,31.2,5022.0,29.3,176,36.4,1,3.9
SIMULATED TRAINING DATA — PROTOTYPE ONLY,43217,EMU Local,1,0.6,57.0,1.7,0.0,0.6,0.5,19,1,Warning,2.6,Occupied,0.78,0,0,0,0,0,0,0,0.77,0.6,3,1.6,25.4,88.9,0.0,0.0,0.0,2,51.1,9224.0,22.3,145,36.3,1,8.7
SIMULATED TRAINING DATA — PROTOTYPE ONLY,66069,MEMU,12,0.4,59.7,2.9,22.549999999999997,41.0,1.0,4,4,Normal,0.1,Clear,0.41,0,0,0,0,0,0,0,0.2,0.6,2,0.8,29.9,74.9,0.0,0.0,0.0,0,38.9,9858.0,14.2,31,22.0,0,0.7
SIMULATED TRAINING DATA — PROTOTYPE ONLY,43207,EMU Local,15,0.1,66.1,1.9,28.699999999999996,51.8,1.0,4,5,Normal,0.3,Clear,0.47,0,0,1,0,20,1,68,0.39,1.3,1,0.1,34.0,63.5,0.0,0.0,0.0,0,45.7,7793.0,32.5,45,54.9,2,12.0
SIMULATED TRAINING DATA — PROTOTYPE ONLY,43407,MEMU,18,2.2,51.5,2.4,34.849999999999994,64.9,1.0,17,5,Normal,0.1,Clear,0.28,0,0,0,0,0,0,0,0.54,1.7,1,3.1,33.3,70.5,5.8,1.7,0.0,61,71.1,7578.0,8.1,120,10.2,0,3.6
SIMULATED TRAINING DATA — PROTOTYPE ONLY,43251,EMU Local,14,0.8,59.2,2.7,26.65,48.8,0.5,14,5,Warning,2.3,Occupied,1.0,0,0,0,0,0,0,0,0.06,0.0,2,0.4,27.2,69.6,0.0,0.0,0.0,0,13.8,5597.0,22.7,324,33.8,1,3.4
SIMULATED TRAINING DATA — PROTOTYPE ONLY,43247,EMU Local,1,0.1,38.1,1.6,0.0,0.1,0.5,15,3,Warning,5.1,Occupied,0.95,0,0,0,1,0,1,59,0.13,0.3,1,0.0,29.7,68.6,0.0,0.0,0.0,0,58.7,7795.0,32.6,108,52.9,2,11.7
SIMULATED TRAINING DATA — PROTOTYPE ONLY,43245,MEMU,13,2.9,57.4,2.4,24.599999999999998,47.2,0.5,14,4,Normal,0.8,Clear,0.46,0,0,1,0,20,1,23,0.1,0.9,2,2.5,32.3,88.3,0.0,0.0,0.0,2,13.5,5106.0,18.1,49,30.6,1,10.3
SIMULATED TRAINING DATA — PROTOTYPE ONLY,43219,EMU Local,15,4.6,53.1,2.4,28.699999999999996,56.3,0.5,9,2,Normal,0.0,Clear,0.49,0,0,0,0,0,0,0,0.68,4.7,2,4.8,29.4,61.1,0.0,0.0,0.0,0,57.4,8953.0,18.2,115,28.5,0,5.7
SIMULATED TRAINING DATA — PROTOTYPE ONLY,43425,EMU Local,7,0.4,50.0,1.2,12.299999999999999,22.5,0.5,15,0,Warning,3.1,Occupied,0.6,0,0,0,0,0,0,0,0.13,0.4,1,0.0,30.1,69.3,0.0,0.0,0.0,0,59.4,7596.0,14.5,277,23.1,0,3.2
SIMULATED TRAINING DATA — PROTOTYPE ONLY,43203,EMU Local,15,2.5,18.6,2.3,28.699999999999996,54.2,1.0,15,1,Warning,6.6,Occupied,0.76,0,1,0,0,15,1,34,0.19,1.5,2,2.3,32.5,59.1,0.0,0.0,0.0,0,23.0,8584.0,17.0,132,25.1,0,15.0
SIMULATED TRAINING DATA — PROTOTYPE ONLY,43237,EMU Local,20,5.4,36.2,1.9,38.949999999999996,75.5,1.0,13,1,Normal,0.0,Clear,0.3,0,0,0,0,0,0,0,0.07,0.3,1,6.2,38.8,69.5,0.0,0.0,0.0,0,42.2,7385.0,16.2,196,22.9,0,0.0
SIMULATED TRAINING DATA — PROTOTYPE ONLY,43207,Fast Local,10,17.0,41.3,3.1,18.45,50.2,1.0,11,1,Normal,0.0,Clear,0.2,0,0,0,0,0,0,0,0.2,0.4,2,17.0,32.7,64.1,0.0,0.0,0.0,0,12.7,8699.0,17.0,304,23.7,0,0.0
SIMULATED TRAINING DATA — PROTOTYPE ONLY,43201,EMU Local,14,4.4,50.0,2.6,26.65,52.4,0.5,23,6,Warning,3.3,Occupied,0.69,0,0,0,0,0,0,0,0.22,1.2,2,4.5,34.3,75.8,0.0,0.0,0.0,0,44.0,7756.0,7.5,329,10.8,0,3.9
SIMULATED TRAINING DATA — PROTOTYPE ONLY,43207,Fast Local,6,1.1,75.0,2.4,10.25,19.6,1.0,22,2,Warning,2.7,Occupied,0.9,0,0,0,0,0,0,0,0.27,0.3,1,1.7,28.0,70.3,0.0,0.0,0.0,0,19.4,7667.0,15.5,288,24.6,0,4.1
SIMULATED TRAINING DATA — PROTOTYPE ONLY,43239,Fast Local,14,5.0,54.9,1.0,26.65,53.0,2.0,10,5,Warning,4.0,Occupied,0.73,0,0,0,0,0,0,0,0.65,4.4,1,5.1,26.5,79.0,0.0,0.0,0.0,0,57.1,6856.0,36.1,40,54.2,2,13.6
SIMULATED TRAINING DATA — PROTOTYPE ONLY,43407,MEMU,12,3.6,29.8,2.4,22.549999999999997,44.2,1.0,17,5,Normal,0.3,Clear,0.26,0,0,0,0,0,0,0,0.56,0.8,2,1.7,28.0,88.1,0.0,0.0,0.0,2,42.8,6429.0,17.5,231,23.2,0,2.7
SIMULATED TRAINING DATA — PROTOTYPE ONLY,43407,EMU Local,11,1.0,34.8,1.6,20.5,37.9,1.0,7,6,Warning,2.2,Occupied,0.78,0,1,1,0,20,1,49,0.45,2.5,2,2.7,30.8,57.9,0.0,0.0,0.0,0,48.3,8829.0,35.8,10,56.0,2,14.7
SIMULATED TRAINING DATA — PROTOTYPE ONLY,43501,EMU Local,20,7.6,62.8,2.6,38.949999999999996,77.7,2.0,4,0,Normal,0.1,Clear,0.21,0,0,0,0,0,0,0,0.19,0.2,2,10.7,32.4,73.7,0.0,0.0,0.0,0,57.3,8552.0,6.2,201,9.3,0,0.1
SIMULATED TRAINING DATA — PROTOTYPE ONLY,43503,Fast Local,19,2.2,34.1,2.0,36.9,68.6,2.0,11,4,Warning,3.0,Occupied,0.85,0,0,0,0,0,0,0,0.3,2.6,2,4.0,33.4,53.0,14.8,13.9,1.9,63,72.8,9506.0,26.0,76,39.4,1,5.5
SIMULATED TRAINING DATA — PROTOTYPE ONLY,43237,EMU Local,2,13.1,57.3,1.8,2.05,16.8,0.5,8,2,Normal,0.5,Clear,0.4,0,0,0,0,0,0,0,0.78,0.6,3,12.8,35.1,72.6,0.0,0.0,0.0,0,33.4,8934.0,18.0,201,27.4,0,3.8
SIMULATED TRAINING DATA — PROTOTYPE ONLY,43219,EMU Local,20,5.1,43.8,1.8,38.949999999999996,75.2,1.0,11,2,Normal,0.4,Clear,0.22,0,0,0,0,0,0,0,0.18,0.8,1,4.0,36.5,78.6,0.0,0.0,0.0,0,18.5,5369.0,16.4,158,22.5,0,0.5
SIMULATED TRAINING DATA — PROTOTYPE ONLY,43215,EMU Local,1,4.1,39.5,1.9,0.0,4.1,0.5,11,3,Normal,0.1,Clear,0.38,0,1,0,1,20,1,19,0.37,0.7,2,5.9,23.2,68.1,4.4,1.9,0.0,61,81.4,9771.0,23.9,341,30.0,0,7.5
SIMULATED TRAINING DATA — PROTOTYPE ONLY,43207,EMU Local,8,5.2,34.4,1.3,14.349999999999998,31.0,1.0,10,5,Warning,4.4,Occupied,0.71,0,0,0,0,0,0,0,0.83,0.1,4,5.4,27.6,76.7,0.0,0.0,0.0,0,39.4,8748.0,8.7,343,13.3,0,6.4
SIMULATED TRAINING DATA — PROTOTYPE ONLY,43435,EMU Local,14,2.6,0.0,1.4,26.65,50.6,1.5,22,2,Normal,0.2,Clear,0.42,0,0,0,0,0,0,0,0.46,0.6,2,3.7,38.2,75.8,0.0,0.0,0.0,0,47.3,6729.0,29.1,178,43.8,1,4.4
SIMULATED TRAINING DATA — PROTOTYPE ONLY,43501,EMU Local,9,2.8,50.1,1.9,16.4,32.3,0.5,7,2,Normal,0.2,Clear,0.17,0,0,0,0,0,0,0,0.4,0.3,1,1.6,32.9,79.0,4.1,2.0,0.0,61,93.9,8225.0,32.2,350,49.1,2,4.9
SIMULATED TRAINING DATA — PROTOTYPE ONLY,43239,EMU Local,2,7.6,26.2,3.0,2.05,11.3,1.0,23,1,Normal,0.3,Clear,0.16,0,0,0,0,0,0,0,0.45,1.3,1,8.2,31.1,57.6,8.799999999999999,8.6,1.9,63,96.6,8821.0,6.3,61,10.1,1,5.7
SIMULATED TRAINING DATA — PROTOTYPE ONLY,43239,Fast Local,5,4.6,20.7,2.5,8.2,19.4,1.0,9,6,Normal,0.2,Clear,0.37,0,0,0,0,0,0,0,0.65,0.7,2,5.1,22.6,85.0,10.0,8.0,1.4,63,96.9,5683.0,10.1,148,13.6,1,3.7
SIMULATED TRAINING DATA — PROTOTYPE ONLY,43215,EMU Local,8,9.1,45.7,2.6,14.349999999999998,34.9,0.5,15,5,Normal,0.4,Clear,0.47,0,1,0,0,20,1,33,0.32,0.1,2,10.8,26.3,68.2,8.4,8.3,2.8,63,79.0,9831.0,8.8,122,14.3,1,8.9
SIMULATED TRAINING DATA — PROTOTYPE ONLY,66015,Fast Local,16,8.9,57.4,2.8,30.749999999999996,64.2,1.0,21,3,Critical,6.9,Restricted,0.76,1,1,1,0,15,1,90,0.47,5.0,1,9.9,35.0,52.2,0.0,0.0,0.0,0,26.5,8253.0,36.0,25,58.1,2,29.2
SIMULATED TRAINING DATA — PROTOTYPE ONLY,43407,EMU Local,16,15.0,16.5,2.3,30.749999999999996,70.4,0.5,15,4,Normal,0.2,Clear,0.13,0,1,1,0,30,1,71,0.42,2.7,1,15.2,29.6,61.0,0.0,0.0,0.0,0,17.9,5100.0,27.8,79,46.0,2,10.3
SIMULATED TRAINING DATA — PROTOTYPE ONLY,43209,MEMU,13,4.8,57.1,1.8,24.599999999999998,49.1,0.5,21,0,Normal,1.2,Clear,0.47,0,0,0,0,0,0,0,0.18,0.0,1,7.1,33.7,56.9,0.0,0.0,0.0,0,34.3,7767.0,14.5,248,19.1,0,0.0
SIMULATED TRAINING DATA — PROTOTYPE ONLY,43407,EMU Local,20,2.8,28.5,1.9,38.949999999999996,72.9,2.0,6,4,Normal,0.2,Clear,0.15,0,0,0,0,0,0,0,0.16,0.2,2,2.5,29.9,65.6,0.0,0.0,0.0,0,57.5,5971.0,8.2,211,11.6,0,0.4
SIMULATED TRAINING DATA — PROTOTYPE ONLY,43423,MEMU,15,0.7,51.7,1.6,28.699999999999996,52.4,0.5,13,3,Warning,2.7,Occupied,0.74,0,0,0,0,0,0,0,0.05,0.2,2,2.5,40.2,61.7,1.8,1.7,0.0,61,89.7,6256.0,27.0,331,45.0,1,5.0
SIMULATED TRAINING DATA — PROTOTYPE ONLY,43223,EMU Local,1,4.9,50.7,2.6,0.0,4.9,1.0,10,1,Warning,6.7,Occupied,0.63,0,1,0,0,30,1,119,0.49,0.7,2,5.6,31.3,53.6,0.0,0.0,0.0,0,51.8,5345.0,7.9,205,12.1,0,12.3
SIMULATED TRAINING DATA — PROTOTYPE ONLY,43505,MEMU,3,1.4,38.9,1.5,4.1,8.8,1.0,6,0,Normal,0.3,Clear,0.42,0,0,0,0,0,0,0,0.32,0.4,1,2.3,25.5,51.9,0.0,0.0,0.0,0,46.8,7087.0,35.4,5,53.9,2,9.3
SIMULATED TRAINING DATA — PROTOTYPE ONLY,43401,EMU Local,6,1.3,42.4,3.4,10.25,19.8,2.0,22,4,Critical,20.3,Restricted,0.61,1,0,0,0,0,0,0,0.43,1.4,1,4.9,33.8,71.7,0.0,0.0,0.0,0,26.5,6323.0,13.7,259,16.8,0,25.3
SIMULATED TRAINING DATA — PROTOTYPE ONLY,43249,Fast Local,14,1.1,36.1,1.6,26.65,49.1,1.5,16,5,Normal,0.7,Clear,0.48,0,1,0,0,20,1,44,0.32,0.2,2,0.0,31.8,89.1,0.0,0.0,0.0,2,16.9,9182.0,13.8,22,17.1,0,8.2
SIMULATED TRAINING DATA — PROTOTYPE ONLY,43239,Fast Local,4,8.3,46.0,2.8,6.1499999999999995,19.4,1.0,7,5,Normal,0.7,Clear,0.33,0,0,1,0,15,1,19,0.51,1.9,2,6.6,29.0,73.6,0.0,0.0,0.0,0,56.6,9303.0,20.2,4,26.3,0,13.8
SIMULATED TRAINING DATA — PROTOTYPE ONLY,43503,EMU Local,18,8.1,45.8,2.8,34.849999999999994,70.8,1.0,13,0,Warning,6.4,Occupied,0.72,0,1,0,0,20,1,102,0.07,0.0,1,9.5,32.3,64.9,0.0,0.0,0.0,0,29.0,5134.0,36.2,139,50.5,2,18.0
SIMULATED TRAINING DATA — PROTOTYPE ONLY,43435,EMU Local,15,4.0,28.1,2.5,28.699999999999996,55.7,0.5,9,0,Normal,0.0,Clear,0.38,0,0,0,0,0,0,0,0.36,0.5,1,5.1,35.7,59.3,0.0,0.0,0.0,0,31.7,8863.0,17.9,315,24.0,0,1.4
SIMULATED TRAINING DATA — PROTOTYPE ONLY,43403,MEMU,9,2.6,21.6,3.1,16.4,32.1,0.5,4,0,Normal,1.3,Clear,0.31,0,0,0,0,0,0,0,0.21,0.1,2,2.8,30.5,56.7,0.0,0.0,0.0,0,26.0,5194.0,16.4,217,27.7,0,2.3
SIMULATED TRAINING DATA — PROTOTYPE ONLY,43205,EMU Local,18,4.5,57.1,2.0,34.849999999999994,67.2,1.5,9,2,Critical,14.9,Restricted,0.96,1,1,0,0,20,1,50,0.25,0.3,2,5.8,27.7,68.8,0.0,0.0,0.0,0,52.4,7235.0,24.3,351,32.3,1,25.4
SIMULATED TRAINING DATA — PROTOTYPE ONLY,43209,Fast Local,3,3.7,45.1,2.2,4.1,11.1,1.0,11,3,Normal,0.4,Clear,0.5,0,0,0,0,0,0,0,0.2,0.8,2,2.4,32.3,69.6,0.0,0.0,0.0,0,21.4,5521.0,37.2,348,56.3,2,4.8
SIMULATED TRAINING DATA — PROTOTYPE ONLY,43407,EMU Local,10,2.1,55.0,2.2,18.45,35.3,0.5,18,5,Normal,0.3,Clear,0.16,0,1,0,0,15,1,46,0.77,3.9,5,4.4,28.9,78.6,0.0,0.0,0.0,0,48.0,7804.0,13.1,107,19.5,0,12.9
SIMULATED TRAINING DATA — PROTOTYPE ONLY,43425,EMU Local,17,1.9,31.9,2.5,32.8,60.9,0.5,11,5,Normal,0.8,Clear,0.36,0,0,0,0,0,0,0,0.29,0.2,1,3.6,32.8,67.7,0.0,0.0,0.0,0,22.3,9780.0,33.6,136,52.3,2,7.0
SIMULATED TRAINING DATA — PROTOTYPE ONLY,43423,Fast Local,7,1.9,29.6,1.0,12.299999999999999,24.0,1.5,9,3,Normal,0.1,Clear,0.28,0,1,0,0,30,1,55,0.27,1.3,2,3.9,36.6,88.7,11.3,8.6,1.7,63,90.5,6153.0,21.4,328,26.8,1,5.8
SIMULATED TRAINING DATA — PROTOTYPE ONLY,43219,EMU Local,15,3.6,26.8,2.0,28.699999999999996,55.3,1.0,22,1,Warning,3.6,Occupied,0.93,0,0,0,0,0,0,0,0.1,0.0,2,1.7,26.9,56.5,3.6,3.4,0.0,61,81.1,9198.0,31.0,170,49.8,2,8.7
SIMULATED TRAINING DATA — PROTOTYPE ONLY,43249,MEMU,1,4.2,39.3,2.6,0.0,4.2,0.5,17,5,Normal,0.3,Clear,0.38,0,0,0,0,0,0,0,0.51,0.4,2,5.5,24.1,58.5,0.0,0.0,0.0,0,40.9,8918.0,17.2,21,21.0,0,2.6
SIMULATED TRAINING DATA — PROTOTYPE ONLY,43511,EMU Local,11,2.4,45.5,1.9,20.5,39.3,1.0,5,4,Normal,0.7,Clear,0.37,0,0,0,0,0,0,0,0.17,0.4,2,2.4,40.7,76.9,0.0,0.0,0.0,0,44.6,8800.0,19.9,81,27.9,0,0.0
SIMULATED TRAINING DATA — PROTOTYPE ONLY,43505,EMU Local,17,13.9,33.8,3.3,32.8,72.9,0.5,10,1,Warning,2.0,Occupied,0.95,0,1,0,0,30,1,115,0.78,9.7,3,16.8,32.0,66.1,0.0,0.0,0.0,0,41.3,6334.0,17.8,297,25.5,0,13.1
SIMULATED TRAINING DATA — PROTOTYPE ONLY,43505,EMU Local,5,0.4,65.5,2.2,8.2,15.2,1.0,11,6,Normal,0.4,Clear,0.45,0,0,0,0,0,0,0,0.23,2.9,2,0.7,26.5,65.3,3.9,3.6,0.0,61,77.2,8098.0,21.9,211,27.2,1,3.6
SIMULATED TRAINING DATA — PROTOTYPE ONLY,43251,EMU Local,7,1.7,32.4,2.4,12.299999999999999,23.8,1.0,13,6,Normal,0.4,Clear,0.32,0,0,0,0,0,0,0,0.22,0.5,2,0.6,27.5,62.6,0.0,0.0,0.0,0,43.3,5427.0,10.3,222,16.0,0,0.2
SIMULATED TRAINING DATA — PROTOTYPE ONLY,43209,EMU Local,19,2.2,45.7,3.0,36.9,68.6,1.0,16,4,Warning,3.1,Occupied,0.88,0,0,0,0,0,0,0,0.12,0.7,2,2.9,29.6,55.4,0.0,0.0,0.0,0,37.0,7418.0,32.3,254,54.0,2,10.4
SIMULATED TRAINING DATA — PROTOTYPE ONLY,43223,EMU Local,15,0.1,28.8,2.2,28.699999999999996,51.8,0.5,23,0,Warning,3.7,Occupied,0.75,0,0,0,0,0,0,0,0.18,0.5,2,0.0,32.7,46.8,0.0,0.0,0.0,0,51.4,9600.0,17.9,276,26.1,0,4.0
SIMULATED TRAINING DATA — PROTOTYPE ONLY,43247,EMU Local,3,1.8,31.9,3.0,4.1,9.2,0.5,4,5,Warning,4.9,Occupied,0.78,0,0,0,0,0,0,0,0.21,1.0,1,3.1,21.8,63.9,0.0,0.0,0.0,0,59.4,7558.0,15.9,78,20.7,0,6.1
SIMULATED TRAINING DATA — PROTOTYPE ONLY,43403,EMU Local,15,1.3,40.7,2.4,28.699999999999996,53.0,0.5,12,4,Normal,1.1,Clear,0.21,0,0,0,0,0,0,0,0.09,0.3,2,0.8,34.3,58.4,0.0,0.0,0.0,0,41.2,5169.0,32.7,320,42.6,1,1.4
SIMULATED TRAINING DATA — PROTOTYPE ONLY,43249,MEMU,5,2.8,29.5,2.5,8.2,17.6,1.5,13,4,Normal,0.3,Clear,0.32,0,0,0,0,0,0,0,0.44,1.8,1,2.6,28.8,75.6,8.1,7.4,1.5,63,98.9,8491.0,12.1,282,15.1,1,4.4
SIMULATED TRAINING DATA — PROTOTYPE ONLY,66069,EMU Local,12,1.6,43.3,1.6,22.549999999999997,42.2,1.5,23,0,Normal,0.1,Clear,0.36,0,1,0,0,30,1,80,0.22,0.4,2,1.9,37.4,71.3,2.2,0.9,0.0,61,86.2,9363.0,29.0,145,48.1,2,9.9
SIMULATED TRAINING DATA — PROTOTYPE ONLY,43401,EMU Local,20,5.2,48.6,2.8,38.949999999999996,75.3,1.0,5,6,Normal,0.5,Clear,0.34,0,0,0,0,0,0,0,0.46,2.9,1,4.8,33.0,64.2,0.0,0.0,0.0,0,52.2,5986.0,16.2,77,26.2,0,2.4
SIMULATED TRAINING DATA — PROTOTYPE ONLY,43201,EMU Local,5,2.9,58.4,1.7,8.2,17.7,1.5,23,1,Normal,1.0,Clear,0.48,0,0,0,0,0,0,0,0.13,0.3,1,4.9,35.1,65.9,9.4,6.8,2.3,63,90.1,5789.0,23.9,300,39.6,1,2.5
SIMULATED TRAINING DATA — PROTOTYPE ONLY,43213,EMU Local,3,0.6,25.8,2.0,4.1,8.0,1.0,14,4,Normal,0.0,Clear,0.22,0,0,0,0,0,0,0,0.16,0.7,1,0.3,30.6,85.1,4.0,2.8,0.0,61,77.3,5141.0,22.0,329,35.8,1,2.6
SIMULATED TRAINING DATA — PROTOTYPE ONLY,43407,MEMU,9,5.5,44.5,2.9,16.4,35.0,0.5,8,5,Normal,0.4,Clear,0.25,0,1,1,0,20,1,26,0.74,5.3,3,6.1,32.5,62.2,0.0,0.0,0.0,0,30.7,8812.0,24.1,48,36.3,1,11.7
SIMULATED TRAINING DATA — PROTOTYPE ONLY,43245,EMU Local,9,0.4,41.1,1.9,16.4,29.9,1.0,21,1,Normal,0.1,Clear,0.37,0,1,0,0,15,1,81,0.31,1.2,1,1.1,37.0,83.3,0.0,0.0,0.0,0,48.5,9559.0,24.2,48,40.3,1,10.2
SIMULATED TRAINING DATA — PROTOTYPE ONLY,43211,EMU Local,7,7.3,14.3,2.3,12.299999999999999,29.4,0.5,10,1,Normal,0.0,Clear,0.34,0,0,0,0,0,0,0,0.89,2.2,3,7.4,28.1,88.2,0.0,0.0,0.0,2,31.1,7444.0,27.7,351,43.5,1,5.8
SIMULATED TRAINING DATA — PROTOTYPE ONLY,43403,EMU Local,2,10.7,25.1,2.1,2.05,14.4,0.5,6,3,Normal,0.6,Clear,0.1,0,0,0,1,0,1,93,0.39,1.0,2,9.8,33.3,75.5,3.1999999999999997,0.9,0.0,61,80.9,6389.0,20.4,240,33.8,1,7.5
SIMULATED TRAINING DATA — PROTOTYPE ONLY,43201,EMU Local,21,1.6,49.1,2.1,41.0,75.4,0.5,19,6,Normal,0.6,Clear,0.22,0,0,0,0,0,0,0,0.85,3.7,4,0.0,33.6,67.4,15.7,13.7,2.5,63,83.6,9625.0,21.2,132,29.7,1,6.9
SIMULATED TRAINING DATA — PROTOTYPE ONLY,43251,MEMU,16,10.4,21.7,2.0,30.749999999999996,65.8,0.5,18,5,Normal,0.5,Clear,0.2,0,0,1,0,15,1,49,0.82,0.3,4,11.7,36.9,69.6,2.1,0.4,0.0,0,78.7,5992.0,30.0,64,49.3,2,16.1
SIMULATED TRAINING DATA — PROTOTYPE ONLY,43407,EMU Local,9,6.3,40.9,1.5,16.4,35.8,1.0,11,5,Normal,1.0,Clear,0.44,0,0,0,0,0,0,0,0.3,1.1,2,5.1,28.9,81.2,0.0,0.0,0.0,0,33.8,7118.0,11.9,278,19.0,0,3.8
SIMULATED TRAINING DATA — PROTOTYPE ONLY,43213,MEMU,13,10.2,10.2,2.4,24.599999999999998,54.5,0.5,23,0,Warning,6.0,Occupied,0.63,0,0,0,0,0,0,0,0.2,0.3,2,12.6,28.1,67.9,0.0,0.0,0.0,0,55.1,9521.0,30.7,234,50.3,2,13.3
SIMULATED TRAINING DATA — PROTOTYPE ONLY,43239,EMU Local,19,4.4,40.5,2.5,36.9,70.8,0.5,8,0,Warning,5.1,Occupied,0.97,0,0,0,1,0,1,83,0.56,0.3,1,3.7,36.3,98.0,0.0,0.0,0.0,2,58.6,9939.0,5.3,110,8.9,0,9.9
SIMULATED TRAINING DATA — PROTOTYPE ONLY,43217,EMU Local,20,1.1,11.2,1.8,38.949999999999996,71.2,1.0,6,2,Normal,1.0,Clear,0.14,0,0,1,0,15,1,57,0.2,1.7,1,2.6,30.6,62.5,0.0,0.0,0.0,0,17.9,6323.0,24.0,298,36.7,1,11.2
SIMULATED TRAINING DATA — PROTOTYPE ONLY,66015,Fast Local,17,9.0,32.9,1.8,32.8,68.0,1.0,8,5,Normal,0.3,Clear,0.18,0,0,0,0,0,0,0,0.83,2.0,3,9.2,27.9,80.4,6.6000000000000005,1.2,0.0,61,91.9,9757.0,19.4,303,26.4,0,3.4
SIMULATED TRAINING DATA — PROTOTYPE ONLY,43217,EMU Local,6,0.8,35.4,2.6,10.25,19.2,1.0,12,6,Normal,0.2,Clear,0.17,0,0,0,0,0,0,0,0.07,0.1,1,2.7,29.5,83.3,7.6,2.0,0.0,61,90.2,7408.0,25.9,11,31.4,1,2.2
SIMULATED TRAINING DATA — PROTOTYPE ONLY,43207,EMU Local,4,1.0,43.8,1.9,6.1499999999999995,12.1,0.5,19,1,Normal,0.7,Clear,0.19,0,0,0,0,0,0,0,0.84,2.3,3,1.5,26.0,52.3,0.0,0.0,0.0,0,22.7,8180.0,21.1,111,32.6,1,7.2
SIMULATED TRAINING DATA — PROTOTYPE ONLY,43249,EMU Local,1,1.3,38.2,2.2,0.0,1.3,0.5,17,2,Warning,5.1,Occupied,0.78,0,1,0,0,30,1,73,0.47,1.6,1,1.9,31.4,74.5,0.0,0.0,0.0,0,32.0,8799.0,31.1,138,48.7,2,14.4
SIMULATED TRAINING DATA — PROTOTYPE ONLY,43201,EMU Local,18,1.5,23.5,1.6,34.849999999999994,64.2,1.0,21,5,Normal,0.6,Clear,0.29,0,0,0,0,0,0,0,0.22,0.2,2,0.1,20.0,68.3,0.0,0.0,0.0,0,10.4,6857.0,11.5,340,17.7,0,1.7
SIMULATED TRAINING DATA — PROTOTYPE ONLY,43435,EMU Local,19,2.9,23.7,2.1,36.9,69.3,1.0,10,0,Normal,0.8,Clear,0.23,0,0,0,0,0,0,0,0.52,1.8,2,3.8,32.6,68.2,0.0,0.0,0.0,0,31.4,9173.0,13.9,108,21.3,0,2.5
SIMULATED TRAINING DATA — PROTOTYPE ONLY,43251,EMU Local,9,5.0,17.8,1.6,16.4,34.5,0.5,18,6,Normal,0.2,Clear,0.32,0,0,0,0,0,0,0,0.82,1.2,3,6.1,25.3,84.0,0.0,0.0,0.0,0,58.6,9615.0,24.1,352,29.7,0,2.0
SIMULATED TRAINING DATA — PROTOTYPE ONLY,43237,EMU Local,13,10.4,45.1,1.7,24.599999999999998,54.7,2.0,11,0,Normal,0.2,Clear,0.24,0,0,0,1,0,1,43,0.1,0.4,2,10.6,36.6,69.4,0.0,0.0,0.0,0,14.8,8810.0,12.8,73,20.7,0,2.7
SIMULATED TRAINING DATA — PROTOTYPE ONLY,43407,EMU Local,8,0.4,44.4,1.6,14.349999999999998,26.2,0.5,6,5,Warning,3.0,Occupied,0.99,0,0,0,0,0,0,0,0.29,1.5,1,1.7,28.7,89.3,1.9,1.7,0.0,61,79.0,5583.0,36.2,17,61.1,2,11.7
SIMULATED TRAINING DATA — PROTOTYPE ONLY,43203,EMU Local,13,12.3,52.0,2.6,24.599999999999998,56.6,0.5,14,2,Normal,0.5,Clear,0.48,0,0,0,0,0,0,0,0.35,0.0,2,12.8,28.2,56.9,0.0,0.0,0.0,0,36.6,5267.0,33.4,314,48.2,2,5.7
SIMULATED TRAINING DATA — PROTOTYPE ONLY,43215,EMU Local,15,10.2,34.5,1.3,28.699999999999996,61.9,0.5,23,0,Normal,0.1,Clear,0.26,0,0,0,0,0,0,0,0.34,1.5,1,11.7,31.7,58.0,0.0,0.0,0.0,0,52.5,6507.0,30.1,289,41.5,1,4.6
SIMULATED TRAINING DATA — PROTOTYPE ONLY,43503,EMU Local,11,0.2,16.0,2.3,20.5,37.1,0.5,21,0,Normal,0.4,Clear,0.12,0,0,0,1,0,1,57,0.09,0.1,2,0.3,33.1,68.3,0.0,0.0,0.0,0,42.6,8865.0,29.8,315,47.6,2,10.0
SIMULATED TRAINING DATA — PROTOTYPE ONLY,43219,EMU Local,12,1.8,37.3,2.0,22.549999999999997,42.4,2.0,18,3,Normal,0.6,Clear,0.2,0,0,1,0,20,1,80,0.63,0.8,1,3.1,31.6,64.5,0.0,0.0,0.0,0,10.0,9292.0,26.3,340,37.0,1,11.6
SIMULATED TRAINING DATA — PROTOTYPE ONLY,43247,Fast Local,14,6.7,42.2,2.9,26.65,54.7,0.5,13,4,Warning,6.3,Occupied,0.88,0,0,0,0,0,0,0,0.34,0.6,2,7.0,25.0,62.1,0.0,0.0,0.0,0,43.6,7050.0,29.2,175,35.7,1,7.8
SIMULATED TRAINING DATA — PROTOTYPE ONLY,43403,EMU Local,4,3.8,24.5,2.6,6.1499999999999995,14.9,0.5,6,5,Normal,0.5,Clear,0.24,0,0,0,0,0,0,0,0.35,1.1,1,6.3,32.0,44.4,5.8,5.3,3.4,63,89.0,5617.0,6.1,250,8.9,1,2.0
SIMULATED TRAINING DATA — PROTOTYPE ONLY,43505,Fast Local,1,6.0,26.0,1.4,0.0,6.0,0.5,18,3,Warning,5.2,Occupied,0.98,0,0,1,0,20,1,113,0.8,0.3,3,5.6,31.2,84.5,0.0,0.0,0.0,0,46.6,8733.0,24.2,86,35.9,1,14.0
SIMULATED TRAINING DATA — PROTOTYPE ONLY,66015,EMU Local,4,5.1,48.8,1.8,6.1499999999999995,16.2,0.5,9,6,Normal,0.2,Clear,0.31,0,0,1,0,15,1,29,0.79,3.3,5,5.0,31.0,76.4,2.7,1.3,0.0,61,73.2,9205.0,13.7,55,23.2,0,9.5
SIMULATED TRAINING DATA — PROTOTYPE ONLY,43251,EMU Local,19,2.7,43.5,2.1,36.9,69.1,0.5,14,4,Normal,0.6,Clear,0.2,0,0,0,0,0,0,0,0.27,0.6,1,1.9,33.8,78.2,11.6,10.4,3.5,63,83.5,5546.0,8.2,189,11.7,1,2.8
SIMULATED TRAINING DATA — PROTOTYPE ONLY,43201,EMU Local,9,0.2,59.0,1.8,16.4,29.7,0.5,14,5,Warning,4.0,Occupied,0.89,0,0,0,0,0,0,0,0.13,0.1,2,0.0,28.4,62.7,0.0,0.0,0.0,0,40.3,7124.0,37.1,31,51.5,2,8.1
SIMULATED TRAINING DATA — PROTOTYPE ONLY,43249,EMU Local,10,3.5,67.8,2.6,18.45,36.7,0.5,22,3,Critical,18.2,Restricted,0.94,1,0,0,0,0,0,0,0.13,0.3,2,2.9,27.0,78.6,0.0,0.0,0.0,0,43.4,8211.0,36.2,72,58.5,2,26.0
SIMULATED TRAINING DATA — PROTOTYPE ONLY,43435,EMU Local,4,0.2,19.5,2.2,6.1499999999999995,11.3,1.0,6,3,Normal,1.1,Clear,0.19,0,0,0,0,0,0,0,0.15,0.4,1,2.7,34.0,98.0,0.0,0.0,0.0,2,36.8,8768.0,34.9,132,41.9,1,3.8
SIMULATED TRAINING DATA — PROTOTYPE ONLY,43435,EMU Local,20,3.7,35.7,2.0,38.949999999999996,73.8,1.0,16,5,Normal,0.6,Clear,0.37,0,0,0,0,0,0,0,0.3,0.4,2,6.2,23.7,79.0,0.0,0.0,0.0,0,57.3,9753.0,26.4,58,38.0,1,3.6
SIMULATED TRAINING DATA — PROTOTYPE ONLY,43409,EMU Local,9,6.4,43.9,2.7,16.4,35.9,1.0,11,1,Normal,0.3,Clear,0.18,0,0,0,0,0,0,0,0.34,2.7,2,6.3,32.6,72.1,6.7,6.4,3.0,63,97.6,6001.0,5.1,292,7.8,1,2.4
SIMULATED TRAINING DATA — PROTOTYPE ONLY,43247,Fast Local,13,3.5,47.5,1.4,24.599999999999998,47.8,1.0,14,2,Normal,0.1,Clear,0.37,0,1,0,0,30,1,119,0.05,0.2,2,5.2,26.7,73.2,0.0,0.0,0.0,0,24.1,9546.0,14.8,215,23.6,0,3.8
SIMULATED TRAINING DATA — PROTOTYPE ONLY,43205,EMU Local,12,23.3,57.2,1.9,22.549999999999997,63.9,0.5,14,5,Normal,0.2,Clear,0.49,0,0,0,0,0,0,0,0.06,0.2,1,23.1,37.1,86.8,0.7,0.7,0.0,61,99.3,9242.0,5.6,25,7.6,0,0.0
SIMULATED TRAINING DATA — PROTOTYPE ONLY,43245,EMU Local,11,2.4,52.9,2.2,20.5,39.3,1.5,16,3,Normal,0.4,Clear,0.43,0,0,0,0,0,0,0,0.41,0.1,2,2.9,25.7,58.2,0.0,0.0,0.0,0,26.9,7513.0,15.9,147,22.4,0,2.7
SIMULATED TRAINING DATA — PROTOTYPE ONLY,43227,MEMU,12,5.5,59.1,2.0,22.549999999999997,46.1,0.5,6,1,Normal,0.1,Clear,0.16,0,0,0,0,0,0,0,0.05,0.1,1,7.3,25.8,70.7,0.0,0.0,0.0,0,53.1,7959.0,14.8,224,18.1,0,0.0
SIMULATED TRAINING DATA — PROTOTYPE ONLY,43401,EMU Local,18,4.4,42.9,1.0,34.849999999999994,67.1,0.5,9,3,Warning,3.3,Occupied,0.6,0,0,0,0,0,0,0,0.95,6.3,4,4.1,40.8,72.4,0.0,0.0,0.0,0,18.6,8500.0,23.9,175,31.3,1,9.6
SIMULATED TRAINING DATA — PROTOTYPE ONLY,43221,EMU Local,12,19.0,32.6,2.3,22.549999999999997,59.6,1.0,13,2,Normal,0.3,Clear,0.27,0,0,0,0,0,0,0,0.23,0.9,2,17.8,36.6,76.5,0.0,0.0,0.0,0,19.5,9483.0,9.7,145,15.8,0,0.0
SIMULATED TRAINING DATA — PROTOTYPE ONLY,43251,EMU Local,16,5.0,71.2,2.4,30.749999999999996,60.4,1.0,22,6,Critical,14.4,Restricted,0.66,1,0,1,0,20,1,90,0.36,0.3,2,5.6,28.3,63.2,5.3999999999999995,4.6,0.0,61,99.9,7776.0,15.7,353,24.3,1,28.6
SIMULATED TRAINING DATA — PROTOTYPE ONLY,43401,Fast Local,5,0.7,44.3,1.5,8.2,15.5,0.5,15,1,Warning,2.7,Occupied,0.65,0,0,0,0,0,0,0,0.27,1.9,1,0.0,26.6,48.1,0.0,0.0,0.0,0,28.4,6088.0,34.6,197,54.9,2,7.3
SIMULATED TRAINING DATA — PROTOTYPE ONLY,66069,MEMU,20,12.5,38.4,1.0,38.949999999999996,82.6,0.5,17,5,Warning,6.0,Occupied,0.71,0,0,0,0,0,0,0,0.57,0.9,1,12.5,27.8,72.7,0.0,0.0,0.0,0,57.5,7137.0,12.6,339,16.1,0,6.8
SIMULATED TRAINING DATA — PROTOTYPE ONLY,43401,EMU Local,12,4.4,25.9,1.7,22.549999999999997,45.0,0.5,14,4,Critical,20.1,Restricted,0.9,1,0,1,0,30,1,81,0.26,2.2,1,4.8,32.9,98.0,0.0,0.0,0.0,2,45.7,6660.0,21.3,220,27.8,0,30.5
SIMULATED TRAINING DATA — PROTOTYPE ONLY,43239,EMU Local,21,0.2,44.4,2.0,41.0,74.0,1.0,13,6,Warning,2.5,Occupied,0.99,0,1,0,0,30,1,95,0.46,1.2,1,1.0,32.6,77.1,0.0,0.0,0.0,0,34.5,9746.0,8.9,141,12.4,0,6.5
SIMULATED TRAINING DATA — PROTOTYPE ONLY,43251,Fast Local,11,4.3,57.1,2.0,20.5,41.2,0.5,6,2,Warning,5.3,Occupied,0.81,0,0,0,0,0,0,0,0.27,1.5,1,5.1,29.9,58.0,0.0,0.0,0.0,0,58.4,5507.0,29.8,232,48.7,2,9.1
SIMULATED TRAINING DATA — PROTOTYPE ONLY,43217,EMU Local,9,8.6,34.5,1.0,16.4,38.1,1.0,16,0,Normal,0.8,Clear,0.24,0,1,0,0,15,1,41,0.34,1.1,2,9.0,38.4,66.1,0.0,0.0,0.0,0,57.1,7326.0,7.7,91,11.8,0,7.9
SIMULATED TRAINING DATA — PROTOTYPE ONLY,43211,EMU Local,18,3.4,40.0,2.2,34.849999999999994,66.1,0.5,21,5,Normal,0.5,Clear,0.21,0,0,0,0,0,0,0,0.31,0.4,2,4.4,28.4,68.8,0.0,0.0,0.0,0,20.9,9940.0,10.5,25,14.3,0,2.3
SIMULATED TRAINING DATA — PROTOTYPE ONLY,43227,EMU Local,3,1.7,45.7,2.7,4.1,9.1,0.5,16,5,Critical,8.3,Restricted,0.63,1,0,0,0,0,0,0,0.52,1.9,1,3.6,23.9,91.0,0.0,0.0,0.0,2,22.0,7523.0,37.5,225,45.4,2,22.2
SIMULATED TRAINING DATA — PROTOTYPE ONLY,43217,EMU Local,20,6.9,49.1,2.7,38.949999999999996,77.0,0.5,17,5,Normal,0.2,Clear,0.23,0,0,1,0,20,1,78,0.92,0.0,5,7.9,42.2,70.4,0.0,0.0,0.0,0,50.3,7179.0,14.8,149,23.1,0,9.8
SIMULATED TRAINING DATA — PROTOTYPE ONLY,43505,EMU Local,17,6.1,38.1,2.8,32.8,65.1,0.5,17,1,Normal,0.2,Clear,0.43,0,1,0,0,15,1,64,0.84,5.3,5,7.4,35.2,85.2,0.0,0.0,0.0,2,31.6,8317.0,5.3,248,6.5,0,14.3
SIMULATED TRAINING DATA — PROTOTYPE ONLY,43227,EMU Local,14,3.1,36.1,1.4,26.65,51.1,0.5,10,0,Warning,3.9,Occupied,0.78,0,0,0,0,0,0,0,0.83,9.8,4,2.0,30.7,74.4,0.0,0.0,0.0,0,17.5,6126.0,12.8,343,16.3,0,9.4
SIMULATED TRAINING DATA — PROTOTYPE ONLY,43501,EMU Local,1,0.7,34.3,2.6,0.0,0.7,1.0,15,6,Normal,0.4,Clear,0.44,0,0,0,0,0,0,0,0.17,0.1,1,1.0,32.3,73.0,0.0,0.0,0.0,0,56.0,9233.0,19.2,117,31.1,1,2.3
SIMULATED TRAINING DATA — PROTOTYPE ONLY,43227,EMU Local,17,1.2,25.4,1.5,32.8,60.2,0.5,7,6,Warning,4.0,Occupied,0.97,0,0,0,0,0,0,0,0.15,1.1,2,1.7,32.0,60.0,0.0,0.0,0.0,0,47.0,7380.0,20.5,240,25.3,0,4.0
SIMULATED TRAINING DATA — PROTOTYPE ONLY,43425,MEMU,8,5.4,30.4,2.6,14.349999999999998,31.2,1.0,19,1,Normal,0.8,Clear,0.38,0,0,0,0,0,0,0,0.67,0.4,2,8.2,25.0,81.6,6.1000000000000005,5.9,1.8,63,71.6,7066.0,18.4,39,24.5,1,3.8
SIMULATED TRAINING DATA — PROTOTYPE ONLY,43237,EMU Local,5,6.6,30.0,1.7,8.2,21.4,0.5,22,4,Normal,1.0,Clear,0.31,0,0,0,0,0,0,0,0.38,0.9,2,4.0,31.4,65.5,0.0,0.0,0.0,0,59.4,7123.0,9.5,202,12.0,0,1.1
SIMULATED TRAINING DATA — PROTOTYPE ONLY,43239,EMU Local,5,1.3,18.9,2.3,8.2,16.1,1.5,13,1,Normal,1.1,Clear,0.41,0,0,0,1,0,1,25,0.4,0.5,2,2.4,33.2,85.5,0.0,0.0,0.0,2,40.9,8415.0,11.2,104,15.8,0,4.6
SIMULATED TRAINING DATA — PROTOTYPE ONLY,66069,EMU Local,9,1.8,56.9,3.0,16.4,31.3,2.0,19,5,Warning,6.2,Occupied,0.78,0,0,1,0,20,1,23,0.91,0.7,5,2.5,33.0,72.3,3.9,2.3,0.0,61,91.1,8286.0,27.0,142,40.3,1,18.8
SIMULATED TRAINING DATA — PROTOTYPE ONLY,66069,EMU Local,3,0.3,47.4,2.7,4.1,7.7,0.5,8,3,Normal,0.2,Clear,0.36,0,0,0,0,0,0,0,0.83,4.1,4,1.2,22.0,70.9,0.0,0.0,0.0,0,36.2,7560.0,37.1,344,48.5,2,10.2
SIMULATED TRAINING DATA — PROTOTYPE ONLY,43213,EMU Local,19,5.0,44.1,1.5,36.9,71.4,2.0,19,0,Warning,4.2,Occupied,0.76,0,0,0,1,0,1,58,0.97,5.6,5,3.4,32.3,63.1,2.0,1.4,0.0,61,95.9,7981.0,29.7,80,47.1,2,16.0
SIMULATED TRAINING DATA — PROTOTYPE ONLY,43251,EMU Local,9,0.0,61.6,1.4,16.4,29.5,0.5,4,0,Normal,0.4,Clear,0.4,0,0,0,0,0,0,0,0.17,1.1,2,0.2,33.4,66.4,0.0,0.0,0.0,0,26.1,9332.0,30.4,120,37.6,1,4.6
SIMULATED TRAINING DATA — PROTOTYPE ONLY,43409,MEMU,18,0.2,52.8,2.6,34.849999999999994,62.9,1.0,8,6,Normal,0.6,Clear,0.49,0,0,0,0,0,0,0,0.28,0.0,2,2.5,31.3,66.5,2.1,0.6,0.0,61,80.2,9037.0,19.4,17,29.9,0,1.1
SIMULATED TRAINING DATA — PROTOTYPE ONLY,43245,Fast Local,16,0.0,30.2,2.9,30.749999999999996,55.4,0.5,16,6,Normal,0.2,Clear,0.12,0,0,0,0,0,0,0,0.14,0.9,1,0.0,26.6,72.5,0.0,0.0,0.0,0,53.6,7609.0,16.8,28,24.9,0,2.5
SIMULATED TRAINING DATA — PROTOTYPE ONLY,43211,EMU Local,1,4.1,59.6,2.4,0.0,4.1,1.0,16,1,Normal,0.9,Clear,0.24,0,1,0,0,20,1,22,0.31,0.1,1,5.0,36.7,91.0,0.0,0.0,0.0,2,24.2,9660.0,31.4,215,41.3,1,10.7
SIMULATED TRAINING DATA — PROTOTYPE ONLY,43401,EMU Local,2,2.2,56.6,1.8,2.05,5.9,1.0,6,3,Normal,1.6,Clear,0.29,0,0,0,0,0,0,0,0.46,1.0,2,1.5,31.4,54.7,0.0,0.0,0.0,0,56.4,7302.0,27.9,6,34.9,1,5.6
SIMULATED TRAINING DATA — PROTOTYPE ONLY,43239,EMU Local,14,1.4,25.2,2.1,26.65,49.4,0.5,20,3,Normal,0.4,Clear,0.22,0,0,1,0,15,1,51,0.79,0.5,4,3.4,30.6,73.6,0.0,0.0,0.0,0,14.1,6543.0,19.8,142,33.0,1,13.1
SIMULATED TRAINING DATA — PROTOTYPE ONLY,43203,MEMU,14,9.8,55.5,2.4,26.65,57.8,1.0,22,1,Normal,0.3,Clear,0.22,0,0,0,0,0,0,0,0.23,1.9,1,10.8,30.9,93.3,0.0,0.0,0.0,2,24.4,5790.0,30.0,161,50.7,2,5.6
SIMULATED TRAINING DATA — PROTOTYPE ONLY,43221,MEMU,1,0.9,35.0,2.0,0.0,0.9,1.0,8,2,Normal,0.9,Clear,0.17,0,0,0,0,0,0,0,0.86,2.6,4,1.5,25.6,57.9,0.0,0.0,0.0,0,55.8,6123.0,7.4,106,10.9,0,2.8
SIMULATED TRAINING DATA — PROTOTYPE ONLY,43245,EMU Local,16,2.0,57.0,1.5,30.749999999999996,57.4,1.0,8,4,Warning,5.2,Occupied,0.95,0,1,0,0,30,1,19,0.53,1.2,1,1.1,39.3,67.0,0.0,0.0,0.0,0,13.1,8384.0,7.2,291,9.8,0,9.6
SIMULATED TRAINING DATA — PROTOTYPE ONLY,43211,EMU Local,15,11.3,36.9,2.7,28.699999999999996,63.0,2.0,18,1,Normal,0.1,Clear,0.46,0,0,0,0,0,0,0,0.4,0.8,1,11.1,36.0,82.3,0.0,0.0,0.0,0,56.3,7884.0,28.4,52,36.7,1,3.2
SIMULATED TRAINING DATA — PROTOTYPE ONLY,43403,MEMU,15,2.2,34.0,3.2,28.699999999999996,53.9,1.5,13,5,Normal,0.9,Clear,0.13,0,0,0,0,0,0,0,0.2,0.4,1,1.8,28.7,57.5,7.4,5.8,1.3,63,76.8,5654.0,37.4,70,49.5,2,7.0
SIMULATED TRAINING DATA — PROTOTYPE ONLY,43245,EMU Local,12,3.2,35.5,3.0,22.549999999999997,43.8,2.0,15,3,Normal,0.7,Clear,0.16,0,1,0,0,15,1,98,0.32,0.7,1,2.2,23.8,90.2,0.0,0.0,0.0,2,19.0,7390.0,10.3,172,16.7,0,13.2
SIMULATED TRAINING DATA — PROTOTYPE ONLY,43209,EMU Local,16,0.3,27.4,1.0,30.749999999999996,55.6,1.5,14,4,Warning,2.9,Occupied,0.89,0,0,0,0,0,0,0,0.36,1.1,1,0.1,33.6,87.1,0.0,0.0,0.0,2,18.1,5768.0,36.3,303,46.3,2,8.3
SIMULATED TRAINING DATA — PROTOTYPE ONLY,43501,EMU Local,14,6.2,19.8,2.8,26.65,54.2,0.5,4,1,Warning,4.5,Occupied,0.66,0,0,0,0,0,0,0,0.31,1.8,1,3.9,34.5,75.2,0.0,0.0,0.0,0,30.7,7024.0,37.0,287,52.5,2,12.3
SIMULATED TRAINING DATA — PROTOTYPE ONLY,43503,EMU Local,15,2.2,4.5,2.4,28.699999999999996,53.9,0.5,6,4,Warning,4.3,Occupied,0.94,0,1,0,0,30,1,71,0.47,0.4,1,3.1,31.8,36.5,0.0,0.0,0.0,0,45.1,6215.0,8.2,233,13.8,0,10.4
SIMULATED TRAINING DATA — PROTOTYPE ONLY,43409,Fast Local,15,6.4,26.2,1.7,28.699999999999996,58.1,0.5,7,2,Normal,0.5,Clear,0.13,0,1,0,1,20,1,85,0.55,3.1,1,5.9,30.2,66.2,0.0,0.0,0.0,0,42.3,7443.0,20.0,168,33.9,1,8.6
SIMULATED TRAINING DATA — PROTOTYPE ONLY,43409,Fast Local,19,1.2,75.0,1.0,36.9,67.6,2.0,22,3,Warning,3.3,Occupied,0.92,0,1,0,0,20,1,79,0.28,1.7,1,0.4,24.8,83.9,0.0,0.0,0.0,0,26.0,9316.0,19.4,30,26.1,0,7.8
SIMULATED TRAINING DATA — PROTOTYPE ONLY,43251,EMU Local,8,2.2,49.2,2.0,14.349999999999998,28.0,0.5,23,2,Warning,3.1,Occupied,0.66,0,0,0,0,0,0,0,0.54,3.6,1,0.5,33.9,67.6,0.0,0.0,0.0,0,31.4,6488.0,12.1,87,17.4,0,5.5
SIMULATED TRAINING DATA — PROTOTYPE ONLY,43219,EMU Local,2,6.2,70.0,2.3,2.05,9.9,0.5,6,6,Warning,6.1,Occupied,0.9,0,1,0,0,15,1,33,0.47,4.7,2,6.7,24.8,72.1,0.0,0.0,0.0,0,22.8,9864.0,19.5,129,24.8,0,18.4
SIMULATED TRAINING DATA — PROTOTYPE ONLY,43209,EMU Local,2,14.6,37.2,1.4,2.05,18.3,0.5,21,2,Normal,1.2,Clear,0.46,0,0,0,0,0,0,0,0.18,2.0,2,16.9,32.6,96.3,0.0,0.0,0.0,2,30.4,7494.0,32.6,266,44.0,1,3.5
SIMULATED TRAINING DATA — PROTOTYPE ONLY,43425,EMU Local,10,0.2,35.0,2.8,18.45,33.4,0.5,6,3,Warning,5.9,Occupied,0.75,0,0,1,0,20,1,26,0.27,0.1,1,0.0,34.4,75.8,0.0,0.0,0.0,0,19.7,5871.0,35.2,253,43.5,1,15.3
SIMULATED TRAINING DATA — PROTOTYPE ONLY,43511,EMU Local,3,6.7,67.7,2.8,4.1,14.1,0.5,10,6,Normal,0.1,Clear,0.14,0,0,0,0,0,0,0,0.93,6.8,4,8.3,30.3,74.8,0.0,0.0,0.0,0,48.0,8335.0,16.0,193,24.8,0,4.6
SIMULATED TRAINING DATA — PROTOTYPE ONLY,43425,EMU Local,17,1.4,47.6,2.4,32.8,60.4,1.0,4,5,Normal,0.3,Clear,0.3,0,0,0,0,0,0,0,0.5,3.3,2,2.1,30.5,67.5,10.5,8.7,1.7,63,73.3,9333.0,12.3,113,15.0,1,5.0
SIMULATED TRAINING DATA — PROTOTYPE ONLY,43201,EMU Local,8,3.2,27.7,1.3,14.349999999999998,29.0,0.5,22,2,Normal,0.0,Clear,0.17,0,0,0,0,0,0,0,0.45,0.7,1,3.0,21.4,90.9,0.0,0.0,0.0,2,27.7,7394.0,22.2,189,27.9,0,1.3
SIMULATED TRAINING DATA — PROTOTYPE ONLY,43213,EMU Local,4,1.4,51.5,1.9,6.1499999999999995,12.5,1.0,21,1,Normal,1.1,Clear,0.34,0,0,0,0,0,0,0,0.26,1.1,1,3.7,27.8,84.3,0.0,0.0,0.0,0,41.2,9455.0,14.7,130,21.9,0,0.7
SIMULATED TRAINING DATA — PROTOTYPE ONLY,43201,EMU Local,14,3.8,60.8,2.5,26.65,51.8,1.0,5,1,Normal,0.1,Clear,0.19,0,0,0,0,0,0,0,0.24,2.2,1,1.7,29.6,66.3,0.0,0.0,0.0,0,23.1,8862.0,22.7,118,33.3,1,4.6
SIMULATED TRAINING DATA — PROTOTYPE ONLY,43245,EMU Local,21,1.7,20.6,2.5,41.0,75.5,1.0,15,4,Normal,0.5,Clear,0.41,0,0,0,0,0,0,0,0.13,0.0,1,1.9,25.0,63.3,0.0,0.0,0.0,0,30.6,5572.0,25.6,339,40.6,1,2.5
SIMULATED TRAINING DATA — PROTOTYPE ONLY,43401,EMU Local,10,1.6,49.0,1.7,18.45,34.8,0.5,20,1,Warning,2.2,Occupied,0.64,0,1,0,0,15,1,72,0.81,1.2,4,1.2,36.6,62.2,0.0,0.0,0.0,0,14.2,9275.0,31.3,330,39.3,1,15.3
SIMULATED TRAINING DATA — PROTOTYPE ONLY,43217,EMU Local,1,0.2,21.6,1.8,0.0,0.2,1.5,6,1,Normal,0.8,Clear,0.33,0,0,0,0,0,0,0,0.15,1.9,1,0.6,28.4,66.5,0.0,0.0,0.0,0,16.9,5571.0,26.5,27,38.3,1,3.4
SIMULATED TRAINING DATA — PROTOTYPE ONLY,43203,Fast Local,4,0.6,60.0,1.7,6.1499999999999995,11.7,1.0,15,6,Normal,0.4,Clear,0.43,0,0,0,0,0,0,0,0.33,0.9,1,0.0,29.6,62.7,0.0,0.0,0.0,0,36.1,6928.0,22.6,25,37.0,1,4.1
SIMULATED TRAINING DATA — PROTOTYPE ONLY,43407,EMU Local,1,10.0,45.5,1.9,0.0,10.0,0.5,15,6,Normal,0.2,Clear,0.3,0,0,0,0,0,0,0,0.46,0.2,2,11.0,38.6,73.5,0.0,0.0,0.0,0,59.9,9656.0,27.2,316,39.5,1,2.1
SIMULATED TRAINING DATA — PROTOTYPE ONLY,66015,EMU Local,17,25.5,51.4,1.8,32.8,84.5,1.0,9,4,Critical,18.6,Restricted,0.96,1,0,0,1,0,1,35,0.8,9.1,5,23.5,35.6,82.2,0.0,0.0,0.0,0,37.9,6344.0,12.4,254,21.0,0,31.2
SIMULATED TRAINING DATA — PROTOTYPE ONLY,43403,Fast Local,17,6.1,38.7,1.7,32.8,65.1,1.0,13,0,Normal,0.0,Clear,0.35,0,0,0,1,0,1,68,0.29,2.4,2,6.9,38.5,62.5,0.0,0.0,0.0,0,32.8,5047.0,35.8,57,54.9,2,10.0
SIMULATED TRAINING DATA — PROTOTYPE ONLY,43409,Fast Local,7,1.4,15.3,2.0,12.299999999999999,23.5,0.5,9,3,Normal,0.4,Clear,0.48,0,0,0,0,0,0,0,0.58,3.3,1,0.8,36.6,63.6,0.0,0.0,0.0,0,21.6,7136.0,26.4,87,34.6,1,4.4
SIMULATED TRAINING DATA — PROTOTYPE ONLY,43511,EMU Local,20,2.1,35.4,2.1,38.949999999999996,72.2,0.5,17,1,Warning,4.6,Occupied,0.83,0,0,0,0,0,0,0,0.53,2.9,1,2.7,34.3,64.7,0.0,0.0,0.0,0,28.4,9707.0,32.9,164,42.6,1,10.5
SIMULATED TRAINING DATA — PROTOTYPE ONLY,43245,MEMU,15,5.4,55.9,2.8,28.699999999999996,57.1,1.0,5,4,Normal,0.6,Clear,0.35,0,0,0,0,0,0,0,0.41,1.0,2,4.6,28.3,76.0,0.0,0.0,0.0,0,49.7,7122.0,12.2,12,17.7,0,2.9
SIMULATED TRAINING DATA — PROTOTYPE ONLY,43245,EMU Local,13,13.8,71.9,1.0,24.599999999999998,58.1,1.0,14,2,Normal,0.7,Clear,0.47,0,0,0,0,0,0,0,0.51,3.7,1,12.8,25.6,59.9,0.0,0.0,0.0,0,33.2,5537.0,27.5,275,39.7,1,5.5
SIMULATED TRAINING DATA — PROTOTYPE ONLY,43209,EMU Local,2,2.4,46.2,2.8,2.05,6.1,0.5,18,2,Normal,0.0,Clear,0.31,0,0,0,0,0,0,0,0.68,0.9,1,4.3,34.7,54.2,0.0,0.0,0.0,0,44.4,7099.0,5.8,30,9.4,0,2.4
SIMULATED TRAINING DATA — PROTOTYPE ONLY,43221,EMU Local,19,7.1,31.7,1.7,36.9,73.5,1.0,11,6,Normal,0.0,Clear,0.5,0,0,0,0,0,0,0,0.31,0.5,2,9.1,29.3,69.1,0.0,0.0,0.0,0,26.6,9934.0,9.8,89,12.2,0,1.6
SIMULATED TRAINING DATA — PROTOTYPE ONLY,43251,EMU Local,13,14.8,50.0,3.2,24.599999999999998,59.1,0.5,16,5,Normal,0.0,Clear,0.16,0,0,0,0,0,0,0,0.33,0.3,1,13.4,22.1,72.9,10.7,10.6,3.9,63,80.5,6010.0,9.5,127,14.4,1,4.4
SIMULATED TRAINING DATA — PROTOTYPE ONLY,43201,EMU Local,11,8.3,54.6,2.5,20.5,45.2,1.0,22,1,Normal,2.4,Clear,0.31,0,0,1,1,15,1,115,0.2,0.4,1,8.5,33.2,70.4,15.100000000000001,13.8,2.5,63,77.6,9568.0,34.2,177,57.9,2,16.6
SIMULATED TRAINING DATA — PROTOTYPE ONLY,43409,EMU Local,15,1.0,44.0,2.4,28.699999999999996,52.7,0.5,13,3,Critical,16.6,Restricted,0.61,1,0,0,0,0,0,0,0.42,0.4,1,1.9,32.4,70.7,0.0,0.0,0.0,0,27.7,5593.0,20.3,65,29.1,0,22.1
SIMULATED TRAINING DATA — PROTOTYPE ONLY,43213,EMU Local,10,0.0,43.1,2.0,18.45,33.2,0.5,12,4,Normal,0.2,Clear,0.28,0,0,0,0,0,0,0,0.22,0.3,1,0.0,26.3,82.0,0.0,0.0,0.0,0,15.6,5538.0,27.4,189,42.7,1,6.0
SIMULATED TRAINING DATA — PROTOTYPE ONLY,43221,EMU Local,9,2.7,45.2,3.3,16.4,32.2,1.5,21,6,Normal,0.2,Clear,0.17,0,1,0,0,15,1,62,0.37,1.5,2,2.7,37.1,86.1,11.2,8.1,2.2,63,78.4,5241.0,37.2,113,62.9,2,15.2
SIMULATED TRAINING DATA — PROTOTYPE ONLY,43227,EMU Local,9,3.0,42.7,2.1,16.4,32.5,1.0,10,5,Critical,14.8,Restricted,0.6,1,1,0,0,15,1,104,0.6,1.2,2,3.9,28.0,71.3,0.0,0.0,0.0,0,30.7,5804.0,33.9,346,52.7,2,31.9
SIMULATED TRAINING DATA — PROTOTYPE ONLY,43209,EMU Local,20,0.9,46.5,3.0,38.949999999999996,71.0,0.5,6,5,Normal,0.2,Clear,0.18,0,0,0,0,0,0,0,0.13,0.7,2,1.6,40.4,73.5,0.0,0.0,0.0,0,46.7,9710.0,25.1,130,34.7,1,1.9
SIMULATED TRAINING DATA — PROTOTYPE ONLY,43239,EMU Local,1,1.3,69.4,1.8,0.0,1.3,0.5,15,4,Normal,0.2,Clear,0.23,0,0,1,0,15,1,118,0.6,1.4,2,0.8,36.8,94.0,0.0,0.0,0.0,2,31.1,9107.0,13.5,345,21.1,0,10.9
SIMULATED TRAINING DATA — PROTOTYPE ONLY,43203,MEMU,17,5.8,11.5,2.5,32.8,64.8,1.0,18,6,Normal,0.7,Clear,0.15,0,0,0,0,0,0,0,0.82,0.4,3,6.4,35.5,69.0,0.0,0.0,0.0,0,55.9,6668.0,10.2,177,12.6,0,5.0
SIMULATED TRAINING DATA — PROTOTYPE ONLY,43217,MEMU,12,2.5,38.4,3.2,22.549999999999997,43.1,1.0,16,6,Normal,1.0,Clear,0.42,0,0,0,0,0,0,0,0.25,1.2,2,2.2,29.1,67.0,0.0,0.0,0.0,0,41.8,5696.0,27.5,172,38.2,1,4.7
SIMULATED TRAINING DATA — PROTOTYPE ONLY,43247,Fast Local,10,1.5,28.0,1.6,18.45,34.7,1.0,9,4,Normal,0.7,Clear,0.19,0,0,0,0,0,0,0,0.78,0.2,3,1.1,32.2,55.8,0.0,0.0,0.0,0,54.0,7804.0,16.2,255,24.7,0,1.1
SIMULATED TRAINING DATA — PROTOTYPE ONLY,43211,EMU Local,5,3.9,59.7,2.4,8.2,18.7,1.0,11,4,Critical,20.3,Restricted,0.65,1,1,0,0,20,1,93,0.25,2.5,2,3.0,32.6,80.2,0.0,0.0,0.0,0,19.9,5617.0,19.0,88,29.3,0,32.9
SIMULATED TRAINING DATA — PROTOTYPE ONLY,43237,MEMU,18,4.2,39.9,1.7,34.849999999999994,66.9,2.0,17,4,Normal,0.7,Clear,0.11,0,0,0,0,0,0,0,0.53,3.4,2,3.3,30.3,54.7,5.5,3.3,0.0,61,85.7,8372.0,27.3,230,34.1,1,4.5
SIMULATED TRAINING DATA — PROTOTYPE ONLY,43435,EMU Local,15,5.9,50.4,2.4,28.699999999999996,57.6,1.0,6,3,Normal,0.7,Clear,0.14,0,0,0,0,0,0,0,0.26,3.0,1,6.2,31.6,64.4,1.3,0.8,0.0,61,84.1,9416.0,31.5,0,43.4,1,3.8
SIMULATED TRAINING DATA — PROTOTYPE ONLY,43245,EMU Local,6,0.7,63.4,3.2,10.25,19.2,0.5,19,4,Critical,20.7,Restricted,0.9,1,0,1,0,20,1,109,0.66,0.7,2,0.0,38.4,59.8,8.1,7.9,3.7,63,82.3,7616.0,23.4,193,30.5,1,36.9
SIMULATED TRAINING DATA — PROTOTYPE ONLY,43223,EMU Local,7,5.4,25.8,1.5,12.299999999999999,27.5,1.0,21,6,Critical,19.0,Restricted,0.67,1,0,0,0,0,0,0,0.16,0.4,2,3.5,28.7,56.6,0.0,0.0,0.0,0,26.6,6159.0,33.3,312,40.7,1,24.7
SIMULATED TRAINING DATA — PROTOTYPE ONLY,43409,EMU Local,17,3.7,34.1,2.2,32.8,62.7,0.5,20,3,Normal,0.2,Clear,0.44,0,0,0,0,0,0,0,0.61,0.5,2,3.5,33.3,90.2,9.3,8.3,3.8,63,86.5,6573.0,32.8,71,41.5,1,5.3
SIMULATED TRAINING DATA — PROTOTYPE ONLY,43215,EMU Local,6,0.2,61.9,1.6,10.25,18.6,1.0,21,3,Warning,6.3,Occupied,0.88,0,0,1,0,15,1,32,0.33,0.6,1,0.2,29.2,73.6,0.0,0.0,0.0,0,43.0,6910.0,23.2,140,32.0,1,14.6
SIMULATED TRAINING DATA — PROTOTYPE ONLY,43205,EMU Local,8,6.0,25.2,2.0,14.349999999999998,31.8,0.5,13,3,Normal,1.6,Clear,0.16,0,0,0,0,0,0,0,0.21,0.2,2,4.7,25.2,52.9,0.0,0.0,0.0,0,13.4,9801.0,7.7,69,10.7,0,0.0
SIMULATED TRAINING DATA — PROTOTYPE ONLY,43239,MEMU,12,1.9,34.6,2.5,22.549999999999997,42.5,0.5,20,2,Normal,0.4,Clear,0.14,0,0,0,0,0,0,0,0.57,3.8,1,4.0,35.7,75.8,0.0,0.0,0.0,0,57.7,9300.0,27.7,126,44.1,1,5.2
SIMULATED TRAINING DATA — PROTOTYPE ONLY,43221,EMU Local,21,1.6,18.0,1.9,41.0,75.4,0.5,19,0,Normal,1.2,Clear,0.34,0,0,0,0,0,0,0,0.62,0.3,1,0.7,33.1,84.1,0.0,0.0,0.0,0,21.7,7729.0,17.5,188,21.8,0,3.7
SIMULATED TRAINING DATA — PROTOTYPE ONLY,43503,EMU Local,14,2.4,62.5,3.0,26.65,50.4,0.5,5,5,Normal,0.0,Clear,0.43,0,1,0,0,15,1,71,0.18,0.2,1,1.6,35.4,77.7,0.0,0.0,0.0,0,50.8,8417.0,30.7,119,42.0,1,14.1
SIMULATED TRAINING DATA — PROTOTYPE ONLY,43219,Fast Local,12,1.7,33.3,2.4,22.549999999999997,42.3,0.5,23,1,Normal,0.8,Clear,0.46,0,0,0,0,0,0,0,0.05,0.1,1,0.8,27.7,85.6,2.4,1.5,0.0,61,75.2,5489.0,7.4,268,12.3,0,0.6
SIMULATED TRAINING DATA — PROTOTYPE ONLY,43423,EMU Local,10,1.7,47.3,1.3,18.45,34.9,1.0,7,2,Normal,1.0,Clear,0.22,0,1,0,0,15,1,61,0.35,1.6,2,2.8,29.0,78.8,0.0,0.0,0.0,0,30.4,5914.0,20.0,199,25.5,0,8.5
SIMULATED TRAINING DATA — PROTOTYPE ONLY,43205,EMU Local,20,6.6,52.1,2.3,38.949999999999996,76.7,0.5,14,6,Normal,0.5,Clear,0.23,0,0,1,0,30,1,86,0.23,0.8,1,8.6,33.1,81.4,9.0,7.9,1.7,63,82.7,7754.0,18.8,214,22.8,1,6.4
SIMULATED TRAINING DATA — PROTOTYPE ONLY,43203,EMU Local,15,0.5,30.0,3.0,28.699999999999996,52.2,1.0,10,0,Normal,1.4,Clear,0.14,0,0,0,1,0,1,107,0.56,0.3,1,0.0,34.6,70.9,14.2,10.1,2.4,63,88.8,5631.0,11.2,162,14.3,1,7.0
SIMULATED TRAINING DATA — PROTOTYPE ONLY,43239,EMU Local,7,14.1,13.4,2.4,12.299999999999999,36.2,1.0,20,5,Normal,0.4,Clear,0.41,0,0,0,0,0,0,0,0.45,1.5,2,15.1,36.3,90.1,0.0,0.0,0.0,2,43.4,5101.0,23.2,332,39.0,1,4.4
SIMULATED TRAINING DATA — PROTOTYPE ONLY,43501,EMU Local,9,3.2,38.7,2.3,16.4,32.7,1.0,22,2,Critical,8.4,Restricted,0.97,1,0,0,0,0,0,0,0.22,1.4,1,3.5,31.1,81.8,11.799999999999999,11.6,2.0,63,77.8,5526.0,22.5,57,32.7,1,15.2
SIMULATED TRAINING DATA — PROTOTYPE ONLY,43425,EMU Local,10,0.8,38.5,1.9,18.45,34.0,1.0,9,5,Normal,0.1,Clear,0.29,0,0,0,1,0,1,87,0.57,1.2,1,0.0,33.5,75.4,0.0,0.0,0.0,0,57.9,5519.0,20.8,213,31.6,1,6.0
SIMULATED TRAINING DATA — PROTOTYPE ONLY,43435,EMU Local,10,0.6,41.1,2.0,18.45,33.8,0.5,13,3,Normal,0.4,Clear,0.47,0,0,1,0,20,1,59,0.62,2.1,2,0.9,38.7,61.9,5.0,2.1,0.0,61,81.1,8706.0,15.9,243,19.9,0,9.5
SIMULATED TRAINING DATA — PROTOTYPE ONLY,43503,EMU Local,16,3.6,41.2,2.1,30.749999999999996,59.0,0.5,7,3,Warning,5.6,Occupied,0.63,0,0,0,0,0,0,0,0.18,0.5,1,2.0,30.0,84.7,0.9,0.1,0.0,0,72.9,9250.0,35.3,231,49.8,2,11.5
SIMULATED TRAINING DATA — PROTOTYPE ONLY,43409,EMU Local,7,4.0,34.5,1.0,12.299999999999999,26.1,1.0,4,4,Normal,0.0,Clear,0.12,0,1,0,0,30,1,29,0.3,0.5,1,3.7,32.6,86.3,0.0,0.0,0.0,2,23.2,9070.0,31.0,297,45.2,2,9.1
SIMULATED TRAINING DATA — PROTOTYPE ONLY,43201,EMU Local,5,0.2,33.9,2.4,8.2,15.0,1.0,10,6,Normal,0.5,Clear,0.1,0,0,0,0,0,0,0,0.79,0.0,5,0.0,30.9,97.8,0.0,0.0,0.0,2,29.0,9956.0,32.9,156,47.5,2,9.4
SIMULATED TRAINING DATA — PROTOTYPE ONLY,43245,EMU Local,3,1.1,46.5,2.7,4.1,8.5,1.0,19,3,Normal,0.7,Clear,0.41,0,0,1,0,15,1,90,0.16,0.1,2,0.7,32.3,71.4,0.0,0.0,0.0,0,26.7,9430.0,14.3,133,23.3,0,10.3
SIMULATED TRAINING DATA — PROTOTYPE ONLY,43203,MEMU,18,6.3,29.6,1.7,34.849999999999994,69.0,1.0,20,2,Normal,0.1,Clear,0.32,0,0,0,0,0,0,0,0.74,7.6,5,6.4,37.0,76.9,0.0,0.0,0.0,0,59.1,7135.0,36.7,15,47.8,2,9.3
SIMULATED TRAINING DATA — PROTOTYPE ONLY,43251,EMU Local,11,0.2,40.6,2.2,20.5,37.1,0.5,8,5,Warning,3.4,Occupied,0.94,0,0,1,0,20,1,41,0.73,1.1,4,2.0,29.1,76.6,0.0,0.0,0.0,0,16.6,7245.0,15.8,58,22.1,0,11.0
SIMULATED TRAINING DATA — PROTOTYPE ONLY,43217,EMU Local,15,7.7,33.6,2.3,28.699999999999996,59.4,1.0,13,1,Critical,15.9,Restricted,0.95,1,1,0,0,15,1,61,0.33,0.4,1,7.8,28.1,48.6,0.0,0.0,0.0,0,17.5,6539.0,8.4,278,12.7,0,28.6
SIMULATED TRAINING DATA — PROTOTYPE ONLY,43423,EMU Local,21,4.3,46.4,2.6,41.0,78.1,0.5,10,6,Normal,0.2,Clear,0.45,0,0,0,0,0,0,0,0.56,1.9,2,3.1,35.0,82.4,0.0,0.0,0.0,0,58.6,6092.0,32.1,39,51.3,2,9.8
SIMULATED TRAINING DATA — PROTOTYPE ONLY,43237,EMU Local,20,2.3,58.6,2.1,38.949999999999996,72.4,1.5,16,5,Normal,0.1,Clear,0.41,0,0,0,0,0,0,0,0.37,3.0,2,2.3,37.5,77.8,0.0,0.0,0.0,0,16.6,8959.0,6.2,287,9.0,0,2.6
SIMULATED TRAINING DATA — PROTOTYPE ONLY,43211,EMU Local,5,1.7,59.2,2.4,8.2,16.5,0.5,10,3,Normal,0.1,Clear,0.46,0,0,0,1,0,1,91,0.79,1.0,4,0.0,25.7,66.8,6.0,5.4,3.8,63,90.0,8190.0,37.1,214,57.5,2,9.0
SIMULATED TRAINING DATA — PROTOTYPE ONLY,66069,EMU Local,12,0.1,61.3,1.4,22.549999999999997,40.7,1.0,18,5,Normal,0.1,Clear,0.24,0,0,0,0,0,0,0,0.68,0.6,1,1.1,30.1,62.2,0.0,0.0,0.0,0,35.4,5701.0,8.8,2,10.8,0,1.6
SIMULATED TRAINING DATA — PROTOTYPE ONLY,43409,Fast Local,4,7.0,37.0,1.5,6.1499999999999995,18.1,0.5,20,0,Warning,6.3,Occupied,0.67,0,0,0,0,0,0,0,0.84,6.8,4,6.0,32.8,58.3,0.0,0.0,0.0,0,20.2,8506.0,9.6,261,12.6,0,10.8
SIMULATED TRAINING DATA — PROTOTYPE ONLY,43211,MEMU,15,0.6,38.2,2.4,28.699999999999996,52.3,1.5,6,5,Normal,0.6,Clear,0.16,0,0,1,1,30,1,83,0.2,1.0,2,2.9,31.7,79.6,0.0,0.0,0.0,0,20.7,5969.0,5.8,131,7.0,0,4.5
SIMULATED TRAINING DATA — PROTOTYPE ONLY,43215,EMU Local,9,1.5,23.0,2.0,16.4,31.0,2.0,8,2,Normal,0.6,Clear,0.47,0,0,0,0,0,0,0,0.73,3.1,3,2.6,32.1,63.9,0.0,0.0,0.0,0,51.0,7065.0,8.7,100,13.4,0,3.8
SIMULATED TRAINING DATA — PROTOTYPE ONLY,43239,MEMU,7,3.4,36.9,1.2,12.299999999999999,25.5,0.5,13,0,Warning,4.2,Occupied,0.7,0,1,0,0,15,1,76,0.29,0.8,1,3.5,31.8,78.3,0.0,0.0,0.0,0,21.8,9461.0,12.7,132,15.6,0,9.9
SIMULATED TRAINING DATA — PROTOTYPE ONLY,43207,EMU Local,10,1.1,37.4,2.3,18.45,34.3,0.5,8,6,Normal,1.5,Clear,0.15,0,0,0,0,0,0,0,0.79,1.5,5,0.7,28.6,71.1,4.8,4.0,0.0,61,80.2,5323.0,31.2,258,43.4,1,6.2
SIMULATED TRAINING DATA — PROTOTYPE ONLY,43435,EMU Local,13,2.7,32.7,1.3,24.599999999999998,47.0,0.5,10,4,Critical,18.7,Restricted,0.67,1,0,0,0,0,0,0,0.87,3.1,5,2.2,21.3,75.4,3.3,0.9,0.0,61,82.3,6858.0,5.4,18,6.8,0,25.4
SIMULATED TRAINING DATA — PROTOTYPE ONLY,43213,EMU Local,8,6.6,32.7,3.7,14.349999999999998,32.4,1.0,10,4,Normal,1.6,Clear,0.41,0,1,0,0,20,1,23,0.63,0.5,2,6.2,31.4,87.9,0.0,0.0,0.0,2,59.5,5117.0,33.2,93,40.1,1,14.4
SIMULATED TRAINING DATA — PROTOTYPE ONLY,43423,EMU Local,12,2.5,16.5,1.0,22.549999999999997,43.1,0.5,17,5,Normal,0.2,Clear,0.46,0,1,0,0,20,1,104,0.57,3.4,2,2.5,30.6,78.4,0.0,0.0,0.0,0,34.6,7231.0,15.0,65,23.8,0,8.0
SIMULATED TRAINING DATA — PROTOTYPE ONLY,43217,MEMU,19,11.9,21.9,2.1,36.9,78.3,1.0,18,1,Normal,1.1,Clear,0.42,0,0,0,0,0,0,0,0.71,1.3,4,11.4,25.5,77.3,0.0,0.0,0.0,0,43.1,8385.0,34.4,157,54.4,2,11.3
SIMULATED TRAINING DATA — PROTOTYPE ONLY,43245,EMU Local,1,7.5,42.7,1.4,0.0,7.5,0.5,8,2,Normal,0.7,Clear,0.33,0,0,1,0,15,1,23,0.7,3.4,2,8.2,28.8,65.6,0.0,0.0,0.0,0,35.0,5002.0,18.8,54,22.7,0,10.0
SIMULATED TRAINING DATA — PROTOTYPE ONLY,43223,EMU Local,16,1.6,43.2,2.6,30.749999999999996,57.0,1.0,8,1,Warning,3.7,Occupied,0.64,0,0,0,0,0,0,0,0.5,2.9,1,3.4,35.1,78.1,0.0,0.0,0.0,0,19.0,8281.0,28.3,94,36.6,1,6.3
SIMULATED TRAINING DATA — PROTOTYPE ONLY,43207,Fast Local,17,2.0,49.2,1.9,32.8,61.0,1.0,7,0,Normal,0.1,Clear,0.13,0,0,0,0,0,0,0,0.61,0.2,2,2.1,30.7,71.7,0.0,0.0,0.0,0,32.2,8242.0,9.8,32,14.0,0,1.3
SIMULATED TRAINING DATA — PROTOTYPE ONLY,43409,EMU Local,18,2.2,38.1,2.7,34.849999999999994,64.9,1.0,23,1,Warning,3.1,Occupied,0.64,0,0,0,0,0,0,0,0.25,1.0,1,3.5,32.2,56.4,0.0,0.0,0.0,0,41.5,9535.0,22.9,67,38.9,1,5.4
SIMULATED TRAINING DATA — PROTOTYPE ONLY,43239,EMU Local,11,3.9,42.2,2.6,20.5,40.8,1.0,12,6,Normal,0.1,Clear,0.27,0,0,0,1,0,1,85,0.33,0.4,1,2.3,27.2,70.1,0.0,0.0,0.0,0,13.2,7211.0,15.8,358,19.9,0,5.2
SIMULATED TRAINING DATA — PROTOTYPE ONLY,43213,EMU Local,18,1.4,60.8,1.5,34.849999999999994,64.1,0.5,15,0,Critical,18.6,Restricted,0.87,1,0,0,0,0,0,0,0.2,0.3,2,1.8,33.9,86.7,0.0,0.0,0.0,2,18.5,5796.0,13.6,137,17.4,0,21.0
SIMULATED TRAINING DATA — PROTOTYPE ONLY,66069,MEMU,7,13.9,41.2,1.7,12.299999999999999,36.0,1.0,19,6,Critical,19.0,Restricted,0.76,1,0,0,0,0,0,0,0.9,4.2,5,14.0,40.4,61.4,0.0,0.0,0.0,0,50.8,8410.0,27.4,0,45.6,2,33.4
SIMULATED TRAINING DATA — PROTOTYPE ONLY,43221,MEMU,18,3.8,32.5,1.9,34.849999999999994,66.5,1.0,11,1,Normal,0.6,Clear,0.11,0,0,1,0,20,1,115,0.05,0.6,2,2.1,33.6,76.2,10.1,9.6,1.2,63,71.7,6927.0,34.9,236,46.7,2,11.8
SIMULATED TRAINING DATA — PROTOTYPE ONLY,43403,EMU Local,8,2.0,24.1,2.1,14.349999999999998,27.8,1.0,12,4,Normal,1.3,Clear,0.23,0,0,0,0,0,0,0,0.36,2.1,2,1.7,33.3,70.8,0.0,0.0,0.0,0,18.3,5868.0,25.9,352,41.2,1,6.0
SIMULATED TRAINING DATA — PROTOTYPE ONLY,43203,EMU Local,6,4.1,54.0,2.0,10.25,22.5,0.5,15,2,Warning,3.7,Occupied,0.93,0,0,0,0,0,0,0,0.19,0.2,1,5.1,32.5,72.2,0.0,0.0,0.0,0,22.7,8138.0,34.2,155,42.4,1,7.6
SIMULATED TRAINING DATA — PROTOTYPE ONLY,43245,EMU Local,7,2.0,16.4,2.5,12.299999999999999,24.1,1.0,23,1,Normal,0.6,Clear,0.29,0,0,0,0,0,0,0,0.35,1.5,2,0.0,28.9,69.6,0.0,0.0,0.0,0,12.8,5572.0,17.4,314,26.9,0,1.7
SIMULATED TRAINING DATA — PROTOTYPE ONLY,43251,MEMU,10,6.8,29.4,2.2,18.45,40.0,2.0,10,5,Warning,4.3,Occupied,0.84,0,0,0,0,0,0,0,0.67,0.9,1,6.6,35.3,75.3,0.0,0.0,0.0,0,49.6,5790.0,26.9,349,39.4,1,7.4
SIMULATED TRAINING DATA — PROTOTYPE ONLY,43211,EMU Local,11,3.4,48.3,1.7,20.5,40.3,2.0,7,6,Normal,0.6,Clear,0.16,0,0,0,0,0,0,0,0.27,0.5,1,2.9,31.0,59.8,1.6,0.6,0.0,61,98.4,8668.0,8.3,316,11.5,0,0.9
SIMULATED TRAINING DATA — PROTOTYPE ONLY,43223,EMU Local,13,0.2,13.4,1.6,24.599999999999998,44.5,1.0,6,0,Warning,3.7,Occupied,0.83,0,0,0,0,0,0,0,0.26,0.1,2,0.5,38.4,78.7,0.0,0.0,0.0,0,20.2,8446.0,36.4,264,56.6,2,7.4
SIMULATED TRAINING DATA — PROTOTYPE ONLY,43237,Fast Local,9,0.8,32.8,1.6,16.4,30.3,0.5,4,6,Normal,1.0,Clear,0.47,0,0,0,0,0,0,0,0.4,2.5,2,1.9,38.6,66.7,0.0,0.0,0.0,0,14.8,7995.0,28.4,226,44.1,1,5.8
SIMULATED TRAINING DATA — PROTOTYPE ONLY,43435,EMU Local,7,8.0,43.9,2.3,12.299999999999999,30.1,0.5,10,5,Warning,3.7,Occupied,0.66,0,0,0,0,0,0,0,0.53,1.9,2,8.8,29.3,74.2,0.0,0.0,0.0,0,38.7,8933.0,22.5,297,32.3,1,7.0
SIMULATED TRAINING DATA — PROTOTYPE ONLY,43425,EMU Local,9,3.3,36.2,2.0,16.4,32.8,0.5,12,2,Normal,0.3,Clear,0.37,0,0,0,0,0,0,0,0.13,0.9,2,4.5,34.6,74.9,0.0,0.0,0.0,0,40.4,5751.0,33.6,249,55.8,2,6.1
SIMULATED TRAINING DATA — PROTOTYPE ONLY,43203,EMU Local,13,12.0,27.3,3.3,24.599999999999998,56.3,0.5,5,5,Warning,5.1,Occupied,0.9,0,0,0,0,0,0,0,0.06,0.1,2,13.4,29.1,75.2,0.0,0.0,0.0,0,44.3,5389.0,28.5,353,41.4,1,8.8
SIMULATED TRAINING DATA — PROTOTYPE ONLY,43221,Fast Local,3,0.3,33.1,2.1,4.1,7.7,0.5,10,4,Normal,0.8,Clear,0.43,0,0,1,0,20,1,15,0.63,0.3,2,0.0,36.2,69.3,0.0,0.0,0.0,0,48.6,9962.0,19.7,197,30.2,1,10.4
SIMULATED TRAINING DATA — PROTOTYPE ONLY,43213,EMU Local,3,1.4,54.3,2.2,4.1,8.8,0.5,13,6,Normal,1.5,Clear,0.36,0,0,0,0,0,0,0,0.19,1.1,1,0.0,28.0,57.0,5.3999999999999995,1.3,0.0,61,89.0,7576.0,23.8,146,37.8,1,5.7
SIMULATED TRAINING DATA — PROTOTYPE ONLY,43409,EMU Local,1,0.9,69.5,1.0,0.0,0.9,1.5,5,4,Critical,21.9,Restricted,0.69,1,1,0,1,30,1,74,0.29,2.1,1,1.7,32.4,65.5,0.0,0.0,0.0,0,51.9,9846.0,23.5,29,35.2,1,32.2
SIMULATED TRAINING DATA — PROTOTYPE ONLY,43423,EMU Local,21,3.2,44.1,1.3,41.0,77.0,2.0,16,3,Warning,2.0,Occupied,0.79,0,0,0,0,0,0,0,0.66,0.4,2,2.0,33.6,67.7,0.0,0.0,0.0,0,21.9,7967.0,26.8,338,34.9,1,6.2
SIMULATED TRAINING DATA — PROTOTYPE ONLY,43247,EMU Local,20,1.9,12.2,1.4,38.949999999999996,72.0,1.5,6,2,Critical,10.9,Restricted,0.96,1,1,0,0,15,1,55,0.29,1.0,1,2.2,34.6,51.3,0.0,0.0,0.0,0,14.0,8553.0,30.2,202,37.9,1,24.4
SIMULATED TRAINING DATA — PROTOTYPE ONLY,43213,EMU Local,2,0.7,50.5,1.8,2.05,4.4,0.5,16,1,Normal,1.1,Clear,0.44,0,1,0,0,20,1,79,0.47,0.3,1,0.0,27.4,65.6,3.3,2.8,0.0,61,86.0,6479.0,17.7,209,22.4,0,8.0
SIMULATED TRAINING DATA — PROTOTYPE ONLY,43403,EMU Local,3,4.1,36.1,1.2,4.1,11.5,1.5,13,4,Normal,0.3,Clear,0.38,0,1,0,0,15,1,22,0.43,0.0,1,3.2,33.3,85.3,0.0,0.0,0.0,2,51.9,9338.0,30.3,318,39.7,1,8.5
SIMULATED TRAINING DATA — PROTOTYPE ONLY,43217,Fast Local,15,3.1,25.6,1.4,28.699999999999996,54.8,0.5,15,1,Normal,0.1,Clear,0.28,0,0,0,0,0,0,0,0.2,0.5,2,3.8,32.4,59.6,0.0,0.0,0.0,0,48.0,6933.0,14.3,80,19.4,0,0.2
SIMULATED TRAINING DATA — PROTOTYPE ONLY,43247,EMU Local,6,1.3,30.0,2.5,10.25,19.8,1.0,6,6,Normal,0.2,Clear,0.11,0,0,0,0,0,0,0,0.16,1.7,1,0.8,27.0,81.1,6.8,6.7,3.2,63,71.4,9393.0,17.5,73,28.4,1,3.4
SIMULATED TRAINING DATA — PROTOTYPE ONLY,43211,EMU Local,13,2.6,30.6,1.6,24.599999999999998,46.9,1.0,23,1,Normal,0.4,Clear,0.21,0,1,0,0,15,1,104,0.05,0.2,1,0.6,36.1,65.4,2.8,1.9,0.0,61,83.6,6424.0,17.3,262,23.8,0,6.5
SIMULATED TRAINING DATA — PROTOTYPE ONLY,43221,EMU Local,21,5.5,20.8,2.1,41.0,79.3,0.5,9,6,Normal,0.3,Clear,0.39,0,0,0,0,0,0,0,0.91,1.8,4,3.9,37.9,65.0,0.0,0.0,0.0,0,46.9,7957.0,7.7,359,9.7,0,4.5
SIMULATED TRAINING DATA — PROTOTYPE ONLY,43401,EMU Local,1,0.9,41.1,2.5,0.0,0.9,2.0,6,0,Warning,6.1,Occupied,0.78,0,0,0,0,0,0,0,0.17,0.2,2,2.3,31.7,69.7,0.0,0.0,0.0,0,50.9,8912.0,11.4,82,14.8,0,6.0
SIMULATED TRAINING DATA — PROTOTYPE ONLY,66015,Fast Local,20,1.4,69.4,2.7,38.949999999999996,71.5,0.5,5,5,Normal,0.0,Clear,0.27,0,1,0,0,15,1,118,0.18,0.2,2,1.0,31.0,75.7,0.0,0.0,0.0,0,42.8,8921.0,37.4,216,55.8,2,15.9
SIMULATED TRAINING DATA — PROTOTYPE ONLY,43503,EMU Local,19,1.7,25.5,2.3,36.9,68.1,1.0,17,1,Critical,14.2,Restricted,0.85,1,0,1,0,15,1,18,0.85,0.9,3,1.3,30.0,66.8,0.0,0.0,0.0,0,36.9,8945.0,21.7,232,29.8,0,29.0
SIMULATED TRAINING DATA — PROTOTYPE ONLY,43215,EMU Local,1,5.5,69.0,2.3,0.0,5.5,0.5,18,6,Normal,2.5,Clear,0.34,0,0,0,0,0,0,0,0.58,0.5,1,4.8,41.6,65.7,8.8,6.3,2.2,63,81.8,9980.0,12.3,252,17.1,1,5.0
SIMULATED TRAINING DATA — PROTOTYPE ONLY,43423,EMU Local,21,7.5,45.1,2.7,41.0,81.3,1.5,21,3,Critical,19.0,Restricted,0.8,1,0,0,0,0,0,0,0.15,0.0,1,5.7,35.3,88.6,0.0,0.0,0.0,2,13.0,9786.0,17.7,2,24.4,0,22.8
SIMULATED TRAINING DATA — PROTOTYPE ONLY,43435,EMU Local,2,1.9,40.6,2.3,2.05,5.6,0.5,22,2,Normal,0.6,Clear,0.46,0,1,0,0,15,1,108,0.41,2.0,1,1.6,28.6,73.5,0.0,0.0,0.0,0,14.9,6014.0,19.7,223,28.4,0,11.9
SIMULATED TRAINING DATA — PROTOTYPE ONLY,43249,EMU Local,15,1.4,37.2,2.7,28.699999999999996,53.1,1.0,13,2,Warning,2.0,Occupied,0.74,0,1,0,0,15,1,61,0.26,0.3,1,2.9,25.1,55.2,0.0,0.0,0.0,0,31.8,6847.0,20.5,207,30.3,1,14.6
SIMULATED TRAINING DATA — PROTOTYPE ONLY,43227,EMU Local,14,8.8,29.9,1.0,26.65,56.8,1.0,23,0,Normal,0.1,Clear,0.29,0,0,0,0,0,0,0,0.24,0.1,2,7.9,29.8,46.7,0.0,0.0,0.0,0,19.0,7581.0,19.5,21,29.0,0,0.0
SIMULATED TRAINING DATA — PROTOTYPE ONLY,43227,MEMU,19,29.4,46.4,2.0,36.9,95.8,1.0,20,3,Warning,6.4,Occupied,0.91,0,1,0,0,15,1,44,0.73,2.4,4,27.1,29.8,89.3,0.0,0.0,0.0,2,10.8,8637.0,31.0,68,46.1,2,23.3
SIMULATED TRAINING DATA — PROTOTYPE ONLY,43223,Fast Local,11,4.4,49.8,2.1,20.5,41.3,1.0,20,5,Normal,0.0,Clear,0.3,0,0,0,0,0,0,0,0.77,7.3,4,5.3,32.5,83.1,0.0,0.0,0.0,0,32.9,8384.0,16.8,326,21.2,0,3.4
SIMULATED TRAINING DATA — PROTOTYPE ONLY,43223,EMU Local,15,18.4,5.6,2.0,28.699999999999996,70.1,0.5,22,3,Normal,0.6,Clear,0.34,0,0,0,0,0,0,0,0.1,0.4,1,18.5,31.7,74.1,0.0,0.0,0.0,0,59.8,8371.0,24.6,161,39.3,1,1.3
SIMULATED TRAINING DATA — PROTOTYPE ONLY,43201,Fast Local,6,4.3,75.0,2.2,10.25,22.8,1.0,7,6,Normal,1.8,Clear,0.18,0,0,0,0,0,0,0,0.14,0.1,2,4.5,36.1,73.7,0.0,0.0,0.0,0,58.7,6413.0,20.0,104,24.9,0,0.0
SIMULATED TRAINING DATA — PROTOTYPE ONLY,43237,EMU Local,20,5.3,14.8,1.9,38.949999999999996,75.4,2.0,14,2,Normal,1.0,Clear,0.41,0,0,0,0,0,0,0,0.13,0.2,1,5.8,20.7,71.9,0.0,0.0,0.0,0,47.9,6687.0,20.3,206,27.4,0,0.0
SIMULATED TRAINING DATA — PROTOTYPE ONLY,43207,EMU Local,9,2.0,34.2,2.6,16.4,31.5,1.0,20,3,Warning,5.9,Occupied,0.87,0,0,0,0,0,0,0,0.28,1.7,2,0.0,33.7,73.2,14.4,13.9,1.5,63,91.0,6028.0,36.1,45,60.7,2,10.2
SIMULATED TRAINING DATA — PROTOTYPE ONLY,43209,EMU Local,5,2.3,3.6,1.8,8.2,17.1,0.5,13,5,Normal,0.8,Clear,0.5,0,0,0,0,0,0,0,0.36,0.1,2,2.2,35.1,74.5,0.0,0.0,0.0,0,49.4,9401.0,15.8,354,26.8,0,1.7
SIMULATED TRAINING DATA — PROTOTYPE ONLY,43251,EMU Local,20,0.6,38.0,2.0,38.949999999999996,70.7,0.5,20,4,Warning,5.6,Occupied,0.62,0,0,0,0,0,0,0,0.8,1.1,4,0.9,24.3,84.5,0.0,0.0,0.0,0,41.6,7094.0,9.3,175,13.3,0,9.3
SIMULATED TRAINING DATA — PROTOTYPE ONLY,43407,EMU Local,2,6.9,35.1,3.0,2.05,10.6,0.5,15,1,Normal,0.1,Clear,0.18,0,0,0,0,0,0,0,0.27,0.5,2,6.8,28.0,83.4,0.0,0.0,0.0,0,26.4,7340.0,17.6,216,26.3,0,0.6
SIMULATED TRAINING DATA — PROTOTYPE ONLY,43217,EMU Local,6,10.7,34.3,2.9,10.25,29.2,1.0,13,6,Critical,6.7,Restricted,0.91,1,0,0,0,0,0,0,0.34,0.7,1,10.6,29.6,74.4,0.0,0.0,0.0,0,12.3,9790.0,9.3,359,15.8,0,12.8
SIMULATED TRAINING DATA — PROTOTYPE ONLY,43207,EMU Local,18,3.9,46.6,2.2,34.849999999999994,66.6,0.5,13,1,Critical,8.8,Restricted,0.85,1,1,0,0,20,1,36,0.24,0.7,2,5.3,33.5,74.6,0.0,0.0,0.0,0,34.4,9582.0,32.1,168,46.6,2,25.6
SIMULATED TRAINING DATA — PROTOTYPE ONLY,43223,EMU Local,19,1.7,38.3,1.7,36.9,68.1,1.0,9,2,Normal,1.0,Clear,0.33,0,0,0,0,0,0,0,0.84,2.0,3,2.2,29.8,82.1,1.1,0.4,0.0,0,71.8,6397.0,12.7,78,19.1,0,3.2
SIMULATED TRAINING DATA — PROTOTYPE ONLY,66069,EMU Local,9,0.7,50.1,1.1,16.4,30.2,1.5,20,2,Normal,0.1,Clear,0.49,0,0,0,1,0,1,62,0.74,0.5,4,1.5,31.4,79.0,8.2,4.4,0.0,61,70.8,9441.0,23.6,93,31.7,1,8.5
SIMULATED TRAINING DATA — PROTOTYPE ONLY,43247,MEMU,21,1.2,23.4,2.0,41.0,75.0,0.5,22,5,Normal,0.1,Clear,0.27,0,0,0,0,0,0,0,0.15,0.3,2,1.0,28.3,71.0,0.0,0.0,0.0,0,25.1,7741.0,11.5,141,16.7,0,1.5
SIMULATED TRAINING DATA — PROTOTYPE ONLY,43251,EMU Local,6,1.2,43.2,2.4,10.25,19.6,0.5,5,3,Normal,0.6,Clear,0.27,0,1,0,0,15,1,62,0.13,0.2,2,0.0,31.8,38.4,7.1,7.0,2.0,63,88.6,8271.0,6.8,285,8.4,1,12.4
SIMULATED TRAINING DATA — PROTOTYPE ONLY,66069,EMU Local,14,3.8,32.5,1.7,26.65,51.8,1.5,7,5,Normal,0.1,Clear,0.46,0,0,0,0,0,0,0,0.36,3.3,2,3.4,29.0,80.3,0.0,0.0,0.0,0,44.2,7147.0,15.6,3,25.3,0,2.3
SIMULATED TRAINING DATA — PROTOTYPE ONLY,43213,EMU Local,13,11.6,36.4,2.1,24.599999999999998,55.9,0.5,21,0,Normal,0.1,Clear,0.32,0,0,0,0,0,0,0,0.18,0.9,2,11.6,28.0,85.4,0.0,0.0,0.0,2,25.2,9922.0,37.7,90,57.4,2,3.8
SIMULATED TRAINING DATA — PROTOTYPE ONLY,43409,EMU Local,11,0.2,46.1,1.9,20.5,37.1,0.5,7,2,Normal,0.4,Clear,0.24,0,0,0,0,0,0,0,0.24,1.7,2,0.0,32.1,68.9,0.0,0.0,0.0,0,46.8,8421.0,37.2,23,45.0,1,2.9
SIMULATED TRAINING DATA — PROTOTYPE ONLY,43249,Fast Local,12,0.0,34.4,1.1,22.549999999999997,40.6,0.5,9,6,Normal,0.9,Clear,0.39,0,0,0,0,0,0,0,0.6,2.6,1,0.0,35.0,58.7,0.0,0.0,0.0,0,47.4,6753.0,20.6,333,24.8,0,2.9
SIMULATED TRAINING DATA — PROTOTYPE ONLY,43503,EMU Local,19,3.7,40.4,2.2,36.9,70.1,0.5,17,6,Normal,0.2,Clear,0.35,0,0,0,0,0,0,0,0.7,0.1,2,4.0,32.5,83.2,0.0,0.0,0.0,0,51.8,7853.0,17.6,199,28.2,0,2.9
SIMULATED TRAINING DATA — PROTOTYPE ONLY,43251,EMU Local,19,1.3,24.7,2.4,36.9,67.7,1.0,10,2,Normal,0.9,Clear,0.22,0,0,0,0,0,0,0,0.84,1.9,3,2.4,30.6,83.4,0.0,0.0,0.0,0,31.3,9341.0,37.2,131,61.9,2,8.0
SIMULATED TRAINING DATA — PROTOTYPE ONLY,43209,MEMU,21,8.5,58.4,2.2,41.0,82.3,0.5,15,2,Normal,0.8,Clear,0.22,0,0,1,0,30,1,41,0.41,2.2,2,7.5,35.5,61.7,0.0,0.0,0.0,0,56.8,5322.0,19.3,168,26.8,0,7.5
SIMULATED TRAINING DATA — PROTOTYPE ONLY,43407,EMU Local,19,1.6,52.9,3.1,36.9,68.0,0.5,5,5,Normal,0.4,Clear,0.26,0,1,0,0,20,1,110,0.49,1.5,2,1.4,29.7,77.7,6.1,1.9,0.0,61,87.0,6095.0,5.6,139,7.1,0,10.2
SIMULATED TRAINING DATA — PROTOTYPE ONLY,43423,EMU Local,13,1.4,43.5,1.9,24.599999999999998,45.7,1.0,21,6,Normal,0.5,Clear,0.13,0,0,0,1,0,1,112,0.62,3.1,2,3.2,31.2,66.5,0.0,0.0,0.0,0,45.9,5036.0,36.6,260,59.7,2,10.3
SIMULATED TRAINING DATA — PROTOTYPE ONLY,43501,EMU Local,14,1.3,38.4,1.9,26.65,49.3,0.5,16,5,Normal,0.0,Clear,0.48,0,0,0,0,0,0,0,0.33,3.8,1,0.0,36.2,76.1,2.4,1.7,0.0,61,92.8,5794.0,32.8,154,48.0,2,8.1
SIMULATED TRAINING DATA — PROTOTYPE ONLY,43435,Fast Local,18,0.6,40.4,3.4,34.849999999999994,63.3,0.5,16,3,Warning,5.9,Occupied,0.86,0,0,0,0,0,0,0,0.42,0.4,1,0.3,29.8,88.7,0.0,0.0,0.0,2,51.0,7739.0,27.7,112,35.7,1,9.1
SIMULATED TRAINING DATA — PROTOTYPE ONLY,43503,EMU Local,12,3.5,58.1,1.4,22.549999999999997,44.1,1.0,8,4,Normal,0.2,Clear,0.18,0,0,0,0,0,0,0,0.87,12.5,4,0.9,29.3,77.7,0.0,0.0,0.0,0,16.8,6871.0,33.6,355,56.9,2,12.4
SIMULATED TRAINING DATA — PROTOTYPE ONLY,66015,EMU Local,4,0.7,51.9,1.7,6.1499999999999995,11.8,1.5,10,2,Warning,4.9,Occupied,0.69,0,0,0,0,0,0,0,0.98,0.4,3,0.4,34.5,64.5,0.0,0.0,0.0,0,48.8,7473.0,9.8,191,13.3,0,8.1
SIMULATED TRAINING DATA — PROTOTYPE ONLY,43207,EMU Local,10,2.2,58.4,2.3,18.45,35.4,0.5,15,4,Normal,0.2,Clear,0.39,0,1,0,0,30,1,96,0.17,1.5,1,2.3,27.5,65.5,0.0,0.0,0.0,0,31.8,7427.0,12.6,109,18.8,0,5.3
SIMULATED TRAINING DATA — PROTOTYPE ONLY,43209,EMU Local,17,2.5,36.9,2.8,32.8,61.5,0.5,17,5,Normal,0.2,Clear,0.39,0,0,0,0,0,0,0,0.71,0.5,4,0.3,36.3,95.8,0.0,0.0,0.0,2,55.7,5942.0,7.7,16,9.6,0,2.4
SIMULATED TRAINING DATA — PROTOTYPE ONLY,43227,EMU Local,4,0.1,49.3,2.7,6.1499999999999995,11.2,1.0,4,3,Normal,0.7,Clear,0.25,0,0,1,0,20,1,78,0.49,2.2,2,0.4,23.7,87.3,0.0,0.0,0.0,2,14.7,9111.0,35.5,6,49.9,2,13.5
SIMULATED TRAINING DATA — PROTOTYPE ONLY,43219,EMU Local,12,0.1,59.8,1.5,22.549999999999997,40.7,1.0,13,5,Normal,0.5,Clear,0.45,0,0,0,1,0,1,18,0.59,3.2,1,0.0,31.8,66.8,0.0,0.0,0.0,0,19.2,6715.0,15.9,218,23.9,0,6.5
SIMULATED TRAINING DATA — PROTOTYPE ONLY,43237,EMU Local,13,2.9,28.1,3.1,24.599999999999998,47.2,0.5,12,0,Warning,2.5,Occupied,0.89,0,0,0,1,0,1,112,0.35,2.0,1,4.2,28.9,70.7,0.0,0.0,0.0,0,28.1,9191.0,35.7,281,60.3,2,11.0
SIMULATED TRAINING DATA — PROTOTYPE ONLY,66015,Fast Local,4,4.8,27.2,2.4,6.1499999999999995,15.9,0.5,13,6,Normal,0.1,Clear,0.28,0,0,1,0,30,1,53,0.53,1.1,2,5.4,32.9,67.9,9.5,3.4,0.0,61,91.0,5974.0,20.9,66,29.5,1,8.6
SIMULATED TRAINING DATA — PROTOTYPE ONLY,43217,MEMU,10,11.4,46.1,1.6,18.45,44.6,0.5,10,1,Critical,14.3,Restricted,0.94,1,0,0,0,0,0,0,0.77,0.5,4,10.7,37.4,74.3,0.0,0.0,0.0,0,39.5,6716.0,28.9,85,36.9,1,22.6
SIMULATED TRAINING DATA — PROTOTYPE ONLY,43211,EMU Local,3,0.8,23.5,1.7,4.1,8.2,1.0,19,1,Normal,0.4,Clear,0.2,0,1,1,0,20,1,76,0.78,4.3,3,0.6,26.9,81.5,13.8,13.3,1.8,63,90.5,8211.0,29.8,145,43.9,1,10.9
SIMULATED TRAINING DATA — PROTOTYPE ONLY,43423,MEMU,15,0.4,14.8,2.1,28.699999999999996,52.1,0.5,15,5,Normal,0.0,Clear,0.44,0,0,0,0,0,0,0,0.59,2.1,2,2.3,25.9,78.2,0.0,0.0,0.0,0,56.9,6664.0,15.0,328,20.6,0,1.0
SIMULATED TRAINING DATA — PROTOTYPE ONLY,43213,EMU Local,2,0.2,59.6,3.4,2.05,3.9,1.5,15,1,Normal,0.8,Clear,0.32,0,0,0,0,0,0,0,0.11,0.1,2,0.1,36.1,80.4,0.0,0.0,0.0,0,11.7,6078.0,20.0,177,30.2,1,5.3
SIMULATED TRAINING DATA — PROTOTYPE ONLY,43251,EMU Local,17,2.3,62.2,2.2,32.8,61.3,1.0,22,1,Normal,0.4,Clear,0.46,0,0,0,0,0,0,0,0.38,0.7,2,0.7,30.6,63.5,2.1,1.0,0.0,61,73.6,9705.0,34.7,348,55.2,2,5.7
SIMULATED TRAINING DATA — PROTOTYPE ONLY,43409,EMU Local,6,3.9,24.3,3.4,10.25,22.3,1.0,16,3,Normal,0.3,Clear,0.18,0,0,0,0,0,0,0,0.52,0.6,2,2.5,31.2,73.4,0.0,0.0,0.0,0,23.9,7256.0,30.9,119,37.2,1,4.0
SIMULATED TRAINING DATA — PROTOTYPE ONLY,43215,MEMU,8,7.3,20.5,2.6,14.349999999999998,33.1,1.5,21,1,Normal,0.2,Clear,0.47,0,0,0,0,0,0,0,0.08,0.7,1,7.1,30.4,82.2,0.0,0.0,0.0,0,29.8,9588.0,23.7,352,32.6,1,2.8
SIMULATED TRAINING DATA — PROTOTYPE ONLY,43227,MEMU,3,4.6,32.2,1.3,4.1,12.0,0.5,6,3,Warning,6.9,Occupied,0.85,0,0,0,0,0,0,0,0.06,0.3,1,5.9,30.0,90.2,7.6000000000000005,5.9,2.0,63,84.1,9928.0,18.5,300,25.5,1,8.0
SIMULATED TRAINING DATA — PROTOTYPE ONLY,43227,EMU Local,18,0.9,60.8,2.9,34.849999999999994,63.6,1.0,10,0,Warning,2.2,Occupied,0.66,0,0,0,0,0,0,0,0.86,6.4,3,0.3,27.9,46.3,0.0,0.0,0.0,0,44.6,6835.0,37.2,262,54.1,2,11.0
SIMULATED TRAINING DATA — PROTOTYPE ONLY,43435,Fast Local,1,2.5,35.8,1.5,0.0,2.5,0.5,4,2,Normal,0.0,Clear,0.27,0,1,0,0,30,1,34,0.46,0.1,2,1.2,30.5,77.6,9.2,5.2,1.2,63,71.8,6732.0,6.4,352,10.0,1,7.4
SIMULATED TRAINING DATA — PROTOTYPE ONLY,43221,EMU Local,16,9.6,43.4,1.7,30.749999999999996,64.9,0.5,6,2,Normal,0.0,Clear,0.48,0,0,0,0,0,0,0,0.13,0.5,1,9.6,28.1,86.6,0.0,0.0,0.0,2,14.9,6043.0,30.3,68,44.6,1,0.5
SIMULATED TRAINING DATA — PROTOTYPE ONLY,43501,Fast Local,7,1.6,46.9,2.3,12.299999999999999,23.7,0.5,17,2,Normal,0.4,Clear,0.28,0,0,0,0,0,0,0,0.82,0.9,5,2.0,35.5,47.9,0.0,0.0,0.0,0,41.1,7555.0,24.3,164,35.8,1,6.9
SIMULATED TRAINING DATA — PROTOTYPE ONLY,43505,Fast Local,3,2.8,44.6,2.1,4.1,10.2,0.5,7,6,Normal,0.1,Clear,0.3,0,0,1,0,30,1,34,0.17,0.8,1,3.4,29.3,88.4,0.0,0.0,0.0,2,22.8,6078.0,35.5,329,52.9,2,7.8
SIMULATED TRAINING DATA — PROTOTYPE ONLY,43207,EMU Local,4,12.7,64.4,2.6,6.1499999999999995,23.8,1.5,22,3,Warning,5.1,Occupied,0.9,0,0,0,0,0,0,0,0.36,2.8,1,10.7,36.7,98.0,0.0,0.0,0.0,2,59.2,6236.0,29.5,7,44.3,1,8.6
SIMULATED TRAINING DATA — PROTOTYPE ONLY,43251,MEMU,9,5.3,31.2,2.4,16.4,34.8,1.0,9,3,Normal,0.2,Clear,0.21,0,0,0,0,0,0,0,0.9,4.6,5,5.7,34.2,74.2,0.0,0.0,0.0,0,12.7,8785.0,9.8,0,12.0,0,5.2
SIMULATED TRAINING DATA — PROTOTYPE ONLY,66069,EMU Local,5,5.5,40.5,2.0,8.2,20.3,1.5,23,3,Warning,2.8,Occupied,0.79,0,0,0,0,0,0,0,0.4,3.4,1,5.8,27.5,78.5,11.6,10.7,2.9,63,70.2,7187.0,31.0,295,48.3,2,8.1
SIMULATED TRAINING DATA — PROTOTYPE ONLY,43435,EMU Local,19,1.2,45.5,3.1,36.9,67.6,0.5,12,0,Critical,12.3,Restricted,0.64,1,1,0,0,15,1,109,0.26,0.5,2,0.7,27.2,60.4,0.0,0.0,0.0,0,51.9,6077.0,15.8,243,20.0,0,28.2
SIMULATED TRAINING DATA — PROTOTYPE ONLY,43501,EMU Local,15,2.1,41.3,1.8,28.699999999999996,53.8,1.0,14,4,Normal,0.2,Clear,0.15,0,0,0,0,0,0,0,0.08,0.3,2,3.5,30.6,96.6,0.0,0.0,0.0,2,47.0,6491.0,16.3,285,20.7,0,0.0
SIMULATED TRAINING DATA — PROTOTYPE ONLY,43201,EMU Local,8,0.3,23.7,1.5,14.349999999999998,26.1,0.5,18,3,Normal,0.0,Clear,0.43,0,0,0,0,0,0,0,0.84,1.9,5,0.8,28.6,75.4,0.0,0.0,0.0,0,37.4,5968.0,21.1,276,33.1,1,4.7
SIMULATED TRAINING DATA — PROTOTYPE ONLY,43501,Fast Local,6,3.7,19.9,2.4,10.25,22.2,0.5,12,3,Normal,0.1,Clear,0.35,0,0,0,0,0,0,0,0.27,1.7,1,2.7,28.5,41.3,10.600000000000001,5.9,2.4,63,99.6,6203.0,25.9,228,39.1,1,2.3
SIMULATED TRAINING DATA — PROTOTYPE ONLY,43501,EMU Local,18,0.4,19.6,2.1,34.849999999999994,63.1,1.0,14,2,Normal,0.2,Clear,0.32,0,0,0,0,0,0,0,0.55,1.6,1,1.0,34.9,83.6,0.0,0.0,0.0,0,59.0,8737.0,5.4,309,6.8,0,2.2
SIMULATED TRAINING DATA — PROTOTYPE ONLY,66015,EMU Local,19,7.2,52.9,2.2,36.9,73.6,0.5,13,5,Normal,0.2,Clear,0.19,0,0,0,1,0,1,40,0.42,1.8,1,4.9,32.6,61.1,0.0,0.0,0.0,0,15.1,9268.0,36.5,84,60.2,2,8.3
SIMULATED TRAINING DATA — PROTOTYPE ONLY,43407,MEMU,15,6.7,29.7,2.5,28.699999999999996,58.4,1.0,5,6,Warning,6.8,Occupied,0.79,0,0,0,0,0,0,0,0.2,0.7,1,6.1,36.4,66.0,0.0,0.0,0.0,0,13.7,9772.0,25.9,239,41.5,1,9.2
SIMULATED TRAINING DATA — PROTOTYPE ONLY,43247,Fast Local,7,3.1,49.0,2.0,12.299999999999999,25.2,0.5,17,1,Normal,0.9,Clear,0.42,0,0,0,0,0,0,0,0.75,5.2,3,2.6,27.2,75.5,0.0,0.0,0.0,0,51.6,9953.0,18.6,72,27.3,0,4.5
SIMULATED TRAINING DATA — PROTOTYPE ONLY,43501,EMU Local,10,0.6,43.3,3.2,18.45,33.8,0.5,7,1,Warning,4.2,Occupied,0.81,0,0,0,0,0,0,0,0.34,0.9,2,1.4,24.2,72.3,0.0,0.0,0.0,0,22.2,7036.0,26.6,211,38.7,1,5.9
SIMULATED TRAINING DATA — PROTOTYPE ONLY,43407,Fast Local,6,0.1,27.4,2.3,10.25,18.6,1.0,5,0,Warning,3.7,Occupied,0.65,0,0,0,0,0,0,0,0.12,0.0,2,3.7,28.6,76.0,0.0,0.0,0.0,0,53.8,5334.0,27.5,93,42.3,1,6.5
SIMULATED TRAINING DATA — PROTOTYPE ONLY,43221,EMU Local,14,6.4,27.8,1.8,26.65,54.4,2.0,8,1,Warning,3.9,Occupied,0.81,0,0,0,0,0,0,0,0.61,6.3,2,6.0,35.8,77.4,0.0,0.0,0.0,0,27.3,8014.0,5.6,65,7.5,0,6.3
SIMULATED TRAINING DATA — PROTOTYPE ONLY,43425,MEMU,17,3.7,44.0,2.5,32.8,62.7,0.5,17,4,Normal,0.8,Clear,0.4,0,0,0,0,0,0,0,0.62,1.8,2,5.5,29.0,88.1,2.8000000000000003,2.6,0.0,61,87.7,5346.0,8.4,195,13.0,0,3.7
SIMULATED TRAINING DATA — PROTOTYPE ONLY,43227,EMU Local,9,5.0,43.2,2.0,16.4,34.5,1.0,18,2,Warning,5.3,Occupied,0.82,0,0,0,0,0,0,0,0.6,3.2,2,6.6,38.0,55.8,0.0,0.0,0.0,0,26.1,8485.0,23.4,95,37.7,1,8.4
SIMULATED TRAINING DATA — PROTOTYPE ONLY,43403,EMU Local,19,1.4,49.4,2.2,36.9,67.8,1.0,22,0,Normal,0.0,Clear,0.18,0,1,0,0,20,1,45,0.21,0.8,2,0.0,29.4,78.4,3.7,1.0,0.0,61,70.5,8519.0,18.4,130,22.8,0,7.6
SIMULATED TRAINING DATA — PROTOTYPE ONLY,43201,EMU Local,5,2.8,35.1,1.4,8.2,17.6,0.5,9,1,Normal,0.3,Clear,0.42,0,1,0,0,30,1,68,0.69,1.4,2,4.4,33.8,74.0,0.0,0.0,0.0,0,47.0,5740.0,20.5,350,25.8,0,5.2
SIMULATED TRAINING DATA — PROTOTYPE ONLY,43503,EMU Local,7,5.5,29.3,1.5,12.299999999999999,27.6,1.0,18,1,Critical,17.7,Restricted,0.82,1,0,0,0,0,0,0,0.74,7.8,4,4.7,31.4,69.3,0.0,0.0,0.0,0,12.0,8811.0,12.0,284,17.0,0,26.1
SIMULATED TRAINING DATA — PROTOTYPE ONLY,43403,EMU Local,19,2.5,43.6,2.7,36.9,68.9,0.5,17,5,Critical,8.1,Restricted,0.71,1,1,0,0,20,1,112,0.8,3.7,5,2.5,23.7,56.9,0.0,0.0,0.0,0,59.5,6310.0,35.9,333,55.2,2,29.7
SIMULATED TRAINING DATA — PROTOTYPE ONLY,43425,EMU Local,20,3.7,63.3,1.4,38.949999999999996,73.8,0.5,11,2,Normal,0.0,Clear,0.41,0,0,0,0,0,0,0,0.17,0.2,1,6.5,28.9,76.8,0.0,0.0,0.0,0,20.6,6902.0,16.6,215,22.7,0,0.1
SIMULATED TRAINING DATA — PROTOTYPE ONLY,43213,EMU Local,7,6.2,13.8,2.0,12.299999999999999,28.3,0.5,23,0,Warning,2.1,Occupied,0.71,0,0,0,0,0,0,0,0.19,3.6,2,6.8,33.4,60.6,0.0,0.0,0.0,0,34.4,5307.0,6.9,95,9.7,0,4.6
SIMULATED TRAINING DATA — PROTOTYPE ONLY,43425,Fast Local,2,1.0,30.0,2.3,2.05,4.7,1.0,15,2,Normal,0.2,Clear,0.5,0,0,0,0,0,0,0,0.32,10.0,2,0.2,31.3,51.8,0.0,0.0,0.0,0,21.4,7156.0,26.1,248,37.0,1,5.4
SIMULATED TRAINING DATA — PROTOTYPE ONLY,66069,EMU Local,16,0.3,50.9,2.9,30.749999999999996,55.6,0.5,7,0,Normal,0.0,Clear,0.2,0,0,0,0,0,0,0,0.59,0.7,2,0.8,29.7,69.7,0.0,0.0,0.0,0,23.8,6520.0,24.2,149,34.3,1,4.2
SIMULATED TRAINING DATA — PROTOTYPE ONLY,43409,EMU Local,13,3.0,45.2,1.8,24.599999999999998,47.3,0.5,9,6,Normal,0.3,Clear,0.25,0,0,0,0,0,0,0,0.81,11.9,4,1.2,30.8,79.1,0.0,0.0,0.0,0,13.6,8191.0,24.2,62,38.1,1,8.6
SIMULATED TRAINING DATA — PROTOTYPE ONLY,43201,EMU Local,8,0.3,51.1,2.6,14.349999999999998,26.1,0.5,14,6,Normal,0.1,Clear,0.49,0,0,1,0,20,1,69,0.45,1.5,1,1.6,32.1,63.3,0.0,0.0,0.0,0,43.0,6346.0,7.4,202,10.2,0,8.0
SIMULATED TRAINING DATA — PROTOTYPE ONLY,43505,EMU Local,6,5.8,35.6,2.0,10.25,24.2,0.5,10,1,Normal,0.7,Clear,0.14,0,0,0,0,0,0,0,0.93,0.7,4,5.0,20.6,49.7,0.0,0.0,0.0,0,36.7,8095.0,30.4,63,50.1,2,6.8
SIMULATED TRAINING DATA — PROTOTYPE ONLY,43511,MEMU,6,5.1,17.8,1.0,10.25,23.5,0.5,7,2,Normal,0.7,Clear,0.31,0,0,0,0,0,0,0,0.39,5.2,2,2.1,29.3,71.7,0.0,0.0,0.0,0,43.3,6504.0,16.0,250,21.1,0,3.2
SIMULATED TRAINING DATA — PROTOTYPE ONLY,43211,MEMU,9,8.5,67.1,2.1,16.4,38.0,0.5,18,2,Normal,0.9,Clear,0.3,0,0,0,0,0,0,0,0.31,0.1,1,8.1,28.3,86.4,0.0,0.0,0.0,2,28.7,6178.0,36.4,286,60.6,2,6.1
SIMULATED TRAINING DATA — PROTOTYPE ONLY,43217,EMU Local,4,4.1,58.3,2.1,6.1499999999999995,15.2,0.5,4,4,Normal,0.2,Clear,0.34,0,0,0,0,0,0,0,0.22,0.8,2,3.5,34.3,63.3,0.0,0.0,0.0,0,53.2,8711.0,25.5,239,32.2,1,2.5
SIMULATED TRAINING DATA — PROTOTYPE ONLY,43207,EMU Local,11,0.3,41.6,2.4,20.5,37.2,0.5,12,6,Normal,0.0,Clear,0.23,0,0,0,0,0,0,0,0.16,1.0,1,0.9,34.5,55.6,1.5,0.9,0.0,61,96.7,6542.0,27.3,109,40.0,1,1.1
SIMULATED TRAINING DATA — PROTOTYPE ONLY,43209,MEMU,5,1.2,29.4,1.7,8.2,16.0,1.0,23,5,Normal,0.2,Clear,0.47,0,0,0,0,0,0,0,0.1,0.6,2,0.0,32.2,52.8,0.0,0.0,0.0,0,58.0,6057.0,24.3,311,31.8,1,3.3
SIMULATED TRAINING DATA — PROTOTYPE ONLY,43245,EMU Local,17,6.6,34.6,1.8,32.8,65.6,1.0,11,2,Normal,0.3,Clear,0.21,0,0,0,0,0,0,0,0.11,0.0,2,7.0,32.0,63.4,0.0,0.0,0.0,0,51.6,9791.0,19.9,151,32.2,1,2.0
SIMULATED TRAINING DATA — PROTOTYPE ONLY,43203,MEMU,20,0.7,45.4,2.8,38.949999999999996,70.8,0.5,15,0,Normal,0.6,Clear,0.36,0,1,0,0,15,1,93,0.47,0.9,1,0.0,23.5,72.3,6.5,3.8,0.0,61,79.1,9283.0,16.2,4,26.7,1,15.2
SIMULATED TRAINING DATA — PROTOTYPE ONLY,43239,EMU Local,7,4.8,38.2,1.9,12.299999999999999,26.9,0.5,10,4,Normal,0.2,Clear,0.3,0,1,1,0,20,1,96,0.59,0.2,2,4.7,27.9,66.4,0.0,0.0,0.0,0,58.8,7397.0,10.2,7,14.5,0,8.1
SIMULATED TRAINING DATA — PROTOTYPE ONLY,43503,MEMU,15,6.1,41.8,1.0,28.699999999999996,57.8,0.5,21,2,Normal,0.4,Clear,0.21,0,0,0,0,0,0,0,0.12,0.1,2,7.4,30.1,75.0,0.0,0.0,0.0,0,21.5,5373.0,25.4,204,35.2,1,0.8
SIMULATED TRAINING DATA — PROTOTYPE ONLY,66015,EMU Local,15,1.6,66.2,2.4,28.699999999999996,53.3,1.0,4,2,Normal,0.4,Clear,0.18,0,0,0,1,0,1,109,0.21,2.0,1,2.9,31.1,73.3,0.0,0.0,0.0,0,39.1,7657.0,37.9,269,46.4,2,10.5
SIMULATED TRAINING DATA — PROTOTYPE ONLY,43503,EMU Local,14,1.6,55.9,2.6,26.65,49.6,0.5,12,4,Normal,0.1,Clear,0.48,0,0,1,0,15,1,19,0.61,4.6,1,3.1,31.5,84.0,0.0,0.0,0.0,0,44.9,5176.0,18.6,254,26.6,0,13.2
SIMULATED TRAINING DATA — PROTOTYPE ONLY,66015,Fast Local,13,3.3,24.4,2.6,24.599999999999998,47.6,0.5,10,1,Warning,5.2,Occupied,0.88,0,0,0,0,0,0,0,0.64,2.4,2,2.4,23.7,70.4,0.0,0.0,0.0,0,14.0,9157.0,13.1,329,15.7,0,7.6
SIMULATED TRAINING DATA — PROTOTYPE ONLY,43403,EMU Local,11,7.9,43.2,1.7,20.5,44.8,0.5,17,2,Normal,0.3,Clear,0.34,0,0,0,0,0,0,0,0.57,4.6,2,8.3,35.4,79.4,0.0,0.0,0.0,0,35.7,7119.0,31.3,150,46.1,2,6.2
SIMULATED TRAINING DATA — PROTOTYPE ONLY,43249,EMU Local,13,1.0,34.2,2.1,24.599999999999998,45.3,0.5,4,3,Normal,0.8,Clear,0.41,0,0,0,0,0,0,0,0.34,0.5,1,1.4,27.4,72.5,0.0,0.0,0.0,0,18.9,6071.0,35.9,140,58.5,2,6.0
SIMULATED TRAINING DATA — PROTOTYPE ONLY,43251,EMU Local,9,11.3,46.5,2.4,16.4,40.8,1.0,16,5,Normal,0.6,Clear,0.13,0,0,0,0,0,0,0,0.08,0.5,1,12.8,22.4,74.2,0.0,0.0,0.0,0,44.0,8822.0,37.5,2,61.4,2,4.2
SIMULATED TRAINING DATA — PROTOTYPE ONLY,66015,EMU Local,10,3.7,41.1,2.7,18.45,36.9,0.5,23,1,Normal,0.1,Clear,0.39,0,0,0,0,0,0,0,0.47,1.9,1,3.3,34.6,74.0,0.0,0.0,0.0,0,17.6,5826.0,33.2,265,46.1,2,6.3
SIMULATED TRAINING DATA — PROTOTYPE ONLY,66069,EMU Local,4,19.4,75.0,2.4,6.1499999999999995,30.5,0.5,18,2,Normal,0.3,Clear,0.17,0,0,0,1,0,1,37,0.67,3.1,2,17.6,27.9,59.7,10.3,9.4,3.1,63,75.3,8479.0,21.8,358,32.4,1,8.5
SIMULATED TRAINING DATA — PROTOTYPE ONLY,43211,EMU Local,17,0.4,48.4,2.6,32.8,59.4,1.0,8,1,Critical,18.7,Restricted,0.93,1,0,0,1,0,1,24,0.5,0.2,1,1.4,34.3,71.0,0.0,0.0,0.0,0,40.1,8197.0,33.2,225,45.3,2,32.3
SIMULATED TRAINING DATA — PROTOTYPE ONLY,43207,EMU Local,14,0.5,40.0,1.7,26.65,48.5,1.0,8,0,Normal,0.0,Clear,0.16,0,0,0,0,0,0,0,0.44,0.7,1,2.1,24.5,64.4,0.0,0.0,0.0,0,18.0,5807.0,7.4,186,12.3,0,0.2
SIMULATED TRAINING DATA — PROTOTYPE ONLY,43207,EMU Local,18,7.0,69.6,1.0,34.849999999999994,69.7,0.5,17,1,Normal,0.8,Clear,0.43,0,0,0,0,0,0,0,0.43,0.1,2,7.4,29.9,62.0,17.3,16.2,2.5,65,87.9,2160.0,31.7,283,48.3,2,8.1
SIMULATED TRAINING DATA — PROTOTYPE ONLY,66069,MEMU,11,8.0,45.1,2.7,20.5,44.9,0.5,17,4,Normal,0.1,Clear,0.37,0,0,0,0,0,0,0,0.83,0.5,3,6.7,27.6,76.7,0.0,0.0,0.0,0,10.4,8911.0,8.1,340,11.7,0,2.9
SIMULATED TRAINING DATA — PROTOTYPE ONLY,43435,EMU Local,16,2.4,19.2,1.5,30.749999999999996,57.7,0.5,17,2,Normal,0.3,Clear,0.25,0,0,0,0,0,0,0,0.55,0.6,1,5.0,33.1,77.9,10.1,8.7,2.3,63,98.5,8888.0,25.1,138,31.6,1,4.0
SIMULATED TRAINING DATA — PROTOTYPE ONLY,43247,EMU Local,1,5.0,40.1,2.0,0.0,5.0,0.5,8,1,Critical,11.0,Restricted,0.7,1,0,0,0,0,0,0,0.72,2.2,4,5.1,27.9,64.4,3.5,0.9,0.0,61,73.0,8017.0,16.1,275,20.5,0,17.1
SIMULATED TRAINING DATA — PROTOTYPE ONLY,43221,EMU Local,7,8.1,51.2,2.6,12.299999999999999,30.2,0.5,14,3,Normal,0.4,Clear,0.16,0,0,0,0,0,0,0,0.17,0.8,2,7.3,33.1,80.4,0.0,0.0,0.0,0,28.9,5481.0,23.5,279,38.3,1,1.5
SIMULATED TRAINING DATA — PROTOTYPE ONLY,43247,EMU Local,10,0.2,49.3,2.1,18.45,33.4,0.5,22,0,Normal,0.3,Clear,0.46,0,0,0,0,0,0,0,0.15,0.1,2,1.5,29.8,66.6,0.0,0.0,0.0,0,17.3,5856.0,15.1,237,19.0,0,0.1
SIMULATED TRAINING DATA — PROTOTYPE ONLY,43409,EMU Local,9,3.4,57.1,2.5,16.4,32.9,1.0,8,0,Normal,0.0,Clear,0.15,0,0,1,0,30,1,34,0.93,0.2,5,5.4,28.9,82.7,3.3,0.7,0.0,61,70.2,6488.0,6.9,277,8.7,0,7.1
SIMULATED TRAINING DATA — PROTOTYPE ONLY,43239,EMU Local,3,7.7,44.3,3.6,4.1,15.1,2.0,7,6,Normal,0.1,Clear,0.29,0,0,0,0,0,0,0,0.2,1.5,2,5.8,35.1,98.0,0.0,0.0,0.0,2,15.6,9687.0,31.2,99,41.6,1,0.5
SIMULATED TRAINING DATA — PROTOTYPE ONLY,43249,EMU Local,14,2.0,43.2,2.4,26.65,50.0,1.0,18,1,Normal,0.4,Clear,0.19,0,0,0,0,0,0,0,0.73,0.4,3,2.6,39.3,77.7,1.5,0.4,0.0,0,73.4,5479.0,9.0,308,11.6,0,1.9
SIMULATED TRAINING DATA — PROTOTYPE ONLY,43403,EMU Local,15,1.4,21.0,1.7,28.699999999999996,53.1,0.5,10,4,Normal,0.3,Clear,0.5,0,0,0,0,0,0,0,0.57,1.2,2,3.0,30.0,70.7,3.4,2.9,0.0,61,88.9,7747.0,25.4,250,40.9,1,4.0
SIMULATED TRAINING DATA — PROTOTYPE ONLY,43209,EMU Local,2,6.4,64.9,1.2,2.05,10.1,1.0,8,0,Normal,0.2,Clear,0.33,0,0,0,0,0,0,0,0.44,0.2,1,6.3,28.4,63.8,0.0,0.0,0.0,0,38.2,9462.0,15.0,49,18.0,0,1.0
SIMULATED TRAINING DATA — PROTOTYPE ONLY,43221,EMU Local,14,1.6,37.4,2.5,26.65,49.6,1.0,18,6,Normal,1.3,Clear,0.16,0,1,0,1,15,1,74,0.68,1.8,1,1.8,30.9,74.4,0.0,0.0,0.0,0,38.7,7191.0,25.8,219,41.9,1,15.8
SIMULATED TRAINING DATA — PROTOTYPE ONLY,43215,EMU Local,16,0.0,27.3,2.1,30.749999999999996,55.4,1.0,17,1,Normal,0.2,Clear,0.37,0,0,0,0,0,0,0,0.84,0.3,3,0.0,31.9,60.3,0.0,0.0,0.0,0,19.3,9406.0,19.1,149,27.0,0,2.6
SIMULATED TRAINING DATA — PROTOTYPE ONLY,43401,EMU Local,7,12.8,75.0,1.3,12.299999999999999,34.9,1.0,6,1,Critical,7.9,Restricted,0.67,1,0,0,0,0,0,0,0.13,0.7,1,14.6,24.3,69.1,0.0,0.0,0.0,0,23.2,6615.0,33.9,30,52.9,2,17.7
SIMULATED TRAINING DATA — PROTOTYPE ONLY,43503,EMU Local,4,3.6,67.2,2.8,6.1499999999999995,14.7,1.0,8,0,Normal,0.4,Clear,0.34,0,1,0,0,30,1,84,0.61,0.2,2,2.3,27.4,61.3,0.0,0.0,0.0,0,49.0,7212.0,29.0,356,40.4,1,8.0
SIMULATED TRAINING DATA — PROTOTYPE ONLY,43425,EMU Local,18,6.8,35.3,2.5,34.849999999999994,69.5,0.5,15,1,Normal,0.4,Clear,0.28,0,0,0,1,0,1,37,0.43,0.8,1,6.5,25.5,82.1,0.0,0.0,0.0,0,54.7,7980.0,13.2,176,21.9,0,4.0
SIMULATED TRAINING DATA — PROTOTYPE ONLY,43227,MEMU,5,7.0,13.8,2.1,8.2,21.8,0.5,23,1,Normal,0.3,Clear,0.22,0,0,0,0,0,0,0,0.18,0.3,2,9.6,26.9,65.6,0.0,0.0,0.0,0,26.4,8256.0,36.8,212,48.9,2,4.0
SIMULATED TRAINING DATA — PROTOTYPE ONLY,43425,EMU Local,6,0.3,31.2,3.4,10.25,18.8,0.5,17,5,Normal,0.2,Clear,0.14,0,1,0,0,30,1,44,0.77,6.8,3,0.0,37.3,71.6,0.0,0.0,0.0,0,31.8,6963.0,13.4,60,17.6,0,10.0
SIMULATED TRAINING DATA — PROTOTYPE ONLY,43249,EMU Local,7,0.7,65.7,2.7,12.299999999999999,22.8,0.5,8,3,Normal,1.2,Clear,0.19,0,0,0,0,0,0,0,0.74,1.5,4,0.0,22.4,51.3,0.0,0.0,0.0,0,13.4,7300.0,10.2,226,16.3,0,3.5
SIMULATED TRAINING DATA — PROTOTYPE ONLY,43203,EMU Local,15,1.5,44.7,1.5,28.699999999999996,53.2,0.5,7,1,Normal,0.3,Clear,0.32,0,0,0,0,0,0,0,0.4,0.1,1,1.5,33.0,67.9,0.0,0.0,0.0,0,52.3,8063.0,37.2,8,44.8,1,2.1
SIMULATED TRAINING DATA — PROTOTYPE ONLY,43249,EMU Local,1,1.5,21.8,2.8,0.0,1.5,0.5,19,5,Normal,0.4,Clear,0.4,0,0,0,0,0,0,0,0.84,2.3,4,2.8,30.0,67.6,0.0,0.0,0.0,0,42.9,9257.0,7.7,246,9.5,0,3.1
SIMULATED TRAINING DATA — PROTOTYPE ONLY,66015,EMU Local,4,4.3,53.8,2.3,6.1499999999999995,15.4,1.0,10,5,Normal,0.5,Clear,0.45,0,0,0,0,0,0,0,0.44,2.0,2,4.3,32.5,61.0,0.0,0.0,0.0,0,14.0,6783.0,16.8,292,22.4,0,2.7
SIMULATED TRAINING DATA — PROTOTYPE ONLY,43435,EMU Local,1,3.9,38.9,3.2,0.0,3.9,1.5,6,1,Normal,0.0,Clear,0.42,0,0,0,0,0,0,0,0.26,0.4,1,3.3,26.8,68.5,0.0,0.0,0.0,0,39.5,7798.0,25.9,252,41.3,1,3.2
SIMULATED TRAINING DATA — PROTOTYPE ONLY,43505,Fast Local,11,2.7,32.3,2.7,20.5,39.6,0.5,7,4,Normal,0.8,Clear,0.15,0,0,0,0,0,0,0,0.26,0.9,2,3.3,29.7,42.1,7.300000000000001,6.4,2.3,63,84.4,8794.0,36.5,36,47.6,2,5.0
SIMULATED TRAINING DATA — PROTOTYPE ONLY,43213,EMU Local,18,0.9,33.4,2.4,34.849999999999994,63.6,0.5,23,0,Normal,0.4,Clear,0.41,0,0,0,0,0,0,0,0.29,0.1,1,3.9,36.4,58.2,0.0,0.0,0.0,0,47.2,9811.0,14.6,188,21.7,0,2.0
SIMULATED TRAINING DATA — PROTOTYPE ONLY,43209,Fast Local,14,1.9,61.6,2.4,26.65,49.9,1.5,9,5,Normal,0.5,Clear,0.33,0,0,0,0,0,0,0,0.79,1.5,3,1.6,29.7,51.9,0.0,0.0,0.0,0,16.6,5606.0,26.7,137,34.3,1,4.5
SIMULATED TRAINING DATA — PROTOTYPE ONLY,66069,EMU Local,11,3.1,50.2,1.4,20.5,40.0,1.5,6,5,Warning,6.2,Occupied,0.77,0,0,0,0,0,0,0,0.29,0.2,1,5.6,37.1,81.1,0.0,0.0,0.0,0,33.4,5398.0,5.8,56,9.7,0,7.7
SIMULATED TRAINING DATA — PROTOTYPE ONLY,43227,EMU Local,10,2.5,19.7,1.8,18.45,35.7,0.5,4,6,Normal,1.0,Clear,0.33,0,0,0,0,0,0,0,0.82,0.9,4,3.0,20.6,71.7,6.0,5.6,2.7,63,87.7,5186.0,28.6,73,38.7,1,6.5
SIMULATED TRAINING DATA — PROTOTYPE ONLY,43211,EMU Local,17,0.5,47.5,2.2,32.8,59.5,0.5,6,4,Normal,0.2,Clear,0.1,0,0,0,0,0,0,0,0.36,1.3,2,0.0,33.7,41.1,0.0,0.0,0.0,0,19.1,6063.0,35.2,192,43.9,1,4.2
SIMULATED TRAINING DATA — PROTOTYPE ONLY,43511,EMU Local,4,4.2,43.6,1.3,6.1499999999999995,15.3,0.5,11,2,Normal,0.8,Clear,0.13,0,0,0,0,0,0,0,0.41,2.0,2,6.2,31.7,83.9,15.0,14.0,1.3,63,82.6,7646.0,10.3,75,13.2,1,4.1
SIMULATED TRAINING DATA — PROTOTYPE ONLY,43211,EMU Local,15,0.3,35.7,2.4,28.699999999999996,52.0,0.5,19,4,Normal,0.1,Clear,0.31,0,0,0,0,0,0,0,0.66,0.9,2,0.0,25.7,77.1,0.0,0.0,0.0,0,47.8,5843.0,30.7,191,45.2,2,8.3
SIMULATED TRAINING DATA — PROTOTYPE ONLY,43407,EMU Local,16,1.9,36.5,1.7,30.749999999999996,57.2,1.5,10,6,Normal,0.5,Clear,0.17,0,0,0,0,0,0,0,0.73,11.7,5,0.0,35.2,70.7,0.0,0.0,0.0,0,46.8,6236.0,21.5,276,27.8,0,5.5
SIMULATED TRAINING DATA — PROTOTYPE ONLY,43423,EMU Local,21,5.0,29.0,1.9,41.0,78.8,1.0,21,2,Normal,0.1,Clear,0.32,0,0,0,0,0,0,0,0.41,0.5,2,5.4,28.5,76.1,0.0,0.0,0.0,0,26.9,5820.0,24.8,312,39.0,1,4.0
SIMULATED TRAINING DATA — PROTOTYPE ONLY,43407,Fast Local,13,0.1,32.1,2.5,24.599999999999998,44.4,0.5,12,2,Normal,0.0,Clear,0.24,0,0,0,0,0,0,0,0.41,0.2,2,0.0,32.4,70.4,0.0,0.0,0.0,0,20.6,9399.0,28.3,159,38.4,1,3.6
SIMULATED TRAINING DATA — PROTOTYPE ONLY,43219,MEMU,9,3.4,46.3,1.8,16.4,32.9,1.5,6,4,Normal,0.1,Clear,0.46,0,0,0,1,0,1,88,0.15,1.1,1,5.6,27.6,67.8,0.0,0.0,0.0,0,56.0,9362.0,28.3,78,36.5,1,7.5
SIMULATED TRAINING DATA — PROTOTYPE ONLY,43425,EMU Local,11,1.6,37.8,2.4,20.5,38.5,1.0,21,3,Critical,21.2,Restricted,0.77,1,0,0,0,0,0,0,0.16,0.6,1,2.1,29.5,73.0,37.5,34.9,1.6,65,77.9,1669.0,20.7,211,25.8,2,30.1
SIMULATED TRAINING DATA — PROTOTYPE ONLY,43219,EMU Local,11,0.0,50.2,2.2,20.5,36.9,2.0,19,4,Normal,0.0,Clear,0.49,0,0,0,0,0,0,0,0.58,2.3,2,0.0,34.3,72.7,5.3,0.7,0.0,61,83.5,6642.0,20.2,134,27.1,0,3.6
SIMULATED TRAINING DATA — PROTOTYPE ONLY,43511,EMU Local,6,0.8,30.2,1.5,10.25,19.2,2.0,4,5,Normal,0.5,Clear,0.46,0,0,0,0,0,0,0,0.24,1.3,2,1.8,40.9,62.2,4.800000000000001,3.7,0.0,61,91.1,9612.0,14.6,114,24.5,1,2.5
SIMULATED TRAINING DATA — PROTOTYPE ONLY,43213,EMU Local,1,11.3,52.6,2.6,0.0,11.3,0.5,23,0,Normal,0.2,Clear,0.49,0,1,0,0,15,1,71,0.23,6.1,1,11.3,27.9,80.9,0.0,0.0,0.0,0,28.3,8151.0,10.4,103,12.7,0,12.5
SIMULATED TRAINING DATA — PROTOTYPE ONLY,43401,EMU Local,6,2.9,61.7,2.7,10.25,21.3,0.5,19,4,Normal,0.7,Clear,0.38,0,1,1,0,20,1,75,0.91,1.1,4,3.3,36.5,62.5,0.0,0.0,0.0,0,26.9,5814.0,33.1,117,55.5,2,17.8
SIMULATED TRAINING DATA — PROTOTYPE ONLY,43407,EMU Local,13,23.6,41.9,2.7,24.599999999999998,67.9,1.0,15,3,Normal,0.0,Clear,0.48,0,0,0,0,0,0,0,0.3,0.8,2,20.7,36.9,68.4,9.2,4.8,0.0,61,70.8,9051.0,32.3,91,50.8,2,4.0
SIMULATED TRAINING DATA — PROTOTYPE ONLY,43207,EMU Local,5,3.0,49.8,3.2,8.2,17.8,2.0,9,4,Normal,0.1,Clear,0.36,0,0,0,0,0,0,0,0.62,2.6,2,1.6,34.1,82.2,1.7000000000000002,1.3,0.0,61,75.5,6553.0,33.3,2,49.7,2,10.1
SIMULATED TRAINING DATA — PROTOTYPE ONLY,43245,EMU Local,15,3.1,50.4,1.9,28.699999999999996,54.8,2.0,12,3,Normal,0.3,Clear,0.42,0,0,0,0,0,0,0,0.26,0.1,2,3.4,34.6,85.0,0.0,0.0,0.0,0,31.7,9310.0,37.2,178,53.7,2,6.8
SIMULATED TRAINING DATA — PROTOTYPE ONLY,43511,Fast Local,18,2.0,34.5,1.0,34.849999999999994,64.7,1.0,16,0,Normal,0.2,Clear,0.15,0,0,0,0,0,0,0,0.1,0.1,2,0.5,28.7,83.3,0.0,0.0,0.0,0,12.2,7678.0,16.8,119,21.4,0,1.1
SIMULATED TRAINING DATA — PROTOTYPE ONLY,43223,EMU Local,20,1.5,50.5,1.7,38.949999999999996,71.6,0.5,15,1,Warning,2.4,Occupied,0.82,0,0,0,0,0,0,0,0.64,0.8,2,0.8,27.6,51.7,0.0,0.0,0.0,0,36.0,8465.0,19.7,121,24.0,0,4.5
SIMULATED TRAINING DATA — PROTOTYPE ONLY,43511,Fast Local,14,1.2,8.0,2.7,26.65,49.2,0.5,16,3,Critical,18.4,Restricted,0.94,1,0,1,0,20,1,82,0.3,0.4,1,2.3,29.6,69.7,0.0,0.0,0.0,0,52.2,8558.0,35.3,108,53.4,2,37.0
SIMULATED TRAINING DATA — PROTOTYPE ONLY,43251,EMU Local,15,1.7,2.0,2.1,28.699999999999996,53.4,1.0,21,3,Normal,0.2,Clear,0.32,0,1,0,0,15,1,110,0.1,0.4,1,2.3,32.6,58.1,3.4,3.0,0.0,61,98.0,5238.0,11.3,275,14.9,0,9.1
SIMULATED TRAINING DATA — PROTOTYPE ONLY,43219,EMU Local,5,2.5,37.1,1.3,8.2,17.3,1.0,22,5,Warning,5.9,Occupied,0.82,0,1,0,0,15,1,114,0.42,1.3,2,3.9,30.3,59.4,1.1,1.0,0.0,61,93.9,8685.0,24.9,145,36.5,1,14.8
SIMULATED TRAINING DATA — PROTOTYPE ONLY,43211,EMU Local,4,0.9,51.5,1.1,6.1499999999999995,12.0,1.0,22,3,Warning,5.6,Occupied,0.65,0,0,0,0,0,0,0,0.25,1.1,1,0.9,28.5,64.3,0.0,0.0,0.0,0,19.6,6157.0,27.7,95,39.3,1,8.8
SIMULATED TRAINING DATA — PROTOTYPE ONLY,66069,EMU Local,2,1.0,40.7,3.0,2.05,4.7,0.5,22,0,Critical,8.1,Restricted,0.74,1,0,0,0,0,0,0,0.64,1.6,1,0.2,28.7,68.5,0.0,0.0,0.0,0,41.0,8816.0,29.8,323,47.1,2,21.7
SIMULATED TRAINING DATA — PROTOTYPE ONLY,43503,EMU Local,7,1.3,53.2,2.5,12.299999999999999,23.4,1.0,9,2,Normal,0.2,Clear,0.41,0,0,0,0,0,0,0,0.81,8.8,5,3.0,30.3,65.3,17.2,16.3,1.5,65,99.2,2031.0,32.7,160,43.6,2,11.3
SIMULATED TRAINING DATA — PROTOTYPE ONLY,66069,EMU Local,10,2.4,24.0,1.8,18.45,35.6,1.5,19,3,Warning,6.7,Occupied,0.94,0,0,0,0,0,0,0,0.68,1.8,1,2.5,34.9,40.3,1.0,0.4,0.0,0,99.9,5468.0,13.7,181,17.3,0,10.2
SIMULATED TRAINING DATA — PROTOTYPE ONLY,43219,EMU Local,16,4.2,55.2,3.2,30.749999999999996,59.6,0.5,10,6,Normal,0.2,Clear,0.19,0,1,0,0,20,1,77,0.58,1.9,2,2.9,27.2,75.1,0.0,0.0,0.0,0,20.3,8024.0,24.8,119,37.3,1,12.2
SIMULATED TRAINING DATA — PROTOTYPE ONLY,43227,EMU Local,10,7.8,66.4,3.7,18.45,41.0,0.5,10,0,Normal,0.0,Clear,0.47,0,0,0,0,0,0,0,0.72,0.9,4,9.8,33.8,70.9,0.0,0.0,0.0,0,11.1,9946.0,35.9,164,58.1,2,7.8
SIMULATED TRAINING DATA — PROTOTYPE ONLY,43205,EMU Local,18,1.4,31.6,2.7,34.849999999999994,64.1,1.0,22,5,Normal,0.4,Clear,0.41,0,0,0,0,0,0,0,0.21,0.0,1,1.5,33.6,86.8,9.8,4.8,0.0,61,89.5,5124.0,34.7,52,57.6,2,7.5
SIMULATED TRAINING DATA — PROTOTYPE ONLY,43251,EMU Local,17,0.8,53.6,2.6,32.8,59.8,1.5,19,6,Warning,5.2,Occupied,0.6,0,0,0,0,0,0,0,0.89,5.3,5,2.0,29.4,70.9,0.0,0.0,0.0,0,28.8,5084.0,24.5,262,40.7,1,12.6
SIMULATED TRAINING DATA — PROTOTYPE ONLY,43237,EMU Local,21,1.9,42.3,2.4,41.0,75.7,0.5,20,5,Normal,0.1,Clear,0.42,0,0,0,0,0,0,0,0.74,5.0,4,2.3,32.7,49.3,0.0,0.0,0.0,0,49.0,5919.0,14.0,244,17.0,0,3.5
SIMULATED TRAINING DATA — PROTOTYPE ONLY,66015,EMU Local,13,9.0,48.6,2.6,24.599999999999998,53.3,0.5,22,1,Warning,2.8,Occupied,0.82,0,0,0,0,0,0,0,0.1,0.7,2,10.2,36.2,55.7,8.700000000000001,8.4,2.2,63,79.8,5678.0,22.4,16,29.0,1,5.6
SIMULATED TRAINING DATA — PROTOTYPE ONLY,43239,EMU Local,1,0.0,66.4,3.3,0.0,0.0,0.5,19,3,Normal,0.8,Clear,0.22,0,0,0,0,0,0,0,0.65,3.7,2,0.8,30.2,51.6,0.0,0.0,0.0,0,19.7,8640.0,16.7,298,26.3,0,3.5
SIMULATED TRAINING DATA — PROTOTYPE ONLY,43203,EMU Local,1,4.5,46.9,1.5,0.0,4.5,0.5,19,2,Normal,0.0,Clear,0.45,0,0,0,1,0,1,75,0.86,0.9,5,4.1,28.4,68.8,0.0,0.0,0.0,0,29.8,8016.0,27.5,247,42.7,1,6.0
SIMULATED TRAINING DATA — PROTOTYPE ONLY,43435,Fast Local,15,2.6,53.5,1.9,28.699999999999996,54.3,0.5,22,0,Normal,0.3,Clear,0.45,0,0,0,0,0,0,0,0.43,1.3,2,2.2,27.7,91.0,0.0,0.0,0.0,2,32.3,5412.0,24.2,7,36.1,1,4.1
SIMULATED TRAINING DATA — PROTOTYPE ONLY,43505,EMU Local,1,0.7,23.1,2.1,0.0,0.7,1.0,18,1,Warning,4.8,Occupied,0.99,0,1,0,0,20,1,75,0.56,3.3,1,1.6,28.1,78.0,0.0,0.0,0.0,0,42.5,5581.0,10.0,146,13.8,0,13.7
SIMULATED TRAINING DATA — PROTOTYPE ONLY,43219,MEMU,6,1.5,53.0,2.4,10.25,20.0,0.5,6,2,Critical,7.6,Restricted,0.96,1,0,0,0,0,0,0,0.72,2.5,3,1.6,34.7,73.7,4.7,3.1,0.0,61,93.5,8807.0,18.2,27,24.6,1,15.8
SIMULATED TRAINING DATA — PROTOTYPE ONLY,43203,EMU Local,13,1.0,66.2,3.0,24.599999999999998,45.3,1.0,18,1,Warning,6.2,Occupied,0.83,0,0,0,1,0,1,94,0.49,5.5,1,1.0,31.3,58.8,16.1,6.3,3.5,63,89.1,6063.0,36.4,140,45.3,2,15.8
SIMULATED TRAINING DATA — PROTOTYPE ONLY,43245,EMU Local,1,8.4,28.1,2.3,0.0,8.4,0.5,19,2,Normal,0.4,Clear,0.46,0,0,0,0,0,0,0,0.78,3.1,3,7.9,25.1,77.1,0.0,0.0,0.0,0,30.2,5731.0,31.1,36,46.4,2,11.5
SIMULATED TRAINING DATA — PROTOTYPE ONLY,43245,EMU Local,5,2.6,37.2,2.5,8.2,17.4,0.5,23,4,Normal,0.0,Clear,0.46,0,0,0,0,0,0,0,0.52,1.5,2,2.3,36.5,68.5,0.0,0.0,0.0,0,20.1,5280.0,18.7,66,24.4,0,1.6
SIMULATED TRAINING DATA — PROTOTYPE ONLY,43227,EMU Local,9,3.3,52.3,2.5,16.4,32.8,1.0,8,4,Normal,0.2,Clear,0.28,0,0,0,0,0,0,0,0.89,16.8,5,1.5,30.8,75.2,0.0,0.0,0.0,0,51.2,8963.0,33.5,72,55.1,2,12.7
SIMULATED TRAINING DATA — PROTOTYPE ONLY,43249,EMU Local,17,3.6,48.7,2.1,32.8,62.6,1.0,22,4,Normal,0.3,Clear,0.22,0,0,0,0,0,0,0,0.12,0.3,2,4.2,33.4,78.2,0.0,0.0,0.0,0,46.8,9706.0,20.9,175,27.4,0,0.4
SIMULATED TRAINING DATA — PROTOTYPE ONLY,43409,MEMU,16,4.1,21.6,1.9,30.749999999999996,59.4,0.5,13,1,Normal,1.2,Clear,0.22,0,1,0,0,30,1,73,0.47,5.6,1,3.3,33.9,66.4,0.0,0.0,0.0,0,51.3,9211.0,21.2,169,33.6,1,9.8
SIMULATED TRAINING DATA — PROTOTYPE ONLY,43501,EMU Local,8,2.7,44.5,2.1,14.349999999999998,28.5,1.0,16,4,Normal,0.1,Clear,0.46,0,0,0,0,0,0,0,0.33,0.0,1,2.8,28.2,75.4,8.4,6.7,3.9,63,84.5,5071.0,32.0,141,44.0,1,3.2
SIMULATED TRAINING DATA — PROTOTYPE ONLY,43403,EMU Local,17,0.1,37.0,1.7,32.8,59.1,0.5,18,0,Normal,0.1,Clear,0.23,0,0,0,0,0,0,0,0.54,1.5,1,0.0,26.6,94.2,0.0,0.0,0.0,2,11.4,6243.0,29.2,227,47.0,2,9.2
SIMULATED TRAINING DATA — PROTOTYPE ONLY,43211,EMU Local,15,1.6,27.5,1.7,28.699999999999996,53.3,0.5,15,0,Warning,3.8,Occupied,0.75,0,0,0,0,0,0,0,0.45,0.5,1,1.8,27.6,87.1,0.0,0.0,0.0,2,23.3,9041.0,5.4,213,8.5,0,3.8
SIMULATED TRAINING DATA — PROTOTYPE ONLY,43217,Fast Local,1,0.8,62.4,2.3,0.0,0.8,1.0,20,4,Normal,0.2,Clear,0.39,0,0,0,0,0,0,0,0.42,0.7,1,0.8,30.7,82.9,2.7,2.5,0.0,61,77.4,8874.0,17.9,25,21.7,0,1.2
SIMULATED TRAINING DATA — PROTOTYPE ONLY,43247,EMU Local,12,4.6,42.1,1.8,22.549999999999997,45.2,1.5,18,2,Warning,4.3,Occupied,0.95,0,1,0,0,15,1,86,0.94,0.3,5,5.1,33.3,98.0,3.0,2.3,0.0,61,87.6,5922.0,5.2,314,7.9,0,14.0
SIMULATED TRAINING DATA — PROTOTYPE ONLY,43223,EMU Local,5,0.2,56.7,3.2,8.2,15.0,0.5,7,2,Normal,3.0,Clear,0.2,0,0,0,0,0,0,0,0.21,0.2,1,0.0,39.0,95.5,0.5,0.2,0.0,2,71.5,8856.0,23.1,126,34.2,1,7.0
SIMULATED TRAINING DATA — PROTOTYPE ONLY,43249,EMU Local,6,3.3,24.4,2.2,10.25,21.8,0.5,18,1,Normal,2.2,Clear,0.24,0,0,0,0,0,0,0,0.66,1.9,2,3.2,35.1,90.3,20.4,15.9,3.5,65,89.8,1987.0,19.6,231,31.6,2,10.2
SIMULATED TRAINING DATA — PROTOTYPE ONLY,43425,MEMU,1,0.9,50.8,2.9,0.0,0.9,1.0,20,2,Normal,0.2,Clear,0.36,0,0,0,0,0,0,0,0.66,3.0,2,0.9,23.6,59.5,0.0,0.0,0.0,0,59.3,9941.0,13.3,111,17.5,0,3.9
SIMULATED TRAINING DATA — PROTOTYPE ONLY,43245,Fast Local,1,11.9,57.9,1.4,0.0,11.9,0.5,14,6,Normal,0.4,Clear,0.43,0,0,0,0,0,0,0,0.47,4.0,1,10.9,30.9,57.8,0.0,0.0,0.0,0,36.5,9549.0,37.6,234,58.8,2,4.8
SIMULATED TRAINING DATA — PROTOTYPE ONLY,43237,EMU Local,10,1.6,38.4,1.4,18.45,34.8,1.0,18,6,Normal,1.2,Clear,0.32,0,0,0,0,0,0,0,0.74,0.7,3,0.4,22.4,56.8,0.0,0.0,0.0,0,35.5,9383.0,9.3,291,15.3,0,3.5
SIMULATED TRAINING DATA — PROTOTYPE ONLY,43221,Fast Local,10,1.6,34.5,2.0,18.45,34.8,0.5,23,6,Normal,0.0,Clear,0.15,0,0,0,0,0,0,0,0.13,0.7,1,0.9,35.3,82.3,0.0,0.0,0.0,0,36.8,7337.0,34.3,114,54.6,2,4.6
SIMULATED TRAINING DATA — PROTOTYPE ONLY,43205,MEMU,3,10.3,22.4,2.7,4.1,17.7,1.0,10,3,Warning,3.1,Occupied,0.77,0,0,0,0,0,0,0,0.67,0.1,2,10.5,30.7,81.1,0.0,0.0,0.0,0,46.9,7654.0,36.0,154,59.8,2,12.1
SIMULATED TRAINING DATA — PROTOTYPE ONLY,43401,EMU Local,17,2.2,29.0,1.8,32.8,61.2,0.5,16,2,Warning,2.6,Occupied,0.86,0,0,1,0,20,1,39,0.08,0.6,1,0.9,31.6,77.5,19.4,9.7,3.5,63,88.8,8414.0,34.2,139,46.3,2,12.2
SIMULATED TRAINING DATA — PROTOTYPE ONLY,43435,EMU Local,19,13.2,35.2,2.0,36.9,79.6,2.0,16,0,Normal,0.2,Clear,0.14,0,0,0,0,0,0,0,0.35,1.1,1,14.3,30.6,59.3,0.0,0.0,0.0,0,55.3,5841.0,19.9,163,28.1,0,2.5
SIMULATED TRAINING DATA — PROTOTYPE ONLY,43211,EMU Local,11,0.1,27.4,2.7,20.5,37.0,0.5,23,5,Normal,2.6,Clear,0.34,0,0,0,1,0,1,23,0.08,0.5,1,0.0,31.8,83.6,18.099999999999998,16.2,1.7,65,84.9,1418.0,37.1,54,51.8,2,11.5
SIMULATED TRAINING DATA — PROTOTYPE ONLY,43247,Fast Local,18,1.5,30.5,1.9,34.849999999999994,64.2,1.5,23,2,Critical,7.5,Restricted,0.64,1,0,0,0,0,0,0,0.46,0.5,1,1.5,28.8,68.4,0.0,0.0,0.0,0,31.5,8834.0,5.4,258,7.4,0,14.1
SIMULATED TRAINING DATA — PROTOTYPE ONLY,43221,EMU Local,2,4.4,44.4,1.6,2.05,8.1,0.5,5,6,Warning,2.3,Occupied,0.94,0,1,0,0,15,1,42,0.26,0.4,1,5.2,31.9,69.4,0.0,0.0,0.0,0,22.3,5271.0,14.9,350,19.0,0,11.9
SIMULATED TRAINING DATA — PROTOTYPE ONLY,43435,MEMU,9,8.9,46.2,2.5,16.4,38.4,0.5,13,1,Normal,0.9,Clear,0.41,0,1,0,0,30,1,51,0.26,0.1,1,7.1,27.7,80.6,0.0,0.0,0.0,0,28.3,6124.0,9.7,235,11.7,0,5.7
SIMULATED TRAINING DATA — PROTOTYPE ONLY,43237,EMU Local,17,1.2,58.4,1.3,32.8,60.2,0.5,21,2,Warning,4.7,Occupied,0.7,0,0,0,0,0,0,0,0.06,0.0,2,2.8,32.7,70.0,0.0,0.0,0.0,0,43.0,9163.0,10.1,18,13.4,0,4.3
SIMULATED TRAINING DATA — PROTOTYPE ONLY,66069,MEMU,14,10.7,30.6,1.9,26.65,58.7,1.5,23,6,Normal,1.0,Clear,0.46,0,0,0,0,0,0,0,0.05,0.3,1,9.6,32.6,70.9,0.0,0.0,0.0,0,58.7,7051.0,29.5,145,50.0,2,1.8
SIMULATED TRAINING DATA — PROTOTYPE ONLY,43217,EMU Local,4,3.6,42.3,2.2,6.1499999999999995,14.7,0.5,8,1,Normal,0.2,Clear,0.4,0,0,0,0,0,0,0,0.85,1.0,3,5.2,33.4,54.9,0.0,0.0,0.0,0,39.1,5796.0,13.9,240,18.7,0,3.6
SIMULATED TRAINING DATA — PROTOTYPE ONLY,43219,EMU Local,17,6.5,35.7,2.4,32.8,65.5,0.5,23,3,Normal,0.1,Clear,0.35,0,1,0,0,20,1,55,0.24,0.4,1,7.1,31.1,53.8,0.0,0.0,0.0,0,36.8,6469.0,18.0,333,28.8,0,7.8
SIMULATED TRAINING DATA — PROTOTYPE ONLY,43251,MEMU,17,2.0,34.7,2.6,32.8,61.0,0.5,22,4,Normal,0.1,Clear,0.25,0,0,0,0,0,0,0,0.57,1.5,2,0.0,35.7,84.3,0.0,0.0,0.0,0,25.1,8596.0,24.9,50,31.7,1,4.2
SIMULATED TRAINING DATA — PROTOTYPE ONLY,66015,MEMU,12,1.0,37.3,2.7,22.549999999999997,41.6,2.0,5,3,Normal,0.4,Clear,0.14,0,1,0,0,15,1,99,0.18,0.7,2,0.8,38.8,75.9,3.7,2.5,0.0,61,80.9,8105.0,30.9,252,45.7,2,17.7
SIMULATED TRAINING DATA — PROTOTYPE ONLY,43401,Fast Local,20,9.7,39.1,1.9,38.949999999999996,79.8,0.5,7,0,Normal,0.2,Clear,0.28,0,0,0,0,0,0,0,0.26,0.0,2,8.8,25.4,61.0,0.0,0.0,0.0,0,40.7,7991.0,14.5,313,18.2,0,0.0
SIMULATED TRAINING DATA — PROTOTYPE ONLY,43425,EMU Local,18,10.8,45.8,2.7,34.849999999999994,73.5,0.5,19,5,Warning,4.4,Occupied,0.77,0,1,0,0,20,1,79,0.67,2.0,1,12.8,26.4,76.2,0.0,0.0,0.0,0,52.4,7032.0,32.4,346,49.7,2,15.6
SIMULATED TRAINING DATA — PROTOTYPE ONLY,43223,EMU Local,3,2.8,37.0,2.4,4.1,10.2,1.5,19,3,Normal,2.6,Clear,0.33,0,1,0,0,20,1,94,0.88,2.9,4,3.1,30.8,72.3,0.0,0.0,0.0,0,13.3,8656.0,22.7,233,28.5,0,12.8
SIMULATED TRAINING DATA — PROTOTYPE ONLY,43201,EMU Local,11,0.0,60.4,2.5,20.5,36.9,1.5,20,3,Normal,1.2,Clear,0.17,0,0,0,1,0,1,102,0.73,4.9,4,0.0,29.7,57.3,0.0,0.0,0.0,0,48.3,8772.0,28.4,67,38.3,1,10.5
SIMULATED TRAINING DATA — PROTOTYPE ONLY,43251,EMU Local,18,0.5,16.4,1.7,34.849999999999994,63.2,0.5,18,0,Normal,0.5,Clear,0.36,0,0,0,0,0,0,0,0.83,0.5,3,2.0,33.4,70.7,0.0,0.0,0.0,0,23.1,8624.0,27.9,173,35.3,1,4.5
SIMULATED TRAINING DATA — PROTOTYPE ONLY,43401,EMU Local,4,3.4,57.8,2.5,6.1499999999999995,14.5,1.5,16,0,Normal,1.1,Clear,0.29,0,0,0,0,0,0,0,0.49,1.0,2,4.1,33.4,75.2,0.0,0.0,0.0,0,57.8,8991.0,34.5,64,47.6,2,7.2
SIMULATED TRAINING DATA — PROTOTYPE ONLY,43201,EMU Local,17,0.1,36.5,2.0,32.8,59.1,0.5,4,4,Normal,1.4,Clear,0.47,0,0,0,0,0,0,0,0.49,1.1,2,0.6,32.7,51.8,5.3,4.6,0.0,61,92.9,6382.0,32.1,216,43.6,1,5.2
SIMULATED TRAINING DATA — PROTOTYPE ONLY,43409,EMU Local,18,2.0,39.2,2.1,34.849999999999994,64.7,0.5,8,4,Warning,6.9,Occupied,0.81,0,0,0,0,0,0,0,0.91,6.0,5,2.0,24.9,82.7,0.0,0.0,0.0,0,15.4,9556.0,33.9,146,45.3,2,16.2
SIMULATED TRAINING DATA — PROTOTYPE ONLY,43201,Fast Local,5,1.4,41.9,2.2,8.2,16.2,1.0,23,2,Warning,6.5,Occupied,0.78,0,1,0,0,15,1,111,0.05,0.1,1,0.0,32.3,74.5,0.0,0.0,0.0,0,27.2,6699.0,27.2,298,34.7,1,16.4
SIMULATED TRAINING DATA — PROTOTYPE ONLY,43401,EMU Local,14,5.0,52.6,3.4,26.65,53.0,1.0,4,1,Normal,1.1,Clear,0.37,0,1,0,0,15,1,77,0.3,0.1,1,6.9,38.9,92.4,0.0,0.0,0.0,2,25.0,6385.0,9.0,278,13.1,0,14.3
SIMULATED TRAINING DATA — PROTOTYPE ONLY,43503,EMU Local,10,0.2,28.8,1.6,18.45,33.4,0.5,15,0,Normal,0.4,Clear,0.49,0,0,0,0,0,0,0,0.18,0.6,1,0.0,33.6,87.2,0.0,0.0,0.0,2,59.3,8294.0,10.1,32,13.1,0,1.0
SIMULATED TRAINING DATA — PROTOTYPE ONLY,43403,EMU Local,15,2.7,32.1,2.8,28.699999999999996,54.4,0.5,18,3,Warning,5.5,Occupied,0.86,0,0,0,0,0,0,0,0.91,3.5,3,4.4,31.2,91.4,3.2,3.1,0.0,61,72.3,9816.0,32.2,144,52.1,2,11.3
SIMULATED TRAINING DATA — PROTOTYPE ONLY,43505,EMU Local,1,3.5,49.5,3.0,0.0,3.5,0.5,7,3,Normal,0.2,Clear,0.45,0,0,0,0,0,0,0,0.62,1.9,2,3.5,34.0,63.5,0.0,0.0,0.0,0,49.0,6281.0,25.7,186,39.3,1,4.9
SIMULATED TRAINING DATA — PROTOTYPE ONLY,43219,EMU Local,16,3.8,16.5,2.6,30.749999999999996,59.1,1.0,22,4,Normal,0.3,Clear,0.11,0,0,0,0,0,0,0,0.43,1.0,2,3.6,28.0,79.1,0.0,0.0,0.0,0,17.1,5950.0,6.0,32,9.8,0,2.8
SIMULATED TRAINING DATA — PROTOTYPE ONLY,43219,Fast Local,11,2.1,41.5,1.8,20.5,39.0,2.0,19,1,Normal,1.4,Clear,0.15,0,0,0,0,0,0,0,0.93,0.8,3,0.0,33.2,72.9,0.0,0.0,0.0,0,59.8,5256.0,10.3,202,16.8,0,5.6
SIMULATED TRAINING DATA — PROTOTYPE ONLY,43425,Fast Local,20,1.5,30.0,3.1,38.949999999999996,71.6,0.5,21,6,Critical,8.9,Restricted,0.67,1,1,0,0,20,1,90,0.28,0.8,1,0.7,31.4,90.5,0.0,0.0,0.0,2,53.3,7349.0,34.0,165,46.5,2,23.5
SIMULATED TRAINING DATA — PROTOTYPE ONLY,43227,Fast Local,6,4.6,26.9,1.9,10.25,23.0,1.0,20,0,Normal,1.0,Clear,0.35,0,0,0,0,0,0,0,0.3,0.0,2,6.2,26.9,88.4,0.0,0.0,0.0,2,57.4,9524.0,23.6,294,29.2,0,2.0
SIMULATED TRAINING DATA — PROTOTYPE ONLY,43245,Fast Local,16,7.5,17.4,2.5,30.749999999999996,62.8,0.5,14,4,Warning,2.4,Occupied,0.74,0,1,0,0,20,1,103,0.29,0.8,2,8.4,32.5,92.2,13.0,12.7,1.1,63,83.6,9502.0,8.7,20,11.5,1,11.4
SIMULATED TRAINING DATA — PROTOTYPE ONLY,43211,EMU Local,2,4.7,53.6,2.2,2.05,8.4,1.0,23,6,Normal,0.2,Clear,0.18,0,0,0,0,0,0,0,0.6,1.4,1,5.3,31.7,69.1,0.0,0.0,0.0,0,26.2,8861.0,6.8,221,9.7,0,1.0
SIMULATED TRAINING DATA — PROTOTYPE ONLY,43203,EMU Local,1,10.8,44.4,1.9,0.0,10.8,0.5,16,1,Normal,0.6,Clear,0.34,0,0,0,0,0,0,0,0.55,5.9,2,11.5,34.7,57.3,0.0,0.0,0.0,0,53.6,6256.0,38.0,24,63.5,2,11.6
SIMULATED TRAINING DATA — PROTOTYPE ONLY,43407,EMU Local,9,5.1,31.9,2.4,16.4,34.6,1.0,12,0,Normal,0.1,Clear,0.33,0,0,0,0,0,0,0,0.07,0.1,1,5.1,32.0,61.2,2.3,1.7,0.0,61,73.3,7439.0,14.8,125,21.1,0,0.0
SIMULATED TRAINING DATA — PROTOTYPE ONLY,66069,EMU Local,12,5.8,39.5,3.2,22.549999999999997,46.4,0.5,20,3,Normal,0.3,Clear,0.31,0,0,0,0,0,0,0,0.63,0.0,1,5.2,32.3,77.0,0.0,0.0,0.0,0,10.7,5579.0,26.8,263,44.9,1,2.8
SIMULATED TRAINING DATA — PROTOTYPE ONLY,43207,EMU Local,17,0.7,25.6,2.3,32.8,59.7,1.5,20,3,Normal,0.8,Clear,0.14,0,1,0,0,30,1,73,0.84,4.2,5,0.0,32.1,57.4,0.0,0.0,0.0,0,56.9,7889.0,15.8,199,25.1,0,9.3
SIMULATED TRAINING DATA — PROTOTYPE ONLY,43223,EMU Local,15,2.2,34.0,3.3,28.699999999999996,53.9,0.5,8,4,Normal,0.5,Clear,0.47,0,0,0,0,0,0,0,0.91,0.6,3,1.7,32.0,74.5,0.0,0.0,0.0,0,19.4,9812.0,30.2,275,43.3,1,6.2
SIMULATED TRAINING DATA — PROTOTYPE ONLY,43409,EMU Local,19,2.7,39.0,2.0,36.9,69.1,0.5,11,1,Normal,0.9,Clear,0.34,0,0,0,0,0,0,0,0.14,0.4,1,2.9,36.1,69.6,7.8,4.3,0.0,61,90.1,8753.0,35.0,162,57.2,2,5.5
SIMULATED TRAINING DATA — PROTOTYPE ONLY,43501,EMU Local,10,1.2,43.0,2.1,18.45,34.4,1.0,6,3,Normal,0.1,Clear,0.21,0,0,0,0,0,0,0,0.05,0.0,1,0.3,34.4,44.6,0.0,0.0,0.0,0,25.1,7203.0,20.7,322,34.2,1,0.3
SIMULATED TRAINING DATA — PROTOTYPE ONLY,43203,EMU Local,12,3.0,47.9,1.4,22.549999999999997,43.6,0.5,9,6,Warning,2.5,Occupied,0.86,0,0,0,0,0,0,0,0.56,1.5,2,3.0,27.7,75.1,0.0,0.0,0.0,0,44.2,8292.0,34.9,24,49.5,2,10.9
SIMULATED TRAINING DATA — PROTOTYPE ONLY,43425,EMU Local,14,1.4,14.9,1.8,26.65,49.4,0.5,6,1,Normal,0.1,Clear,0.23,0,0,1,0,30,1,25,0.49,1.5,1,1.5,31.0,80.2,0.0,0.0,0.0,0,41.7,7873.0,14.8,46,23.8,0,5.5
SIMULATED TRAINING DATA — PROTOTYPE ONLY,43207,EMU Local,9,4.7,47.9,2.0,16.4,34.2,1.0,11,4,Critical,6.8,Restricted,0.8,1,0,0,0,0,0,0,0.48,1.8,2,4.5,25.9,86.5,0.0,0.0,0.0,2,20.0,8284.0,27.4,67,44.8,1,16.3
SIMULATED TRAINING DATA — PROTOTYPE ONLY,43401,EMU Local,13,2.5,16.1,1.9,24.599999999999998,46.8,1.0,15,6,Warning,4.6,Occupied,0.82,0,0,0,0,0,0,0,0.16,0.3,2,0.5,37.5,65.5,0.0,0.0,0.0,0,33.3,5293.0,10.3,223,14.6,0,4.6
SIMULATED TRAINING DATA — PROTOTYPE ONLY,43215,EMU Local,3,2.5,48.5,1.5,4.1,9.9,0.5,7,6,Normal,0.4,Clear,0.45,0,0,0,0,0,0,0,0.25,0.1,1,1.2,28.7,59.4,0.0,0.0,0.0,0,44.0,8163.0,13.4,331,19.2,0,1.1
SIMULATED TRAINING DATA — PROTOTYPE ONLY,43247,MEMU,21,16.5,38.8,1.6,41.0,90.3,0.5,5,2,Normal,0.1,Clear,0.5,0,0,0,0,0,0,0,0.27,0.9,2,16.3,28.5,67.3,7.6,7.5,1.4,63,81.0,7845.0,32.0,131,42.7,1,0.8
SIMULATED TRAINING DATA — PROTOTYPE ONLY,43511,EMU Local,14,2.0,58.4,1.9,26.65,50.0,0.5,13,1,Warning,2.4,Occupied,0.76,0,1,0,0,15,1,76,0.17,1.2,2,0.0,38.8,57.5,0.0,0.0,0.0,0,46.3,9945.0,35.9,236,51.2,2,16.4
SIMULATED TRAINING DATA — PROTOTYPE ONLY,43505,EMU Local,21,1.8,31.9,2.8,41.0,75.6,2.0,18,5,Normal,0.5,Clear,0.11,0,0,0,0,0,0,0,0.6,1.6,1,3.0,29.1,78.6,10.7,8.7,3.3,63,92.8,5355.0,28.8,246,41.6,1,5.9
SIMULATED TRAINING DATA — PROTOTYPE ONLY,43211,MEMU,10,1.5,53.7,1.2,18.45,34.7,0.5,16,1,Normal,0.4,Clear,0.19,0,0,0,0,0,0,0,0.23,0.2,2,3.1,27.7,73.3,0.0,0.0,0.0,0,29.5,6853.0,10.2,14,15.5,0,0.6
SIMULATED TRAINING DATA — PROTOTYPE ONLY,43213,EMU Local,16,9.0,24.5,1.0,30.749999999999996,64.4,0.5,18,4,Warning,2.4,Occupied,0.9,0,1,0,0,30,1,72,0.68,1.3,1,10.0,34.1,57.6,0.0,0.0,0.0,0,12.9,9238.0,5.8,352,8.7,0,7.1
SIMULATED TRAINING DATA — PROTOTYPE ONLY,43213,EMU Local,7,2.7,43.6,1.0,12.299999999999999,24.8,1.0,22,5,Normal,0.4,Clear,0.17,0,0,0,0,0,0,0,0.08,0.2,1,3.0,31.5,66.9,0.0,0.0,0.0,0,54.6,7040.0,7.7,262,12.7,0,0.7
SIMULATED TRAINING DATA — PROTOTYPE ONLY,43201,EMU Local,4,3.7,11.4,1.6,6.1499999999999995,14.8,0.5,21,2,Warning,2.5,Occupied,0.69,0,1,0,0,30,1,86,0.11,0.0,2,2.2,27.9,90.7,0.0,0.0,0.0,2,54.0,9956.0,15.8,258,24.1,0,6.0
SIMULATED TRAINING DATA — PROTOTYPE ONLY,43511,EMU Local,20,0.8,55.2,2.5,38.949999999999996,70.9,0.5,16,3,Normal,1.4,Clear,0.26,0,0,0,0,0,0,0,0.11,0.3,2,1.2,32.8,71.3,0.0,0.0,0.0,0,31.6,5380.0,16.0,109,20.3,0,1.3
SIMULATED TRAINING DATA — PROTOTYPE ONLY,43205,MEMU,11,3.1,67.9,1.9,20.5,40.0,1.5,23,0,Normal,0.2,Clear,0.34,0,0,0,0,0,0,0,0.24,0.1,1,4.8,34.0,63.3,0.0,0.0,0.0,0,51.3,5123.0,6.4,162,8.4,0,0.0
SIMULATED TRAINING DATA — PROTOTYPE ONLY,43205,MEMU,16,1.3,31.5,1.9,30.749999999999996,56.6,0.5,23,4,Warning,5.7,Occupied,0.77,0,1,0,0,30,1,37,0.5,0.3,1,0.0,35.0,65.7,0.0,0.0,0.0,0,41.2,8675.0,37.6,68,62.3,2,13.5
SIMULATED TRAINING DATA — PROTOTYPE ONLY,43503,EMU Local,20,5.2,43.8,1.9,38.949999999999996,75.3,1.0,4,0,Normal,0.4,Clear,0.46,0,1,0,0,15,1,103,0.28,0.5,1,8.3,32.5,74.1,0.0,0.0,0.0,0,22.6,9753.0,23.2,141,28.5,0,8.9
SIMULATED TRAINING DATA — PROTOTYPE ONLY,43407,EMU Local,4,7.1,48.7,1.0,6.1499999999999995,18.2,1.0,19,2,Critical,11.8,Restricted,0.69,1,1,0,1,30,1,50,0.97,5.5,3,8.1,35.0,93.9,0.0,0.0,0.0,2,18.9,5268.0,6.7,4,10.4,0,23.5
SIMULATED TRAINING DATA — PROTOTYPE ONLY,66015,EMU Local,17,5.0,18.7,2.6,32.8,64.0,0.5,11,5,Critical,16.6,Restricted,0.91,1,0,0,0,0,0,0,0.1,0.6,2,3.7,34.9,59.4,0.0,0.0,0.0,0,12.6,8482.0,27.3,61,33.9,1,22.4
SIMULATED TRAINING DATA — PROTOTYPE ONLY,43247,EMU Local,13,5.2,30.8,2.9,24.599999999999998,49.5,0.5,9,2,Normal,0.1,Clear,0.36,0,0,0,0,0,0,0,0.71,0.8,3,4.0,29.6,89.1,0.0,0.0,0.0,2,43.0,7237.0,33.6,170,44.0,1,4.2
SIMULATED TRAINING DATA — PROTOTYPE ONLY,43227,EMU Local,11,2.9,29.8,1.9,20.5,39.8,1.5,6,1,Normal,0.1,Clear,0.36,0,0,1,0,30,1,96,0.21,0.6,1,2.3,38.3,68.3,0.0,0.0,0.0,0,24.1,7515.0,13.5,262,21.6,0,3.6
SIMULATED TRAINING DATA — PROTOTYPE ONLY,43435,EMU Local,3,5.0,75.0,2.2,4.1,12.4,1.0,23,0,Normal,0.5,Clear,0.27,0,0,0,0,0,0,0,0.31,0.1,1,4.9,34.1,87.4,0.0,0.0,0.0,2,54.9,8539.0,31.4,103,43.3,1,4.1
SIMULATED TRAINING DATA — PROTOTYPE ONLY,43245,EMU Local,9,2.2,57.7,2.2,16.4,31.7,0.5,19,0,Normal,0.2,Clear,0.11,0,0,0,0,0,0,0,0.88,18.7,3,1.7,37.1,58.1,5.1,3.6,0.0,61,74.2,6126.0,34.2,172,49.2,2,12.1
SIMULATED TRAINING DATA — PROTOTYPE ONLY,43409,EMU Local,6,4.2,38.7,1.5,10.25,22.6,0.5,5,2,Warning,4.3,Occupied,0.96,0,1,0,0,20,1,61,0.32,1.2,1,0.8,30.9,90.6,0.0,0.0,0.0,2,46.0,7603.0,9.5,164,15.1,0,9.9
SIMULATED TRAINING DATA — PROTOTYPE ONLY,43213,EMU Local,21,1.2,53.7,1.8,41.0,75.0,1.0,5,5,Normal,1.1,Clear,0.43,0,0,1,0,15,1,83,0.45,0.4,2,0.0,34.9,93.4,0.0,0.0,0.0,2,40.8,8373.0,18.7,124,27.9,0,9.2
SIMULATED TRAINING DATA — PROTOTYPE ONLY,43237,EMU Local,11,0.3,45.2,3.2,20.5,37.2,0.5,18,0,Normal,1.0,Clear,0.13,0,1,0,0,20,1,29,0.66,5.3,2,0.3,32.6,94.4,0.0,0.0,0.0,2,56.3,5869.0,8.0,159,10.7,0,11.9
SIMULATED TRAINING DATA — PROTOTYPE ONLY,43403,EMU Local,16,2.1,50.9,2.1,30.749999999999996,57.4,1.0,13,6,Normal,1.0,Clear,0.28,0,1,0,0,30,1,45,0.12,0.2,1,2.3,35.4,72.0,3.3000000000000003,0.2,0.0,0,97.1,6960.0,5.7,41,9.5,0,4.6
SIMULATED TRAINING DATA — PROTOTYPE ONLY,43423,MEMU,19,2.5,26.2,2.2,36.9,68.9,2.0,4,3,Normal,0.2,Clear,0.17,0,0,0,0,0,0,0,0.05,0.1,1,3.6,29.8,72.0,0.0,0.0,0.0,0,23.1,7363.0,30.2,132,42.9,1,2.8
SIMULATED TRAINING DATA — PROTOTYPE ONLY,43221,EMU Local,5,1.2,62.6,1.7,8.2,16.0,0.5,23,2,Warning,5.0,Occupied,0.99,0,0,0,0,0,0,0,0.26,0.3,2,0.4,29.3,63.1,0.0,0.0,0.0,0,22.9,5342.0,7.7,9,9.7,0,5.6
SIMULATED TRAINING DATA — PROTOTYPE ONLY,43201,EMU Local,14,5.2,30.5,1.8,26.65,53.2,1.5,18,1,Normal,0.1,Clear,0.41,0,0,0,0,0,0,0,0.44,1.0,2,5.4,36.4,60.3,0.0,0.0,0.0,0,11.1,9940.0,23.1,43,28.5,0,1.7
SIMULATED TRAINING DATA — PROTOTYPE ONLY,43403,Fast Local,17,0.3,31.3,2.5,32.8,59.3,1.0,4,1,Normal,0.2,Clear,0.37,0,0,0,0,0,0,0,0.27,0.0,2,0.3,32.5,82.8,0.0,0.0,0.0,0,34.5,5018.0,21.1,137,33.9,1,3.5
SIMULATED TRAINING DATA — PROTOTYPE ONLY,43503,EMU Local,3,1.0,50.9,1.6,4.1,8.4,0.5,19,1,Normal,0.1,Clear,0.23,0,0,0,0,0,0,0,0.79,2.9,4,0.0,35.4,72.2,0.0,0.0,0.0,0,32.8,5535.0,21.0,273,30.5,1,4.6
SIMULATED TRAINING DATA — PROTOTYPE ONLY,43217,EMU Local,4,5.5,47.2,3.1,6.1499999999999995,16.6,1.0,21,0,Warning,5.6,Occupied,0.71,0,0,0,0,0,0,0,0.64,6.6,2,6.2,25.9,77.8,0.0,0.0,0.0,0,22.5,8342.0,34.5,83,50.5,2,13.2
SIMULATED TRAINING DATA — PROTOTYPE ONLY,43239,EMU Local,16,2.3,42.3,1.1,30.749999999999996,57.6,1.0,8,2,Warning,6.1,Occupied,0.74,0,0,0,0,0,0,0,0.65,3.8,1,2.9,28.3,77.1,0.0,0.0,0.0,0,58.3,5241.0,24.3,62,32.7,1,11.9
SIMULATED TRAINING DATA — PROTOTYPE ONLY,43423,EMU Local,16,4.9,54.6,1.7,30.749999999999996,60.2,0.5,8,1,Warning,3.6,Occupied,0.97,0,0,0,0,0,0,0,0.83,4.8,3,7.7,29.4,56.5,0.0,0.0,0.0,0,37.1,9696.0,36.6,330,59.0,2,10.8
SIMULATED TRAINING DATA — PROTOTYPE ONLY,43423,EMU Local,21,3.4,24.6,1.2,41.0,77.2,0.5,13,2,Normal,0.7,Clear,0.11,0,0,0,1,0,1,64,0.05,0.3,2,4.7,36.7,57.4,0.0,0.0,0.0,0,17.6,9826.0,29.3,298,47.5,2,9.1
SIMULATED TRAINING DATA — PROTOTYPE ONLY,43435,EMU Local,4,12.0,69.7,2.9,6.1499999999999995,23.1,1.0,15,0,Normal,0.4,Clear,0.33,0,0,1,0,30,1,47,0.42,0.6,1,10.1,36.5,81.4,0.0,0.0,0.0,0,52.2,7392.0,20.8,200,30.6,1,8.6
SIMULATED TRAINING DATA — PROTOTYPE ONLY,43201,EMU Local,19,3.6,34.5,2.1,36.9,70.0,1.0,13,3,Critical,16.1,Restricted,0.73,1,1,0,0,15,1,18,0.41,0.3,2,4.7,31.9,77.2,0.0,0.0,0.0,0,32.2,7918.0,9.2,90,14.7,0,30.4
SIMULATED TRAINING DATA — PROTOTYPE ONLY,43203,Fast Local,17,0.1,40.7,1.9,32.8,59.1,2.0,5,3,Critical,15.2,Restricted,0.74,1,1,0,0,30,1,71,0.14,0.2,1,0.0,33.4,70.6,0.0,0.0,0.0,0,47.8,9410.0,24.4,53,38.7,1,26.0
SIMULATED TRAINING DATA — PROTOTYPE ONLY,43205,EMU Local,13,1.7,69.9,2.3,24.599999999999998,46.0,1.5,4,3,Normal,0.5,Clear,0.16,0,1,0,0,20,1,76,0.73,0.5,4,3.5,32.2,76.8,4.4,4.2,0.0,61,83.4,6144.0,27.8,205,36.9,1,11.9
SIMULATED TRAINING DATA — PROTOTYPE ONLY,43205,EMU Local,1,0.6,31.4,2.9,0.0,0.6,0.5,19,0,Normal,0.1,Clear,0.27,0,0,0,0,0,0,0,0.72,4.8,4,0.2,27.5,89.4,5.8,5.3,2.7,63,81.8,7092.0,36.4,138,60.0,2,9.1
SIMULATED TRAINING DATA — PROTOTYPE ONLY,43249,Fast Local,12,10.3,57.3,2.2,22.549999999999997,50.9,1.0,21,1,Critical,20.9,Restricted,0.61,1,0,0,0,0,0,0,0.19,0.4,2,10.7,31.7,83.1,0.0,0.0,0.0,0,59.6,9433.0,14.9,73,19.4,0,25.2
SIMULATED TRAINING DATA — PROTOTYPE ONLY,43501,EMU Local,4,0.4,38.8,2.8,6.1499999999999995,11.5,0.5,10,0,Normal,0.4,Clear,0.38,0,0,0,0,0,0,0,0.87,5.1,3,2.0,27.9,75.2,2.0,1.9,0.0,61,79.7,6791.0,37.9,334,57.3,2,10.7
SIMULATED TRAINING DATA — PROTOTYPE ONLY,43207,Fast Local,11,2.0,29.4,1.9,20.5,38.9,0.5,7,2,Normal,0.2,Clear,0.32,0,0,1,0,30,1,48,0.36,0.4,2,2.6,30.0,77.4,0.0,0.0,0.0,0,21.1,9640.0,7.0,254,11.6,0,4.7
SIMULATED TRAINING DATA — PROTOTYPE ONLY,43211,EMU Local,5,1.0,36.2,1.5,8.2,15.8,0.5,13,3,Normal,1.2,Clear,0.42,0,0,0,0,0,0,0,0.17,0.1,2,2.0,30.6,89.7,0.0,0.0,0.0,2,51.8,8422.0,12.1,23,16.1,0,1.6
SIMULATED TRAINING DATA — PROTOTYPE ONLY,43237,MEMU,2,7.5,50.5,2.2,2.05,11.2,1.0,13,2,Critical,16.2,Restricted,0.63,1,0,0,0,0,0,0,0.35,2.5,2,6.7,38.1,67.1,0.0,0.0,0.0,0,50.5,8704.0,37.1,32,54.3,2,27.9
SIMULATED TRAINING DATA — PROTOTYPE ONLY,43401,EMU Local,17,1.5,57.2,1.7,32.8,60.5,0.5,14,0,Normal,0.6,Clear,0.1,0,0,0,0,0,0,0,0.21,1.2,2,0.4,32.1,74.8,0.0,0.0,0.0,0,50.1,8277.0,18.6,225,29.2,0,1.3
SIMULATED TRAINING DATA — PROTOTYPE ONLY,43407,MEMU,8,19.3,45.4,2.5,14.349999999999998,45.1,0.5,6,4,Warning,2.2,Occupied,0.84,0,0,0,1,0,1,86,0.09,0.3,2,19.3,29.9,71.7,0.0,0.0,0.0,0,22.4,8769.0,37.6,78,60.9,2,10.8
SIMULATED TRAINING DATA — PROTOTYPE ONLY,43511,Fast Local,6,0.2,18.0,1.9,10.25,18.6,0.5,17,4,Normal,0.3,Clear,0.5,0,1,0,0,20,1,63,0.79,0.4,5,1.0,34.0,64.4,0.0,0.0,0.0,0,17.9,9284.0,37.6,174,46.9,2,14.2
SIMULATED TRAINING DATA — PROTOTYPE ONLY,43409,EMU Local,21,0.5,51.5,2.0,41.0,74.3,0.5,16,6,Normal,0.3,Clear,0.26,0,0,0,0,0,0,0,0.17,0.2,1,0.4,28.9,69.6,0.0,0.0,0.0,0,35.7,9727.0,14.8,229,17.8,0,0.0
SIMULATED TRAINING DATA — PROTOTYPE ONLY,43249,EMU Local,9,1.0,39.9,1.0,16.4,30.5,1.5,22,0,Normal,0.6,Clear,0.35,0,0,0,0,0,0,0,0.31,0.1,1,3.0,42.1,59.8,0.0,0.0,0.0,0,45.3,6011.0,20.6,40,34.4,1,4.8
SIMULATED TRAINING DATA — PROTOTYPE ONLY,43209,EMU Local,13,6.7,25.5,2.0,24.599999999999998,51.0,2.0,13,1,Critical,12.6,Restricted,0.75,1,1,0,0,30,1,50,0.11,0.9,2,7.4,33.2,84.8,1.5,0.7,0.0,61,79.1,9885.0,11.9,327,17.4,0,18.8
SIMULATED TRAINING DATA — PROTOTYPE ONLY,43505,EMU Local,11,8.4,47.2,2.0,20.5,45.3,1.0,18,5,Normal,1.9,Clear,0.11,0,1,0,0,20,1,15,0.7,0.7,2,8.0,21.6,66.8,0.0,0.0,0.0,0,31.1,9100.0,32.2,337,50.0,2,14.8
SIMULATED TRAINING DATA — PROTOTYPE ONLY,43203,EMU Local,16,0.3,59.0,2.8,30.749999999999996,55.6,1.0,11,2,Normal,0.6,Clear,0.36,0,0,1,0,30,1,56,0.06,0.2,2,0.1,28.3,74.5,0.0,0.0,0.0,0,33.1,7599.0,9.6,261,13.0,0,5.2
SIMULATED TRAINING DATA — PROTOTYPE ONLY,43227,EMU Local,16,0.1,42.1,2.6,30.749999999999996,55.4,1.0,20,0,Critical,13.7,Restricted,0.69,1,0,0,0,0,0,0,0.56,5.6,2,0.0,38.7,84.6,0.0,0.0,0.0,0,57.7,7060.0,10.4,141,14.0,0,22.2
SIMULATED TRAINING DATA — PROTOTYPE ONLY,43213,EMU Local,2,5.5,55.8,2.1,2.05,9.2,1.0,9,0,Normal,1.3,Clear,0.21,0,0,1,0,20,1,30,0.73,2.5,5,6.1,32.1,88.6,0.0,0.0,0.0,2,56.2,7113.0,31.6,239,47.9,2,16.3
SIMULATED TRAINING DATA — PROTOTYPE ONLY,43215,EMU Local,10,0.6,48.9,1.1,18.45,33.8,1.0,10,4,Warning,6.4,Occupied,0.87,0,0,0,0,0,0,0,0.9,3.1,5,0.1,29.6,72.7,1.1,0.9,0.0,61,96.6,8025.0,30.7,192,40.0,1,10.5
SIMULATED TRAINING DATA — PROTOTYPE ONLY,43505,EMU Local,12,0.6,49.1,1.8,22.549999999999997,41.2,0.5,17,3,Normal,0.1,Clear,0.43,0,0,0,0,0,0,0,0.72,4.5,3,0.8,33.1,70.9,3.6,2.7,0.0,61,76.2,8511.0,31.1,104,48.4,2,8.0
SIMULATED TRAINING DATA — PROTOTYPE ONLY,43245,EMU Local,8,0.1,37.4,2.8,14.349999999999998,25.9,0.5,11,3,Normal,0.8,Clear,0.25,0,1,0,0,15,1,111,0.18,0.7,2,1.9,25.1,80.5,0.0,0.0,0.0,0,11.3,8435.0,11.9,335,15.5,0,11.9
SIMULATED TRAINING DATA — PROTOTYPE ONLY,43505,EMU Local,11,0.2,54.3,2.0,20.5,37.1,0.5,15,5,Normal,0.1,Clear,0.13,0,0,0,0,0,0,0,0.44,1.0,2,0.7,27.6,76.9,0.0,0.0,0.0,0,58.8,6153.0,28.6,21,34.6,1,3.9
SIMULATED TRAINING DATA — PROTOTYPE ONLY,43211,EMU Local,10,1.2,55.7,1.5,18.45,34.4,0.5,21,1,Critical,12.8,Restricted,0.62,1,0,0,1,0,1,59,0.61,0.3,1,1.1,25.9,58.3,2.1,1.2,0.0,61,85.4,7775.0,18.1,124,29.7,0,22.3
SIMULATED TRAINING DATA — PROTOTYPE ONLY,43247,EMU Local,13,0.3,53.9,2.8,24.599999999999998,44.6,0.5,17,1,Normal,0.1,Clear,0.16,0,0,0,0,0,0,0,0.77,1.9,4,0.0,30.0,91.8,15.1,13.2,3.8,63,95.6,7683.0,26.6,231,40.8,1,5.3
SIMULATED TRAINING DATA — PROTOTYPE ONLY,66015,EMU Local,17,1.8,37.3,1.1,32.8,60.8,1.0,4,5,Warning,4.2,Occupied,0.76,0,0,1,0,30,1,113,0.18,0.1,2,3.4,37.9,74.9,0.0,0.0,0.0,0,35.0,6015.0,11.7,352,18.6,0,7.3
SIMULATED TRAINING DATA — PROTOTYPE ONLY,43501,EMU Local,7,7.2,56.8,2.0,12.299999999999999,29.3,1.0,7,1,Normal,0.3,Clear,0.27,0,0,0,0,0,0,0,0.2,0.5,2,7.7,33.9,81.8,0.0,0.0,0.0,0,38.9,6995.0,35.3,239,53.2,2,6.5
SIMULATED TRAINING DATA — PROTOTYPE ONLY,43205,EMU Local,3,1.6,47.8,2.4,4.1,9.0,0.5,20,6,Normal,0.5,Clear,0.47,0,0,0,0,0,0,0,0.84,0.1,4,2.5,33.4,76.3,0.0,0.0,0.0,0,14.2,7968.0,24.6,81,38.6,1,4.0
SIMULATED TRAINING DATA — PROTOTYPE ONLY,43221,EMU Local,20,5.2,27.4,2.2,38.949999999999996,75.3,0.5,21,6,Normal,0.6,Clear,0.43,0,0,0,0,0,0,0,0.17,0.3,1,4.5,28.9,78.2,0.0,0.0,0.0,0,56.0,9495.0,30.0,151,38.5,1,1.3
SIMULATED TRAINING DATA — PROTOTYPE ONLY,43207,MEMU,13,0.4,36.3,1.4,24.599999999999998,44.7,1.0,22,4,Warning,2.1,Occupied,0.86,0,0,0,0,0,0,0,0.35,0.1,1,0.0,34.6,70.0,0.0,0.0,0.0,0,17.6,6728.0,19.4,303,23.7,0,1.4
SIMULATED TRAINING DATA — PROTOTYPE ONLY,43209,EMU Local,19,4.3,34.0,1.5,36.9,70.7,0.5,7,0,Normal,0.2,Clear,0.21,0,0,0,0,0,0,0,0.16,0.1,2,5.8,28.4,80.4,0.0,0.0,0.0,0,54.1,6270.0,33.1,39,53.6,2,3.2
SIMULATED TRAINING DATA — PROTOTYPE ONLY,43211,EMU Local,7,1.5,12.2,1.7,12.299999999999999,23.6,0.5,9,1,Normal,0.9,Clear,0.21,0,0,0,0,0,0,0,0.77,3.2,4,2.8,30.7,80.1,0.0,0.0,0.0,0,19.7,5469.0,17.7,174,27.5,0,4.5
SIMULATED TRAINING DATA — PROTOTYPE ONLY,43501,EMU Local,9,5.5,57.1,2.6,16.4,35.0,1.0,11,4,Warning,2.8,Occupied,0.87,0,0,0,0,0,0,0,0.15,2.0,2,4.2,34.5,82.2,1.9000000000000001,1.1,0.0,61,79.4,8033.0,14.7,350,22.3,0,3.1
SIMULATED TRAINING DATA — PROTOTYPE ONLY,43423,MEMU,19,0.6,75.0,2.2,36.9,67.0,0.5,18,6,Normal,0.3,Clear,0.27,0,0,0,1,0,1,66,0.64,1.9,1,1.6,31.2,55.6,21.099999999999998,19.7,4.0,65,85.9,1277.0,37.4,133,51.3,2,11.5
SIMULATED TRAINING DATA — PROTOTYPE ONLY,43251,Fast Local,13,9.1,60.1,1.9,24.599999999999998,53.4,1.5,23,2,Normal,2.2,Clear,0.3,0,0,1,0,15,1,88,0.19,0.1,1,10.7,35.2,57.4,0.0,0.0,0.0,0,17.9,5994.0,21.1,123,34.9,1,12.6
SIMULATED TRAINING DATA — PROTOTYPE ONLY,43227,EMU Local,8,1.1,44.4,2.3,14.349999999999998,26.9,1.0,4,0,Normal,0.2,Clear,0.12,0,1,0,0,20,1,80,0.05,0.1,1,0.6,30.7,73.5,1.3,0.3,0.0,0,95.4,8085.0,16.6,119,21.1,0,5.8
SIMULATED TRAINING DATA — PROTOTYPE ONLY,43221,EMU Local,18,1.7,34.3,1.6,34.849999999999994,64.4,1.5,8,5,Normal,0.4,Clear,0.49,0,0,0,0,0,0,0,0.59,0.6,1,1.6,36.9,67.2,0.0,0.0,0.0,0,10.1,9838.0,23.5,272,36.8,1,5.2
SIMULATED TRAINING DATA — PROTOTYPE ONLY,43435,Fast Local,2,12.0,28.1,2.5,2.05,15.7,0.5,19,2,Normal,0.6,Clear,0.12,0,0,0,0,0,0,0,0.36,0.1,2,14.3,33.2,86.8,0.0,0.0,0.0,2,50.0,8443.0,32.2,289,46.5,2,4.5
SIMULATED TRAINING DATA — PROTOTYPE ONLY,43423,EMU Local,18,3.5,44.3,2.4,34.849999999999994,66.2,0.5,9,3,Warning,2.6,Occupied,0.9,0,0,0,0,0,0,0,0.88,7.5,5,5.0,28.0,61.5,0.0,0.0,0.0,0,46.4,8001.0,22.0,356,37.1,1,11.2
SIMULATED TRAINING DATA — PROTOTYPE ONLY,43209,EMU Local,18,1.8,56.5,2.0,34.849999999999994,64.5,0.5,13,3,Normal,0.2,Clear,0.37,0,0,0,0,0,0,0,0.22,0.6,2,0.9,29.3,82.7,0.0,0.0,0.0,0,30.8,5313.0,22.2,83,31.9,1,4.6
SIMULATED TRAINING DATA — PROTOTYPE ONLY,43205,EMU Local,11,12.0,31.9,2.0,20.5,48.9,0.5,13,0,Normal,0.8,Clear,0.16,0,0,0,0,0,0,0,0.29,0.2,2,11.2,30.6,52.0,2.5,2.0,0.0,61,83.3,9930.0,22.3,323,29.1,0,0.0
SIMULATED TRAINING DATA — PROTOTYPE ONLY,43409,EMU Local,1,1.6,75.0,1.9,0.0,1.6,0.5,8,1,Warning,6.7,Occupied,0.71,0,0,0,0,0,0,0,0.86,4.1,3,1.3,35.3,53.8,0.0,0.0,0.0,0,44.9,7341.0,21.1,279,31.4,1,10.5
SIMULATED TRAINING DATA — PROTOTYPE ONLY,43205,Fast Local,14,0.4,21.2,2.7,26.65,48.4,1.0,11,0,Normal,0.3,Clear,0.16,0,0,0,0,0,0,0,0.43,0.3,2,0.7,38.8,71.7,0.0,0.0,0.0,0,58.6,7509.0,28.0,170,45.0,1,4.4
SIMULATED TRAINING DATA — PROTOTYPE ONLY,43211,Fast Local,16,23.0,45.4,2.2,30.749999999999996,78.4,2.0,4,1,Critical,8.4,Restricted,0.81,1,1,0,0,30,1,37,0.4,0.3,1,23.6,25.6,76.2,0.0,0.0,0.0,0,42.9,8982.0,32.5,149,50.0,2,24.7
SIMULATED TRAINING DATA — PROTOTYPE ONLY,43205,MEMU,11,1.2,43.1,2.0,20.5,38.1,1.5,8,5,Normal,0.6,Clear,0.2,0,0,0,0,0,0,0,0.73,2.4,3,0.0,30.0,79.7,0.0,0.0,0.0,0,41.4,7321.0,25.5,48,32.4,1,5.2
SIMULATED TRAINING DATA — PROTOTYPE ONLY,43217,EMU Local,1,7.6,42.1,1.5,0.0,7.6,0.5,4,3,Normal,0.7,Clear,0.21,0,0,0,0,0,0,0,0.05,0.1,2,6.9,36.4,83.7,0.0,0.0,0.0,0,15.2,7529.0,15.6,90,18.7,0,0.0
SIMULATED TRAINING DATA — PROTOTYPE ONLY,43217,Fast Local,7,0.7,33.5,2.5,12.299999999999999,22.8,1.0,10,6,Normal,1.0,Clear,0.3,0,0,0,0,0,0,0,0.6,4.7,2,0.0,31.3,75.8,0.0,0.0,0.0,0,54.6,9112.0,31.6,115,38.8,1,7.6
SIMULATED TRAINING DATA — PROTOTYPE ONLY,43237,EMU Local,16,5.3,43.2,2.4,30.749999999999996,60.6,0.5,18,6,Normal,0.2,Clear,0.28,0,0,0,0,0,0,0,0.76,2.4,5,6.2,30.9,71.0,0.0,0.0,0.0,0,41.2,6067.0,8.4,311,12.1,0,3.0
SIMULATED TRAINING DATA — PROTOTYPE ONLY,43211,EMU Local,14,3.0,35.3,1.8,26.65,51.0,0.5,17,0,Normal,0.6,Clear,0.29,0,0,0,0,0,0,0,0.62,0.4,1,3.1,33.8,62.5,5.1,1.9,0.0,61,97.7,5970.0,17.6,28,21.9,0,3.1
SIMULATED TRAINING DATA — PROTOTYPE ONLY,43237,Fast Local,15,15.8,61.3,1.8,28.699999999999996,67.5,1.5,12,0,Normal,0.7,Clear,0.35,0,0,0,1,0,1,94,0.13,0.3,1,15.5,26.1,50.8,0.0,0.0,0.0,0,10.5,6525.0,32.2,266,38.8,1,7.4
SIMULATED TRAINING DATA — PROTOTYPE ONLY,43435,EMU Local,14,3.2,66.3,2.0,26.65,51.2,0.5,11,5,Normal,0.2,Clear,0.19,0,0,0,0,0,0,0,0.14,0.6,1,2.7,33.9,80.2,0.0,0.0,0.0,0,35.1,7714.0,28.7,350,41.4,1,1.0
SIMULATED TRAINING DATA — PROTOTYPE ONLY,43409,EMU Local,21,0.1,36.2,1.4,41.0,73.9,1.0,11,6,Normal,1.7,Clear,0.15,0,0,0,0,0,0,0,0.31,1.0,2,0.0,32.7,61.4,0.0,0.0,0.0,0,39.2,8148.0,37.0,321,47.1,2,9.1
SIMULATED TRAINING DATA — PROTOTYPE ONLY,43409,EMU Local,11,3.7,17.3,2.1,20.5,40.6,1.5,6,1,Normal,1.0,Clear,0.45,0,1,0,0,15,1,114,0.51,0.7,2,4.2,32.3,73.7,5.7,3.7,0.0,61,78.8,9020.0,17.6,319,23.2,1,11.9
SIMULATED TRAINING DATA — PROTOTYPE ONLY,43503,Fast Local,16,0.6,46.8,1.1,30.749999999999996,56.0,0.5,23,3,Normal,0.2,Clear,0.35,0,1,0,0,30,1,78,0.16,0.3,1,0.0,35.8,82.4,0.0,0.0,0.0,0,18.5,6763.0,26.0,335,34.4,1,6.1
SIMULATED TRAINING DATA — PROTOTYPE ONLY,43211,EMU Local,19,6.4,46.2,1.3,36.9,72.8,2.0,7,3,Normal,0.6,Clear,0.12,0,1,0,0,15,1,20,0.05,0.2,2,5.5,31.2,98.0,0.0,0.0,0.0,2,14.8,6060.0,31.2,315,40.2,1,7.7
SIMULATED TRAINING DATA — PROTOTYPE ONLY,43239,EMU Local,17,7.8,43.6,1.8,32.8,66.8,0.5,20,1,Normal,0.6,Clear,0.48,0,0,0,0,0,0,0,0.9,2.3,3,6.6,31.7,71.1,0.0,0.0,0.0,0,38.6,7064.0,21.8,332,33.8,1,6.8
SIMULATED TRAINING DATA — PROTOTYPE ONLY,43245,EMU Local,6,2.6,50.0,1.7,10.25,21.0,1.5,9,5,Normal,0.3,Clear,0.38,0,0,0,0,0,0,0,0.56,0.2,1,0.0,32.2,58.7,0.0,0.0,0.0,0,52.1,5867.0,14.8,189,25.0,0,3.7
SIMULATED TRAINING DATA — PROTOTYPE ONLY,43221,MEMU,11,6.1,62.7,2.4,20.5,43.0,0.5,5,1,Normal,1.0,Clear,0.16,0,0,1,0,20,1,37,0.22,0.6,1,8.2,23.3,73.8,0.0,0.0,0.0,0,42.0,6353.0,8.9,221,10.8,0,8.9
SIMULATED TRAINING DATA — PROTOTYPE ONLY,66069,MEMU,17,0.6,54.5,2.3,32.8,59.6,0.5,12,5,Normal,0.6,Clear,0.49,0,1,1,0,30,1,52,0.55,1.2,1,1.4,35.7,50.2,0.0,0.0,0.0,0,48.3,5338.0,12.3,81,15.8,0,3.8
SIMULATED TRAINING DATA — PROTOTYPE ONLY,43213,EMU Local,9,2.7,50.0,2.9,16.4,32.2,0.5,17,1,Normal,0.5,Clear,0.25,0,0,0,0,0,0,0,0.43,2.5,2,1.7,33.9,70.0,0.0,0.0,0.0,0,28.0,5370.0,6.8,132,9.8,0,4.6
SIMULATED TRAINING DATA — PROTOTYPE ONLY,43201,EMU Local,18,2.0,53.3,2.2,34.849999999999994,64.7,1.0,4,3,Normal,0.1,Clear,0.49,0,0,0,0,0,0,0,0.35,0.1,2,2.3,33.7,72.3,0.0,0.0,0.0,0,20.0,6047.0,13.8,36,21.8,0,1.7
SIMULATED TRAINING DATA — PROTOTYPE ONLY,66015,EMU Local,17,3.8,45.8,2.2,32.8,62.8,1.5,20,3,Normal,0.3,Clear,0.14,0,0,0,0,0,0,0,0.67,0.0,1,2.4,32.9,73.9,4.7,4.5,0.0,61,96.0,6662.0,8.9,258,11.1,1,5.8
SIMULATED TRAINING DATA — PROTOTYPE ONLY,43249,Fast Local,12,0.2,27.8,1.4,22.549999999999997,40.8,1.0,14,0,Warning,6.6,Occupied,0.8,0,0,0,0,0,0,0,0.45,2.7,2,0.8,36.9,86.5,0.0,0.0,0.0,2,20.4,9718.0,6.1,192,9.8,0,8.1
SIMULATED TRAINING DATA — PROTOTYPE ONLY,43205,EMU Local,5,5.6,63.8,1.4,8.2,20.4,1.5,9,6,Normal,0.7,Clear,0.36,0,1,0,0,20,1,119,0.94,0.8,3,8.5,32.4,80.6,0.0,0.0,0.0,0,55.6,7428.0,17.3,98,25.7,0,8.3
SIMULATED TRAINING DATA — PROTOTYPE ONLY,43221,Fast Local,11,0.3,43.5,2.1,20.5,37.2,1.0,4,6,Normal,0.5,Clear,0.11,0,1,0,0,20,1,21,0.16,0.0,1,1.4,30.6,63.7,0.0,0.0,0.0,0,56.4,5631.0,20.8,135,31.1,1,7.6
SIMULATED TRAINING DATA — PROTOTYPE ONLY,43425,EMU Local,4,4.3,27.8,2.1,6.1499999999999995,15.4,0.5,22,5,Normal,0.0,Clear,0.11,0,1,0,0,30,1,104,0.28,0.2,1,1.9,24.6,88.2,0.0,0.0,0.0,2,38.9,5929.0,24.4,291,29.4,0,3.6
SIMULATED TRAINING DATA — PROTOTYPE ONLY,43245,MEMU,4,0.1,25.1,2.3,6.1499999999999995,11.2,1.0,19,3,Critical,15.4,Restricted,0.97,1,0,1,0,15,1,90,0.82,6.2,3,0.0,26.4,87.3,0.0,0.0,0.0,2,42.1,6295.0,32.1,266,39.6,1,32.7
SIMULATED TRAINING DATA — PROTOTYPE ONLY,43501,MEMU,3,7.1,28.2,2.9,4.1,14.5,0.5,21,5,Warning,5.2,Occupied,0.68,0,0,0,0,0,0,0,0.46,0.3,1,5.3,30.3,61.9,9.7,7.3,3.7,63,89.6,9525.0,6.9,137,11.6,1,9.0
SIMULATED TRAINING DATA — PROTOTYPE ONLY,43511,EMU Local,17,0.8,23.5,1.4,32.8,59.8,0.5,14,5,Normal,0.7,Clear,0.47,0,0,0,0,0,0,0,0.09,0.1,2,0.3,31.9,52.3,0.0,0.0,0.0,0,25.8,6821.0,8.5,272,13.4,0,0.8
SIMULATED TRAINING DATA — PROTOTYPE ONLY,43203,Fast Local,7,2.9,52.0,3.1,12.299999999999999,25.0,0.5,12,2,Normal,0.7,Clear,0.27,0,0,0,0,0,0,0,0.31,1.0,2,2.8,29.1,45.5,0.0,0.0,0.0,0,23.3,9673.0,18.3,291,29.2,0,3.4
SIMULATED TRAINING DATA — PROTOTYPE ONLY,43503,EMU Local,4,1.2,39.4,1.2,6.1499999999999995,12.3,0.5,9,2,Warning,4.2,Occupied,0.76,0,0,0,1,0,1,79,0.8,0.6,5,2.9,30.6,79.4,0.0,0.0,0.0,0,54.8,5414.0,25.0,296,31.9,1,12.5
SIMULATED TRAINING DATA — PROTOTYPE ONLY,43205,EMU Local,13,5.1,53.6,2.3,24.599999999999998,49.4,1.0,5,1,Normal,0.1,Clear,0.27,0,0,0,0,0,0,0,0.14,0.5,2,3.5,27.9,84.2,0.0,0.0,0.0,0,19.4,9315.0,12.0,29,14.5,0,0.3
SIMULATED TRAINING DATA — PROTOTYPE ONLY,43223,EMU Local,12,1.6,59.5,1.4,22.549999999999997,42.2,0.5,11,6,Normal,0.2,Clear,0.31,0,0,0,0,0,0,0,0.22,0.9,1,1.6,35.3,67.1,9.5,9.5,2.9,63,95.4,7280.0,11.9,253,18.1,1,4.0
SIMULATED TRAINING DATA — PROTOTYPE ONLY,43239,MEMU,1,5.2,55.7,2.5,0.0,5.2,1.0,19,5,Normal,0.1,Clear,0.23,0,0,0,0,0,0,0,0.89,0.8,3,2.0,30.4,71.7,0.0,0.0,0.0,0,49.9,9472.0,6.1,76,9.6,0,2.8
SIMULATED TRAINING DATA — PROTOTYPE ONLY,43205,EMU Local,21,1.3,51.5,1.2,41.0,75.1,1.5,11,1,Normal,0.8,Clear,0.36,0,0,0,0,0,0,0,0.07,0.0,2,0.1,36.2,78.6,5.9,5.7,2.5,63,73.1,8721.0,24.2,73,40.2,1,4.3
SIMULATED TRAINING DATA — PROTOTYPE ONLY,43501,EMU Local,19,5.6,46.3,1.0,36.9,72.0,0.5,11,1,Normal,0.1,Clear,0.23,0,1,0,0,30,1,67,0.39,0.7,2,4.0,30.5,75.7,0.0,0.0,0.0,0,23.2,6308.0,23.6,359,30.6,1,7.5
SIMULATED TRAINING DATA — PROTOTYPE ONLY,43217,EMU Local,21,0.1,39.1,2.2,41.0,73.9,1.0,17,0,Normal,0.3,Clear,0.19,0,0,1,0,20,1,23,0.71,3.0,5,0.0,32.9,76.5,0.0,0.0,0.0,0,52.5,6947.0,21.9,258,33.9,1,12.4
SIMULATED TRAINING DATA — PROTOTYPE ONLY,43219,EMU Local,20,1.3,40.1,2.0,38.949999999999996,71.4,1.0,4,2,Warning,5.1,Occupied,0.87,0,0,1,0,20,1,15,0.37,2.2,2,2.2,33.4,97.4,0.0,0.0,0.0,2,28.0,8562.0,35.9,95,45.0,1,14.8
SIMULATED TRAINING DATA — PROTOTYPE ONLY,43213,EMU Local,18,2.8,50.8,2.8,34.849999999999994,65.5,0.5,10,2,Normal,1.7,Clear,0.12,0,0,0,0,0,0,0,0.89,0.1,5,2.0,32.1,70.1,14.0,11.6,3.4,63,98.1,6165.0,20.9,355,32.1,1,6.4
SIMULATED TRAINING DATA — PROTOTYPE ONLY,43211,EMU Local,11,0.2,27.6,2.1,20.5,37.1,1.0,5,3,Warning,2.7,Occupied,0.7,0,0,0,0,0,0,0,0.2,0.5,2,0.4,27.1,74.2,5.800000000000001,4.2,0.0,61,72.1,8404.0,31.5,274,48.2,2,6.9
SIMULATED TRAINING DATA — PROTOTYPE ONLY,43505,MEMU,20,0.8,41.2,1.7,38.949999999999996,70.9,0.5,18,2,Normal,1.5,Clear,0.39,0,0,0,0,0,0,0,0.55,0.6,1,0.0,30.1,65.2,0.0,0.0,0.0,0,57.9,7841.0,17.3,223,24.2,0,3.1
SIMULATED TRAINING DATA — PROTOTYPE ONLY,43221,EMU Local,3,10.9,30.9,1.8,4.1,18.3,0.5,21,3,Critical,18.1,Restricted,0.92,1,0,0,0,0,0,0,0.34,0.6,1,12.3,23.2,85.2,0.0,0.0,0.0,2,37.0,6701.0,30.2,131,45.4,2,25.3
SIMULATED TRAINING DATA — PROTOTYPE ONLY,43223,EMU Local,17,15.1,59.6,4.0,32.8,74.1,0.5,7,5,Warning,4.6,Occupied,0.81,0,0,0,0,0,0,0,0.32,0.8,2,14.0,38.1,90.3,8.200000000000001,7.9,3.7,63,70.4,8446.0,32.1,324,48.4,2,9.7
SIMULATED TRAINING DATA — PROTOTYPE ONLY,66069,EMU Local,12,5.4,52.8,1.6,22.549999999999997,46.0,1.0,21,0,Normal,0.7,Clear,0.46,0,1,0,0,20,1,45,0.34,1.6,1,6.7,18.1,74.8,0.0,0.0,0.0,0,55.1,9638.0,6.4,240,8.4,0,7.5
SIMULATED TRAINING DATA — PROTOTYPE ONLY,43237,EMU Local,10,1.2,74.1,2.4,18.45,34.4,0.5,8,1,Normal,1.0,Clear,0.36,0,0,0,0,0,0,0,0.76,0.1,4,2.5,34.9,76.7,0.0,0.0,0.0,0,21.5,9529.0,9.0,300,13.7,0,2.9
SIMULATED TRAINING DATA — PROTOTYPE ONLY,43239,MEMU,8,1.2,30.6,2.3,14.349999999999998,27.0,0.5,19,1,Normal,1.5,Clear,0.47,0,0,0,0,0,0,0,0.84,0.5,5,1.5,31.9,88.6,0.0,0.0,0.0,2,34.0,7683.0,34.2,223,51.8,2,11.0
SIMULATED TRAINING DATA — PROTOTYPE ONLY,43209,Fast Local,15,4.2,32.2,2.4,28.699999999999996,55.9,0.5,16,5,Normal,0.3,Clear,0.46,0,1,0,1,20,1,106,0.15,0.5,1,4.6,24.6,67.3,0.0,0.0,0.0,0,53.9,8628.0,20.9,263,29.4,0,6.7
SIMULATED TRAINING DATA — PROTOTYPE ONLY,43247,EMU Local,5,0.5,42.9,2.4,8.2,15.3,1.0,12,3,Normal,0.3,Clear,0.13,0,1,0,0,20,1,112,0.29,0.6,2,0.0,32.5,75.8,0.0,0.0,0.0,0,51.5,6963.0,29.7,66,39.7,1,10.3
SIMULATED TRAINING DATA — PROTOTYPE ONLY,43201,MEMU,4,11.8,31.1,1.9,6.1499999999999995,22.9,1.5,8,4,Warning,5.5,Occupied,0.79,0,0,0,0,0,0,0,0.72,0.6,4,9.9,27.1,52.7,0.0,0.0,0.0,0,13.0,6169.0,25.3,314,39.3,1,10.4
SIMULATED TRAINING DATA — PROTOTYPE ONLY,43423,Fast Local,21,1.0,50.1,1.0,41.0,74.8,1.0,11,5,Normal,0.5,Clear,0.12,0,0,0,0,0,0,0,0.17,0.0,1,1.2,33.2,73.6,2.3,0.7,0.0,61,95.0,8265.0,24.4,307,34.1,1,4.4
SIMULATED TRAINING DATA — PROTOTYPE ONLY,66069,MEMU,20,31.7,41.2,2.2,38.949999999999996,101.8,0.5,21,3,Normal,0.7,Clear,0.47,0,0,0,0,0,0,0,0.46,4.0,2,32.0,31.3,69.5,0.0,0.0,0.0,0,53.2,6401.0,8.9,351,13.7,0,2.8
SIMULATED TRAINING DATA — PROTOTYPE ONLY,43245,EMU Local,19,2.7,34.7,2.1,36.9,69.1,0.5,6,5,Normal,1.0,Clear,0.32,0,0,0,0,0,0,0,0.19,0.3,2,2.2,32.4,86.4,26.2,25.5,3.7,65,74.6,2657.0,5.8,163,8.7,2,5.4
SIMULATED TRAINING DATA — PROTOTYPE ONLY,43423,Fast Local,21,5.9,58.3,2.2,41.0,79.7,1.5,9,0,Normal,0.3,Clear,0.31,0,1,0,0,15,1,119,0.68,1.3,1,4.9,30.0,70.0,0.0,0.0,0.0,0,27.6,8658.0,24.9,229,32.4,1,14.5
SIMULATED TRAINING DATA — PROTOTYPE ONLY,43403,EMU Local,4,0.0,14.3,2.4,6.1499999999999995,11.1,0.5,14,5,Normal,0.2,Clear,0.39,0,0,0,0,0,0,0,0.21,0.0,2,0.0,36.8,68.2,0.0,0.0,0.0,0,43.9,9398.0,37.4,57,62.3,2,5.0
SIMULATED TRAINING DATA — PROTOTYPE ONLY,43249,EMU Local,15,8.8,50.1,1.9,28.699999999999996,60.5,0.5,17,5,Critical,12.6,Restricted,0.72,1,0,0,1,0,1,56,0.77,3.6,3,7.0,27.4,91.3,0.0,0.0,0.0,2,43.1,7566.0,25.8,224,38.0,1,26.2
SIMULATED TRAINING DATA — PROTOTYPE ONLY,43237,EMU Local,17,1.3,33.7,1.7,32.8,60.3,0.5,22,2,Normal,0.1,Clear,0.35,0,0,0,0,0,0,0,0.19,3.2,2,2.4,28.8,69.6,6.699999999999999,5.6,1.5,63,85.4,5223.0,29.3,244,37.2,1,3.8
SIMULATED TRAINING DATA — PROTOTYPE ONLY,43409,EMU Local,12,4.4,54.3,2.6,22.549999999999997,45.0,1.0,10,3,Critical,19.1,Restricted,0.83,1,0,0,0,0,0,0,0.67,9.0,1,3.6,30.8,79.7,8.1,8.0,3.6,63,92.2,8568.0,6.9,87,9.8,1,29.2
SIMULATED TRAINING DATA — PROTOTYPE ONLY,43209,EMU Local,3,6.6,57.8,1.9,4.1,14.0,0.5,13,0,Warning,5.8,Occupied,0.64,0,0,0,0,0,0,0,0.33,0.4,2,5.5,31.1,89.1,0.0,0.0,0.0,2,40.0,8773.0,34.9,244,46.7,2,11.4
SIMULATED TRAINING DATA — PROTOTYPE ONLY,66069,EMU Local,10,0.7,7.9,1.8,18.45,33.9,0.5,18,6,Warning,5.7,Occupied,0.83,0,0,0,0,0,0,0,0.59,6.7,1,1.5,27.0,65.0,0.0,0.0,0.0,0,34.0,9688.0,26.2,275,32.3,1,10.9
SIMULATED TRAINING DATA — PROTOTYPE ONLY,43511,EMU Local,15,2.3,38.8,1.8,28.699999999999996,54.0,1.0,9,1,Normal,0.3,Clear,0.15,0,0,0,0,0,0,0,0.51,0.9,2,1.7,23.5,82.4,0.0,0.0,0.0,0,50.3,7748.0,29.1,294,40.6,1,4.2
SIMULATED TRAINING DATA — PROTOTYPE ONLY,43211,MEMU,10,2.7,42.9,2.5,18.45,35.9,1.0,23,4,Normal,0.2,Clear,0.39,0,1,0,0,15,1,70,0.12,0.2,2,2.0,32.9,63.1,0.0,0.0,0.0,0,17.7,7896.0,33.7,129,57.1,2,16.0
SIMULATED TRAINING DATA — PROTOTYPE ONLY,43503,Fast Local,18,1.5,6.6,2.0,34.849999999999994,64.2,1.0,9,4,Normal,0.1,Clear,0.31,0,0,1,0,15,1,38,0.82,5.1,4,2.9,32.8,79.8,0.0,0.0,0.0,0,45.2,8571.0,26.9,302,45.2,2,18.7
SIMULATED TRAINING DATA — PROTOTYPE ONLY,43221,EMU Local,1,2.6,45.4,3.4,0.0,2.6,0.5,19,3,Normal,0.4,Clear,0.25,0,0,0,1,0,1,81,0.5,2.7,2,1.2,38.3,82.4,0.0,0.0,0.0,0,48.2,7529.0,9.4,64,13.0,0,5.7
SIMULATED TRAINING DATA — PROTOTYPE ONLY,43511,Fast Local,3,1.5,34.1,2.1,4.1,8.9,1.0,12,5,Critical,9.5,Restricted,0.95,1,0,0,0,0,0,0,0.15,0.3,1,0.2,36.5,65.4,0.0,0.0,0.0,0,59.4,6032.0,23.8,70,30.8,1,15.4
SIMULATED TRAINING DATA — PROTOTYPE ONLY,43251,Fast Local,21,1.8,23.9,1.4,41.0,75.6,0.5,22,2,Normal,0.3,Clear,0.41,0,1,0,0,30,1,77,0.08,0.2,1,0.0,31.8,44.8,3.8000000000000003,2.7,0.0,61,97.2,9068.0,10.8,269,14.0,0,4.8
SIMULATED TRAINING DATA — PROTOTYPE ONLY,43247,MEMU,12,4.4,32.2,1.8,22.549999999999997,45.0,1.0,21,5,Normal,0.1,Clear,0.48,0,1,0,0,30,1,83,0.05,0.6,1,4.4,28.8,59.3,0.0,0.0,0.0,0,22.9,8172.0,31.9,187,53.6,2,8.7
SIMULATED TRAINING DATA — PROTOTYPE ONLY,43407,EMU Local,1,4.0,29.7,2.5,0.0,4.0,1.0,8,3,Normal,0.7,Clear,0.21,0,1,0,0,30,1,73,0.78,1.4,3,3.3,36.0,73.9,4.2,3.8,0.0,61,82.6,6414.0,17.1,311,23.1,1,10.2
SIMULATED TRAINING DATA — PROTOTYPE ONLY,43221,EMU Local,3,1.1,33.4,1.7,4.1,8.5,0.5,19,4,Normal,0.2,Clear,0.48,0,0,0,0,0,0,0,0.47,3.3,1,3.3,28.1,59.2,0.0,0.0,0.0,0,49.8,9839.0,8.4,185,11.5,0,2.9
SIMULATED TRAINING DATA — PROTOTYPE ONLY,43215,Fast Local,3,9.1,44.8,2.1,4.1,16.5,0.5,10,4,Normal,0.2,Clear,0.48,0,0,0,0,0,0,0,0.43,2.1,1,8.4,35.1,67.1,15.1,13.9,1.8,63,94.7,9146.0,20.5,65,30.0,1,3.9
SIMULATED TRAINING DATA — PROTOTYPE ONLY,66069,EMU Local,5,7.9,56.7,2.7,8.2,22.7,0.5,22,5,Normal,0.1,Clear,0.43,0,0,0,0,0,0,0,0.42,0.2,2,8.7,25.8,78.1,0.0,0.0,0.0,0,47.9,6739.0,21.1,225,27.5,0,1.2
SIMULATED TRAINING DATA — PROTOTYPE ONLY,43505,EMU Local,19,2.8,40.8,2.8,36.9,69.2,0.5,8,5,Warning,5.6,Occupied,0.87,0,0,1,0,20,1,109,0.96,0.6,4,1.8,39.4,68.6,0.0,0.0,0.0,0,44.5,5077.0,36.1,303,58.1,2,19.3
SIMULATED TRAINING DATA — PROTOTYPE ONLY,43435,EMU Local,1,2.3,58.5,1.8,0.0,2.3,0.5,23,5,Normal,0.3,Clear,0.38,0,0,0,1,0,1,90,0.38,0.1,1,3.3,27.2,73.0,0.0,0.0,0.0,0,22.0,9794.0,7.9,9,12.3,0,3.8
SIMULATED TRAINING DATA — PROTOTYPE ONLY,43511,EMU Local,4,1.9,26.3,1.9,6.1499999999999995,13.0,1.0,14,1,Normal,0.4,Clear,0.12,0,0,0,0,0,0,0,0.17,0.0,2,3.6,27.5,64.0,7.4,2.2,0.0,61,95.8,5527.0,13.1,77,20.8,0,0.5
SIMULATED TRAINING DATA — PROTOTYPE ONLY,43207,EMU Local,4,4.9,44.3,2.2,6.1499999999999995,16.0,0.5,21,2,Normal,1.7,Clear,0.33,0,0,0,0,0,0,0,0.43,1.4,1,4.3,23.9,94.6,0.0,0.0,0.0,2,36.3,6649.0,32.0,249,46.2,2,9.2
SIMULATED TRAINING DATA — PROTOTYPE ONLY,66069,EMU Local,17,4.5,73.6,2.9,32.8,63.5,1.5,10,2,Normal,1.2,Clear,0.4,0,0,0,0,0,0,0,0.85,0.2,3,4.3,29.9,63.3,0.0,0.0,0.0,0,23.3,5921.0,13.7,271,18.6,0,3.7
SIMULATED TRAINING DATA — PROTOTYPE ONLY,43223,EMU Local,14,0.9,18.1,1.4,26.65,48.9,0.5,21,6,Normal,0.5,Clear,0.48,0,0,0,0,0,0,0,0.46,0.2,1,0.6,33.2,71.4,1.5,1.2,0.0,61,99.6,9476.0,35.6,284,50.3,2,6.8
SIMULATED TRAINING DATA — PROTOTYPE ONLY,43501,MEMU,18,4.5,17.6,2.3,34.849999999999994,67.2,0.5,6,6,Critical,20.3,Restricted,0.99,1,0,1,0,15,1,21,0.3,0.3,1,4.8,29.1,78.5,0.0,0.0,0.0,0,19.7,6674.0,16.5,191,20.8,0,33.6
SIMULATED TRAINING DATA — PROTOTYPE ONLY,43511,Fast Local,1,1.2,61.2,2.1,0.0,1.2,0.5,8,4,Normal,0.5,Clear,0.42,0,0,0,0,0,0,0,0.54,1.5,1,2.4,27.9,59.5,0.0,0.0,0.0,0,17.9,6370.0,32.5,338,49.4,2,9.2
SIMULATED TRAINING DATA — PROTOTYPE ONLY,43207,EMU Local,16,0.1,45.3,1.6,30.749999999999996,55.4,1.0,16,4,Normal,0.0,Clear,0.38,0,0,0,0,0,0,0,0.55,0.5,1,0.0,25.7,72.2,0.0,0.0,0.0,0,57.0,7265.0,26.7,341,42.7,1,2.0
SIMULATED TRAINING DATA — PROTOTYPE ONLY,43245,Fast Local,3,4.8,33.0,2.8,4.1,12.2,1.0,19,3,Critical,21.7,Restricted,0.94,1,0,0,0,0,0,0,0.7,1.2,1,6.1,32.6,69.5,0.0,0.0,0.0,0,38.7,9974.0,13.8,241,20.2,0,25.5
SIMULATED TRAINING DATA — PROTOTYPE ONLY,43251,EMU Local,21,4.1,25.1,2.7,41.0,77.9,1.5,15,3,Warning,5.0,Occupied,0.66,0,1,1,0,30,1,112,0.4,0.6,1,4.3,34.3,81.3,0.0,0.0,0.0,0,50.6,7608.0,21.9,215,30.9,1,11.5
SIMULATED TRAINING DATA — PROTOTYPE ONLY,43503,EMU Local,9,2.1,41.5,3.0,16.4,31.6,0.5,10,6,Normal,0.9,Clear,0.4,0,0,0,0,0,0,0,0.55,1.0,2,4.0,32.2,72.5,0.0,0.0,0.0,0,26.9,5150.0,17.5,187,28.3,0,2.9
SIMULATED TRAINING DATA — PROTOTYPE ONLY,43205,MEMU,4,3.0,44.0,2.8,6.1499999999999995,14.1,0.5,16,1,Normal,1.4,Clear,0.19,0,0,0,0,0,0,0,0.35,3.2,1,3.4,34.3,65.0,0.0,0.0,0.0,0,26.9,8141.0,35.1,144,43.3,1,6.2
SIMULATED TRAINING DATA — PROTOTYPE ONLY,43409,MEMU,21,11.8,44.1,2.1,41.0,85.6,1.0,4,4,Warning,2.5,Occupied,0.78,0,0,0,0,0,0,0,0.31,3.8,1,10.1,26.6,75.6,0.0,0.0,0.0,0,35.0,7742.0,36.2,241,46.5,2,11.0
SIMULATED TRAINING DATA — PROTOTYPE ONLY,43227,Fast Local,5,3.6,24.9,2.5,8.2,18.4,1.0,18,3,Normal,0.3,Clear,0.36,0,0,0,0,0,0,0,0.85,0.2,3,4.5,29.0,85.5,3.2,3.1,0.0,61,72.4,5388.0,37.9,136,54.5,2,9.6
SIMULATED TRAINING DATA — PROTOTYPE ONLY,43409,EMU Local,11,4.3,36.9,2.3,20.5,41.2,1.5,15,1,Normal,0.4,Clear,0.42,0,0,0,0,0,0,0,0.13,0.1,1,4.3,30.7,68.4,0.0,0.0,0.0,0,57.5,9239.0,34.0,191,47.8,2,4.9
SIMULATED TRAINING DATA — PROTOTYPE ONLY,43201,Fast Local,21,0.3,33.5,1.6,41.0,74.1,0.5,20,2,Normal,0.1,Clear,0.33,0,0,0,0,0,0,0,0.72,0.1,3,0.0,36.6,72.7,0.0,0.0,0.0,0,12.4,5440.0,35.5,252,58.4,2,7.2
SIMULATED TRAINING DATA — PROTOTYPE ONLY,43501,EMU Local,9,0.7,51.7,1.3,16.4,30.2,1.0,23,4,Normal,1.3,Clear,0.45,0,0,0,1,0,1,116,0.47,0.8,1,1.3,36.6,71.0,0.0,0.0,0.0,0,33.4,5307.0,26.0,349,33.2,1,7.1
SIMULATED TRAINING DATA — PROTOTYPE ONLY,43511,MEMU,3,1.4,25.8,2.3,4.1,8.8,0.5,8,0,Normal,0.3,Clear,0.18,0,0,0,0,0,0,0,0.65,4.3,2,0.5,34.7,76.8,0.0,0.0,0.0,0,53.8,8707.0,20.9,52,32.4,1,4.4
SIMULATED TRAINING DATA — PROTOTYPE ONLY,43511,MEMU,6,3.1,43.1,2.2,10.25,21.6,0.5,20,4,Normal,0.1,Clear,0.2,0,0,0,0,0,0,0,0.86,4.8,5,2.9,34.6,62.9,0.0,0.0,0.0,0,37.4,7395.0,25.2,313,38.3,1,6.5
SIMULATED TRAINING DATA — PROTOTYPE ONLY,43425,EMU Local,11,6.0,75.0,1.9,20.5,42.9,0.5,18,3,Normal,0.7,Clear,0.35,0,0,0,0,0,0,0,0.69,1.1,2,5.4,28.3,94.4,0.0,0.0,0.0,2,32.5,5274.0,32.9,115,41.9,1,3.0
SIMULATED TRAINING DATA — PROTOTYPE ONLY,43209,EMU Local,9,1.5,24.8,2.0,16.4,31.0,1.0,23,4,Warning,3.6,Occupied,0.91,0,0,0,0,0,0,0,0.16,0.8,1,2.3,31.9,88.4,1.4,1.0,0.0,61,87.5,7695.0,29.8,248,46.7,2,9.8
SIMULATED TRAINING DATA — PROTOTYPE ONLY,43505,Fast Local,15,1.8,30.8,3.2,28.699999999999996,53.5,1.0,22,6,Normal,0.1,Clear,0.32,0,0,0,0,0,0,0,0.13,1.8,1,1.4,24.8,67.9,0.0,0.0,0.0,0,32.2,6967.0,7.7,301,12.1,0,0.7
SIMULATED TRAINING DATA — PROTOTYPE ONLY,43247,EMU Local,3,1.2,40.6,1.0,4.1,8.6,0.5,4,0,Normal,0.4,Clear,0.1,0,1,0,0,15,1,104,0.26,0.2,2,1.4,34.6,97.4,0.0,0.0,0.0,2,47.0,8687.0,23.1,25,34.0,1,9.4
SIMULATED TRAINING DATA — PROTOTYPE ONLY,66069,EMU Local,1,1.2,0.0,2.5,0.0,1.2,0.5,7,6,Normal,0.6,Clear,0.37,0,0,0,0,0,0,0,0.31,3.6,2,1.4,30.5,42.8,0.0,0.0,0.0,0,43.9,5224.0,18.2,334,23.0,0,3.2
SIMULATED TRAINING DATA — PROTOTYPE ONLY,66069,MEMU,20,11.9,20.6,2.6,38.949999999999996,82.0,0.5,6,4,Normal,0.4,Clear,0.43,0,0,0,0,0,0,0,0.19,1.0,2,12.5,39.7,82.4,0.0,0.0,0.0,0,31.9,6764.0,14.1,295,19.7,0,1.5
SIMULATED TRAINING DATA — PROTOTYPE ONLY,43217,EMU Local,19,4.0,46.7,2.7,36.9,70.4,0.5,11,6,Normal,0.5,Clear,0.21,0,0,1,0,15,1,21,0.39,0.2,1,3.4,32.5,98.0,0.0,0.0,0.0,2,48.4,7443.0,16.9,334,24.7,0,10.7
SIMULATED TRAINING DATA — PROTOTYPE ONLY,43425,MEMU,14,0.7,39.4,1.3,26.65,48.7,0.5,12,3,Warning,2.3,Occupied,0.84,0,0,0,0,0,0,0,0.35,1.9,1,2.1,28.5,69.1,0.0,0.0,0.0,0,39.7,7763.0,16.4,171,24.3,0,4.0
SIMULATED TRAINING DATA — PROTOTYPE ONLY,43207,EMU Local,17,5.1,57.8,1.9,32.8,64.1,0.5,15,2,Normal,0.3,Clear,0.31,0,0,0,0,0,0,0,0.22,0.1,2,6.3,30.4,82.7,0.0,0.0,0.0,0,23.7,8528.0,10.8,240,16.1,0,1.0
SIMULATED TRAINING DATA — PROTOTYPE ONLY,43409,EMU Local,14,5.1,38.4,1.9,26.65,53.1,1.0,8,3,Normal,0.2,Clear,0.12,0,0,0,0,0,0,0,0.63,0.1,2,7.4,29.0,82.7,0.0,0.0,0.0,0,16.9,6859.0,21.9,9,34.0,1,5.1
SIMULATED TRAINING DATA — PROTOTYPE ONLY,43207,MEMU,17,4.4,37.1,2.3,32.8,63.4,0.5,12,1,Warning,3.7,Occupied,0.67,0,0,0,1,0,1,30,0.35,1.8,1,3.3,29.2,69.4,0.0,0.0,0.0,0,43.4,6087.0,37.3,325,62.2,2,12.6
SIMULATED TRAINING DATA — PROTOTYPE ONLY,43217,EMU Local,14,0.6,31.5,1.4,26.65,48.6,0.5,4,6,Warning,4.6,Occupied,0.71,0,0,0,0,0,0,0,0.18,1.4,2,0.8,31.4,78.8,10.0,9.5,2.7,63,83.4,7087.0,14.2,217,18.3,1,7.5
SIMULATED TRAINING DATA — PROTOTYPE ONLY,43211,EMU Local,12,2.1,36.9,2.3,22.549999999999997,42.7,1.5,14,3,Normal,0.2,Clear,0.19,0,1,0,0,15,1,64,0.33,0.6,1,0.2,27.6,92.5,0.0,0.0,0.0,2,20.6,6412.0,11.9,52,17.5,0,10.3
SIMULATED TRAINING DATA — PROTOTYPE ONLY,43239,MEMU,16,0.5,23.8,1.6,30.749999999999996,55.8,0.5,10,1,Normal,1.4,Clear,0.26,0,0,0,0,0,0,0,0.87,0.1,4,0.0,31.3,61.7,0.0,0.0,0.0,0,23.9,8564.0,26.7,196,41.3,1,6.3
SIMULATED TRAINING DATA — PROTOTYPE ONLY,43207,EMU Local,1,6.8,39.8,1.9,0.0,6.8,1.0,23,4,Normal,2.1,Clear,0.14,0,0,1,0,20,1,58,0.05,0.2,1,7.7,23.6,78.2,0.0,0.0,0.0,0,57.4,5240.0,13.1,65,18.6,0,8.0
SIMULATED TRAINING DATA — PROTOTYPE ONLY,43423,EMU Local,13,4.3,27.4,2.9,24.599999999999998,48.6,0.5,17,1,Normal,0.9,Clear,0.15,0,0,1,0,20,1,91,0.73,0.7,3,4.2,32.1,83.6,0.0,0.0,0.0,0,44.0,9722.0,28.7,153,43.7,1,11.4
SIMULATED TRAINING DATA — PROTOTYPE ONLY,43213,EMU Local,6,2.8,23.8,2.6,10.25,21.2,1.5,6,6,Normal,0.0,Clear,0.43,0,0,0,0,0,0,0,0.43,1.2,1,1.6,28.5,64.0,3.3,0.9,0.0,61,79.4,9424.0,25.5,243,38.0,1,1.1
SIMULATED TRAINING DATA — PROTOTYPE ONLY,43401,MEMU,17,1.7,32.4,2.2,32.8,60.7,0.5,14,5,Normal,0.4,Clear,0.12,0,0,0,0,0,0,0,0.14,0.2,2,2.6,26.1,73.6,5.5,5.4,3.4,63,90.4,6619.0,35.4,232,57.5,2,3.2
SIMULATED TRAINING DATA — PROTOTYPE ONLY,43501,MEMU,12,0.8,48.8,1.3,22.549999999999997,41.4,1.0,20,4,Critical,17.7,Restricted,0.93,1,1,1,0,30,1,108,0.75,2.6,4,1.2,34.4,78.3,0.0,0.0,0.0,0,40.8,5526.0,12.9,14,20.3,0,27.7
SIMULATED TRAINING DATA — PROTOTYPE ONLY,43501,MEMU,19,0.5,44.1,2.3,36.9,66.9,0.5,21,1,Warning,6.7,Occupied,0.82,0,0,0,0,0,0,0,0.58,0.6,2,0.0,24.4,63.9,0.0,0.0,0.0,0,43.7,8292.0,33.3,52,46.1,2,12.6
SIMULATED TRAINING DATA — PROTOTYPE ONLY,43219,EMU Local,6,13.9,52.0,2.3,10.25,32.4,1.5,22,6,Normal,0.0,Clear,0.15,0,0,0,0,0,0,0,0.3,0.2,2,15.2,34.0,90.0,9.4,9.4,1.5,63,76.3,9748.0,28.5,281,37.0,1,1.5
SIMULATED TRAINING DATA — PROTOTYPE ONLY,43249,MEMU,7,0.9,28.2,1.0,12.299999999999999,23.0,0.5,21,6,Normal,0.1,Clear,0.18,0,0,0,0,0,0,0,0.32,1.6,1,1.0,33.4,75.7,7.300000000000001,5.4,1.9,63,77.3,9649.0,19.5,191,23.7,1,3.3
SIMULATED TRAINING DATA — PROTOTYPE ONLY,43215,EMU Local,1,0.2,41.8,2.3,0.0,0.2,1.0,9,3,Warning,4.8,Occupied,0.61,0,0,0,0,0,0,0,0.64,1.7,1,0.0,27.9,64.0,5.9,4.9,0.0,61,84.8,5472.0,14.7,306,23.1,1,8.6
SIMULATED TRAINING DATA — PROTOTYPE ONLY,43213,EMU Local,1,13.0,67.5,1.5,0.0,13.0,0.5,18,0,Normal,0.1,Clear,0.23,0,1,0,0,20,1,112,0.75,1.0,3,11.4,30.4,58.8,0.0,0.0,0.0,0,53.9,7119.0,13.0,26,20.6,0,6.8
SIMULATED TRAINING DATA — PROTOTYPE ONLY,43223,EMU Local,5,3.2,63.0,1.2,8.2,18.0,1.5,10,4,Normal,0.6,Clear,0.29,0,0,0,1,0,1,116,0.77,2.7,3,3.8,32.6,69.2,3.9,2.3,0.0,61,85.4,7962.0,19.6,293,32.0,1,9.8
SIMULATED TRAINING DATA — PROTOTYPE ONLY,43215,Fast Local,6,6.4,22.9,1.4,10.25,24.8,1.0,8,1,Normal,0.9,Clear,0.43,0,0,0,1,0,1,91,0.76,0.9,5,5.8,32.4,68.7,8.2,7.8,3.0,63,70.0,9158.0,16.3,268,21.9,1,9.4
SIMULATED TRAINING DATA — PROTOTYPE ONLY,43205,MEMU,16,0.2,26.9,1.0,30.749999999999996,55.6,0.5,8,0,Normal,0.6,Clear,0.16,0,0,0,0,0,0,0,0.68,1.1,2,0.0,35.2,77.2,0.0,0.0,0.0,0,26.4,7342.0,25.1,71,35.3,1,6.9
SIMULATED TRAINING DATA — PROTOTYPE ONLY,66015,EMU Local,16,3.3,67.5,1.9,30.749999999999996,58.6,0.5,10,6,Normal,0.3,Clear,0.35,0,1,0,0,15,1,115,0.82,1.4,4,3.4,34.4,58.2,5.9,0.2,0.0,0,81.7,7365.0,18.3,220,25.7,0,9.9
SIMULATED TRAINING DATA — PROTOTYPE ONLY,43425,EMU Local,14,2.0,48.8,1.5,26.65,50.0,0.5,15,1,Critical,8.2,Restricted,0.88,1,0,0,0,0,0,0,0.14,0.1,2,2.6,35.6,64.8,0.0,0.0,0.0,0,35.2,7865.0,12.6,82,18.5,0,11.1
SIMULATED TRAINING DATA — PROTOTYPE ONLY,43247,Fast Local,1,5.9,39.1,2.8,0.0,5.9,0.5,11,1,Normal,0.1,Clear,0.12,0,0,0,0,0,0,0,0.51,1.0,2,6.2,36.1,90.6,0.0,0.0,0.0,2,45.9,9765.0,31.3,359,48.6,2,7.8
SIMULATED TRAINING DATA — PROTOTYPE ONLY,43435,EMU Local,13,0.2,37.5,1.9,24.599999999999998,44.5,0.5,21,1,Normal,0.2,Clear,0.12,0,0,0,0,0,0,0,0.5,3.0,1,2.0,32.0,53.9,0.0,0.0,0.0,0,17.9,6358.0,19.6,355,29.2,0,2.0
SIMULATED TRAINING DATA — PROTOTYPE ONLY,43201,Fast Local,20,2.1,45.4,1.7,38.949999999999996,72.2,2.0,21,3,Normal,0.3,Clear,0.32,0,0,0,0,0,0,0,0.32,4.0,2,0.0,30.3,65.2,0.0,0.0,0.0,0,44.3,8230.0,22.0,313,27.0,0,0.8
SIMULATED TRAINING DATA — PROTOTYPE ONLY,66069,EMU Local,10,6.4,45.6,1.1,18.45,39.6,1.0,20,1,Warning,5.4,Occupied,0.94,0,1,0,0,15,1,114,0.78,0.7,4,5.7,31.0,57.8,2.6,1.1,0.0,61,84.8,9815.0,27.4,96,42.4,1,16.0
SIMULATED TRAINING DATA — PROTOTYPE ONLY,43251,EMU Local,10,3.0,34.0,1.8,18.45,36.2,1.5,14,0,Warning,6.6,Occupied,0.61,0,0,0,0,0,0,0,0.36,3.5,2,4.3,30.1,75.0,0.0,0.0,0.0,0,29.1,7266.0,12.6,200,19.0,0,8.0
SIMULATED TRAINING DATA — PROTOTYPE ONLY,43503,EMU Local,9,3.2,39.6,2.9,16.4,32.7,0.5,18,5,Normal,0.3,Clear,0.23,0,0,0,0,0,0,0,0.69,0.8,2,5.7,37.3,80.9,1.8,1.5,0.0,61,81.1,6619.0,16.3,285,24.5,0,2.2
SIMULATED TRAINING DATA — PROTOTYPE ONLY,43249,EMU Local,13,0.4,33.5,3.0,24.599999999999998,44.7,1.0,23,1,Warning,2.6,Occupied,0.81,0,0,0,0,0,0,0,0.26,0.6,2,1.8,28.5,98.0,3.5,3.0,0.0,61,88.9,6458.0,12.2,187,20.3,0,2.6
SIMULATED TRAINING DATA — PROTOTYPE ONLY,66015,Fast Local,3,0.6,44.5,1.9,4.1,8.0,0.5,9,5,Normal,1.2,Clear,0.24,0,0,0,0,0,0,0,0.89,0.3,4,1.2,36.0,84.0,0.0,0.0,0.0,0,43.4,8265.0,26.4,201,37.0,1,5.3
SIMULATED TRAINING DATA — PROTOTYPE ONLY,43501,EMU Local,18,4.5,30.9,2.1,34.849999999999994,67.2,0.5,15,2,Normal,0.3,Clear,0.12,0,0,1,0,15,1,75,0.25,0.8,2,5.6,29.6,57.7,1.3,1.1,0.0,61,84.2,7350.0,33.3,59,45.8,2,14.9
SIMULATED TRAINING DATA — PROTOTYPE ONLY,66015,MEMU,20,4.5,23.0,2.5,38.949999999999996,74.6,1.0,10,6,Normal,0.1,Clear,0.26,0,0,0,0,0,0,0,0.88,2.2,4,5.5,35.9,79.0,0.0,0.0,0.0,0,57.8,9212.0,18.4,152,23.7,0,2.9
SIMULATED TRAINING DATA — PROTOTYPE ONLY,43423,EMU Local,2,15.5,64.1,1.5,2.05,19.2,0.5,11,4,Normal,0.1,Clear,0.32,0,0,0,0,0,0,0,0.21,0.8,2,14.8,34.4,71.0,0.0,0.0,0.0,0,39.3,6284.0,11.1,278,15.1,0,0.1
SIMULATED TRAINING DATA — PROTOTYPE ONLY,43215,EMU Local,17,5.0,41.0,2.3,32.8,64.0,2.0,7,3,Normal,0.2,Clear,0.49,0,1,0,0,30,1,93,0.24,0.8,2,5.7,31.3,66.6,0.0,0.0,0.0,0,35.9,9991.0,30.0,97,45.5,2,9.0
SIMULATED TRAINING DATA — PROTOTYPE ONLY,43407,EMU Local,19,2.7,67.5,3.5,36.9,69.1,0.5,6,2,Normal,0.1,Clear,0.43,0,0,0,0,0,0,0,0.4,5.6,2,1.5,32.5,72.3,1.1,0.5,0.0,0,93.7,9467.0,37.9,146,54.8,2,8.0
SIMULATED TRAINING DATA — PROTOTYPE ONLY,66015,EMU Local,13,7.8,13.0,2.6,24.599999999999998,52.1,1.0,6,2,Normal,0.0,Clear,0.43,0,0,1,0,15,1,93,0.26,1.3,1,8.0,27.1,82.7,0.0,0.0,0.0,0,32.8,6808.0,11.6,329,16.8,0,10.4
SIMULATED TRAINING DATA — PROTOTYPE ONLY,43223,Fast Local,13,0.4,20.3,2.5,24.599999999999998,44.7,1.0,13,0,Normal,0.6,Clear,0.19,0,0,0,0,0,0,0,0.37,4.4,2,0.0,33.8,82.0,2.8,2.8,0.0,61,71.3,9290.0,12.6,5,15.8,0,2.9
SIMULATED TRAINING DATA — PROTOTYPE ONLY,43407,EMU Local,1,2.4,49.0,2.9,0.0,2.4,0.5,18,0,Normal,0.4,Clear,0.13,0,0,0,0,0,0,0,0.92,2.4,4,3.0,35.3,55.8,10.1,8.7,1.3,63,81.8,9996.0,30.8,237,43.7,1,6.1
SIMULATED TRAINING DATA — PROTOTYPE ONLY,43249,EMU Local,2,1.4,41.0,2.6,2.05,5.1,0.5,16,5,Normal,0.2,Clear,0.34,0,0,0,0,0,0,0,0.33,0.4,2,0.8,36.9,72.5,0.0,0.0,0.0,0,31.3,9978.0,17.0,212,23.4,0,2.9
SIMULATED TRAINING DATA — PROTOTYPE ONLY,66015,EMU Local,1,0.4,24.6,1.9,0.0,0.4,0.5,22,5,Normal,0.8,Clear,0.31,0,0,0,0,0,0,0,0.13,0.3,2,0.5,30.2,60.1,0.0,0.0,0.0,0,24.4,6579.0,29.7,30,46.2,2,8.5
SIMULATED TRAINING DATA — PROTOTYPE ONLY,43209,EMU Local,5,5.8,59.0,1.4,8.2,20.6,0.5,11,3,Normal,0.7,Clear,0.31,0,1,0,0,20,1,115,0.46,1.0,2,4.6,40.3,73.9,0.0,0.0,0.0,0,43.9,7592.0,15.9,346,19.9,0,6.4
SIMULATED TRAINING DATA — PROTOTYPE ONLY,43401,EMU Local,3,2.9,29.0,2.0,4.1,10.3,1.0,21,3,Warning,5.6,Occupied,0.79,0,0,0,0,0,0,0,0.39,0.8,2,2.5,30.2,66.7,2.2,0.6,0.0,61,94.0,7540.0,29.6,277,46.9,2,12.7
SIMULATED TRAINING DATA — PROTOTYPE ONLY,43201,Fast Local,7,3.3,60.0,1.5,12.299999999999999,25.4,1.5,8,4,Warning,4.6,Occupied,0.83,0,0,0,0,0,0,0,0.89,1.6,4,4.7,29.7,81.8,0.0,0.0,0.0,0,11.7,8485.0,28.7,80,41.6,1,9.4
SIMULATED TRAINING DATA — PROTOTYPE ONLY,43245,EMU Local,13,2.1,40.9,1.9,24.599999999999998,46.4,0.5,10,1,Normal,1.3,Clear,0.16,0,0,0,0,0,0,0,0.7,4.1,2,0.0,30.8,68.7,0.5,0.3,0.0,0,88.6,5365.0,31.7,59,48.6,2,8.5
SIMULATED TRAINING DATA — PROTOTYPE ONLY,43503,EMU Local,18,2.5,26.0,1.6,34.849999999999994,65.2,1.5,8,3,Normal,0.6,Clear,0.27,0,0,0,0,0,0,0,0.9,4.3,5,2.6,30.9,63.6,0.0,0.0,0.0,0,46.2,9109.0,31.6,68,53.5,2,7.7
SIMULATED TRAINING DATA — PROTOTYPE ONLY,43213,EMU Local,21,0.5,32.0,1.9,41.0,74.3,0.5,22,3,Normal,0.1,Clear,0.12,0,0,0,1,0,1,57,0.33,1.2,2,2.2,25.8,72.7,0.0,0.0,0.0,0,10.5,5972.0,7.4,274,11.8,0,3.9
SIMULATED TRAINING DATA — PROTOTYPE ONLY,43401,Fast Local,7,4.5,62.6,1.2,12.299999999999999,26.6,1.0,20,5,Critical,14.8,Restricted,0.89,1,0,0,0,0,0,0,0.96,3.5,5,5.6,27.0,71.8,0.0,0.0,0.0,0,15.0,7314.0,27.2,122,39.3,1,26.3
SIMULATED TRAINING DATA — PROTOTYPE ONLY,43503,EMU Local,1,2.3,37.5,1.7,0.0,2.3,0.5,22,1,Normal,0.3,Clear,0.11,0,0,1,0,15,1,63,0.23,0.4,2,2.4,26.6,70.1,0.0,0.0,0.0,0,56.7,7983.0,19.4,276,26.9,0,8.3
SIMULATED TRAINING DATA — PROTOTYPE ONLY,43219,EMU Local,5,6.8,56.6,2.3,8.2,21.6,0.5,7,4,Warning,3.8,Occupied,0.6,0,0,0,0,0,0,0,0.57,1.2,2,7.7,32.4,66.6,0.0,0.0,0.0,0,43.5,7373.0,29.7,64,48.8,2,7.8
SIMULATED TRAINING DATA — PROTOTYPE ONLY,43503,EMU Local,17,0.9,63.0,2.5,32.8,59.9,0.5,10,6,Normal,0.3,Clear,0.45,0,0,0,0,0,0,0,0.78,0.5,3,0.0,37.5,42.5,0.0,0.0,0.0,0,13.0,5348.0,36.0,334,45.9,2,7.9
SIMULATED TRAINING DATA — PROTOTYPE ONLY,43201,EMU Local,8,0.9,40.8,2.4,14.349999999999998,26.7,0.5,9,6,Critical,17.7,Restricted,0.66,1,0,0,1,0,1,43,0.66,2.0,2,1.8,28.8,95.3,0.0,0.0,0.0,2,26.9,6851.0,19.2,116,25.6,0,27.5
SIMULATED TRAINING DATA — PROTOTYPE ONLY,66069,EMU Local,15,4.2,38.7,1.9,28.699999999999996,55.9,0.5,17,0,Normal,0.7,Clear,0.49,0,0,0,0,0,0,0,0.76,0.4,3,5.7,31.0,55.9,0.0,0.0,0.0,0,54.2,7227.0,11.7,138,19.1,0,2.6
SIMULATED TRAINING DATA — PROTOTYPE ONLY,43407,EMU Local,20,7.5,35.9,2.2,38.949999999999996,77.6,0.5,22,4,Critical,6.9,Restricted,0.73,1,0,0,0,0,0,0,0.19,1.6,2,7.8,28.3,74.9,0.0,0.0,0.0,0,52.8,7448.0,25.1,342,33.3,1,15.5
SIMULATED TRAINING DATA — PROTOTYPE ONLY,66015,MEMU,4,2.6,47.3,3.3,6.1499999999999995,13.7,0.5,23,1,Normal,0.0,Clear,0.36,0,0,0,0,0,0,0,0.28,0.5,1,3.8,34.1,76.5,0.0,0.0,0.0,0,19.5,9878.0,9.4,301,12.1,0,0.6
SIMULATED TRAINING DATA — PROTOTYPE ONLY,43511,EMU Local,2,5.2,64.6,1.7,2.05,8.9,0.5,14,0,Critical,16.9,Restricted,0.65,1,0,0,0,0,0,0,0.21,0.0,1,4.0,32.6,98.0,0.0,0.0,0.0,2,31.2,7108.0,10.7,179,17.2,0,20.7
SIMULATED TRAINING DATA — PROTOTYPE ONLY,43219,MEMU,5,29.2,23.6,3.1,8.2,44.0,0.5,10,0,Normal,0.2,Clear,0.15,0,1,0,0,15,1,95,0.73,0.0,4,27.8,35.2,98.0,0.0,0.0,0.0,2,47.6,8055.0,36.4,230,51.7,2,18.6
SIMULATED TRAINING DATA — PROTOTYPE ONLY,43407,EMU Local,1,18.5,45.3,1.2,0.0,18.5,1.0,6,0,Normal,0.3,Clear,0.33,0,0,0,0,0,0,0,0.33,1.3,2,19.4,27.5,76.9,0.0,0.0,0.0,0,44.3,5583.0,9.6,90,15.8,0,4.2
SIMULATED TRAINING DATA — PROTOTYPE ONLY,43209,EMU Local,5,5.5,44.6,1.1,8.2,20.3,1.0,23,4,Warning,4.9,Occupied,0.71,0,0,0,0,0,0,0,0.15,0.5,2,8.5,31.4,59.7,0.0,0.0,0.0,0,15.0,6123.0,25.0,208,33.9,1,6.8
SIMULATED TRAINING DATA — PROTOTYPE ONLY,43501,EMU Local,6,5.4,14.9,2.0,10.25,23.8,0.5,20,5,Warning,4.2,Occupied,0.8,0,0,0,0,0,0,0,0.95,4.9,4,5.5,30.6,60.1,0.0,0.0,0.0,0,39.8,5317.0,31.1,147,46.4,2,14.3
SIMULATED TRAINING DATA — PROTOTYPE ONLY,43237,EMU Local,2,1.1,28.7,2.1,2.05,4.8,0.5,14,1,Normal,0.1,Clear,0.47,0,0,0,0,0,0,0,0.33,1.6,2,2.2,30.8,64.5,5.4,0.9,0.0,61,74.1,7378.0,21.1,226,28.5,0,0.9
SIMULATED TRAINING DATA — PROTOTYPE ONLY,43247,MEMU,1,7.2,31.8,1.4,0.0,7.2,1.0,18,4,Normal,0.6,Clear,0.32,0,0,1,1,20,1,95,0.76,0.0,3,3.7,35.5,71.7,0.0,0.0,0.0,0,28.1,7509.0,29.1,207,47.1,2,10.2
SIMULATED TRAINING DATA — PROTOTYPE ONLY,43227,EMU Local,4,2.1,53.5,1.9,6.1499999999999995,13.2,0.5,10,4,Warning,3.1,Occupied,0.71,0,0,0,0,0,0,0,0.59,0.4,1,2.8,29.2,66.4,1.2,0.3,0.0,0,76.8,9608.0,23.9,204,32.5,1,7.4
SIMULATED TRAINING DATA — PROTOTYPE ONLY,43403,EMU Local,7,13.1,56.1,2.3,12.299999999999999,35.2,1.0,18,2,Critical,20.1,Restricted,0.67,1,1,0,0,30,1,75,0.67,0.9,1,12.5,29.7,60.4,0.0,0.0,0.0,0,12.1,8435.0,37.9,139,51.4,2,32.4
SIMULATED TRAINING DATA — PROTOTYPE ONLY,43423,EMU Local,1,0.3,13.9,1.5,0.0,0.3,0.5,20,3,Normal,0.5,Clear,0.17,0,0,0,0,0,0,0,0.74,0.2,4,2.7,28.3,73.1,0.0,0.0,0.0,0,52.2,6114.0,7.6,76,11.2,0,1.6
SIMULATED TRAINING DATA — PROTOTYPE ONLY,43223,Fast Local,1,2.3,51.6,2.7,0.0,2.3,0.5,14,6,Normal,1.6,Clear,0.46,0,0,0,0,0,0,0,0.17,0.1,1,3.2,40.1,61.9,0.0,0.0,0.0,0,30.7,5331.0,12.6,210,19.0,0,2.3
SIMULATED TRAINING DATA — PROTOTYPE ONLY,43409,EMU Local,8,3.2,49.6,2.8,14.349999999999998,29.0,0.5,15,4,Warning,3.5,Occupied,0.77,0,1,0,0,20,1,77,0.63,1.9,2,3.3,27.7,88.6,0.0,0.0,0.0,2,30.3,5570.0,23.9,358,31.4,1,16.0
SIMULATED TRAINING DATA — PROTOTYPE ONLY,43501,Fast Local,20,2.1,50.7,2.8,38.949999999999996,72.2,0.5,16,2,Normal,1.2,Clear,0.45,0,1,0,0,20,1,56,0.43,0.9,1,1.4,33.9,62.0,0.0,0.0,0.0,0,15.5,5311.0,21.9,315,26.4,0,9.5
SIMULATED TRAINING DATA — PROTOTYPE ONLY,43211,EMU Local,16,0.9,44.3,1.6,30.749999999999996,56.2,1.0,14,6,Warning,2.1,Occupied,0.8,0,0,0,0,0,0,0,0.18,1.2,1,2.4,26.0,63.8,0.0,0.0,0.0,0,33.8,9827.0,8.1,174,10.5,0,3.7
SIMULATED TRAINING DATA — PROTOTYPE ONLY,43425,EMU Local,21,3.6,56.3,1.6,41.0,77.4,0.5,14,5,Warning,3.3,Occupied,0.63,0,1,1,0,30,1,31,0.22,0.2,2,5.2,33.4,73.3,0.0,0.0,0.0,0,14.3,8530.0,23.1,233,37.3,1,10.3
SIMULATED TRAINING DATA — PROTOTYPE ONLY,43403,EMU Local,13,5.6,59.6,2.0,24.599999999999998,49.9,2.0,12,5,Warning,2.2,Occupied,0.93,0,0,0,0,0,0,0,0.26,0.7,1,4.6,26.9,56.3,0.0,0.0,0.0,0,17.6,5389.0,8.6,47,14.1,0,3.5
SIMULATED TRAINING DATA — PROTOTYPE ONLY,43409,EMU Local,18,4.1,17.5,1.9,34.849999999999994,66.8,0.5,14,1,Normal,0.7,Clear,0.28,0,0,0,0,0,0,0,0.27,1.9,2,5.5,32.1,67.5,0.0,0.0,0.0,0,51.7,5791.0,27.8,42,42.7,1,2.3
SIMULATED TRAINING DATA — PROTOTYPE ONLY,43223,EMU Local,20,1.1,41.3,1.9,38.949999999999996,71.2,1.5,7,2,Critical,18.4,Restricted,0.88,1,1,0,0,20,1,80,0.15,0.0,2,2.3,32.7,54.0,0.0,0.0,0.0,0,44.1,8563.0,26.5,286,35.3,1,29.9
SIMULATED TRAINING DATA — PROTOTYPE ONLY,43219,EMU Local,10,5.3,38.2,2.6,18.45,38.5,0.5,5,4,Warning,2.1,Occupied,0.81,0,0,0,1,0,1,62,0.24,1.7,2,5.6,31.2,71.3,0.0,0.0,0.0,0,39.8,6135.0,7.2,298,9.3,0,6.7
SIMULATED TRAINING DATA — PROTOTYPE ONLY,43435,Fast Local,12,1.2,33.4,2.5,22.549999999999997,41.8,0.5,7,1,Warning,5.8,Occupied,0.88,0,0,0,0,0,0,0,0.34,0.5,1,2.2,34.3,62.1,0.0,0.0,0.0,0,35.4,7729.0,20.4,156,26.4,0,6.9
SIMULATED TRAINING DATA — PROTOTYPE ONLY,43245,MEMU,1,0.8,35.2,1.6,0.0,0.8,1.0,17,2,Normal,0.4,Clear,0.35,0,0,0,0,0,0,0,0.41,2.8,2,1.5,33.4,66.1,0.0,0.0,0.0,0,33.6,5751.0,28.5,190,47.1,2,8.7
SIMULATED TRAINING DATA — PROTOTYPE ONLY,43423,MEMU,10,4.7,44.8,1.4,18.45,37.9,0.5,8,4,Normal,0.2,Clear,0.33,0,0,0,0,0,0,0,0.65,2.6,1,3.5,28.8,73.7,0.0,0.0,0.0,0,57.6,9418.0,31.4,196,45.8,2,6.1
SIMULATED TRAINING DATA — PROTOTYPE ONLY,43501,EMU Local,9,7.4,22.6,1.4,16.4,36.9,1.0,20,1,Normal,0.1,Clear,0.36,0,1,0,0,30,1,52,0.82,3.2,3,7.8,33.5,67.2,0.0,0.0,0.0,0,59.6,7786.0,6.2,346,9.1,0,7.5
SIMULATED TRAINING DATA — PROTOTYPE ONLY,43217,EMU Local,3,2.6,52.1,1.6,4.1,10.0,0.5,15,6,Normal,0.1,Clear,0.41,0,1,1,0,15,1,15,0.36,0.1,1,2.4,32.4,80.8,0.0,0.0,0.0,0,29.3,6511.0,20.4,40,29.3,0,7.9
SIMULATED TRAINING DATA — PROTOTYPE ONLY,43251,EMU Local,19,3.0,36.5,2.6,36.9,69.4,1.0,9,1,Normal,1.0,Clear,0.4,0,0,0,0,0,0,0,0.83,8.2,3,1.7,35.3,60.1,0.0,0.0,0.0,0,10.7,9541.0,37.6,265,58.0,2,12.7
SIMULATED TRAINING DATA — PROTOTYPE ONLY,43217,MEMU,9,1.4,55.1,2.2,16.4,30.9,0.5,15,6,Normal,0.1,Clear,0.14,0,0,0,1,0,1,69,0.22,0.4,1,0.5,25.7,66.3,0.0,0.0,0.0,0,55.5,7619.0,17.7,294,26.0,0,3.4
SIMULATED TRAINING DATA — PROTOTYPE ONLY,43203,Fast Local,10,2.7,32.7,2.7,18.45,35.9,1.0,18,3,Normal,0.2,Clear,0.25,0,0,0,0,0,0,0,0.95,0.4,5,0.7,31.9,68.1,4.2,3.9,0.0,61,92.9,7719.0,22.6,222,34.3,1,6.3
SIMULATED TRAINING DATA — PROTOTYPE ONLY,43211,EMU Local,19,0.6,31.9,1.1,36.9,67.0,1.0,22,5,Warning,6.7,Occupied,0.78,0,0,0,0,0,0,0,0.08,0.4,2,0.0,31.9,81.7,0.0,0.0,0.0,0,56.2,6983.0,14.9,25,24.8,0,6.2
SIMULATED TRAINING DATA — PROTOTYPE ONLY,43503,EMU Local,16,12.5,27.8,2.3,30.749999999999996,67.8,1.0,13,6,Warning,3.2,Occupied,0.78,0,0,0,0,0,0,0,0.11,0.8,1,11.8,30.0,84.7,0.0,0.0,0.0,0,36.7,5625.0,6.8,137,10.7,0,3.3
SIMULATED TRAINING DATA — PROTOTYPE ONLY,43425,EMU Local,18,6.4,32.8,2.3,34.849999999999994,69.1,0.5,5,4,Warning,5.4,Occupied,0.81,0,0,0,0,0,0,0,0.3,2.8,2,7.7,35.7,60.3,0.0,0.0,0.0,0,58.2,6090.0,34.8,130,46.0,2,11.4
SIMULATED TRAINING DATA — PROTOTYPE ONLY,43209,EMU Local,14,4.4,30.0,2.8,26.65,52.4,1.5,15,3,Normal,2.8,Clear,0.4,0,0,0,0,0,0,0,0.65,1.6,1,2.9,28.7,67.2,0.0,0.0,0.0,0,35.6,7368.0,25.8,256,34.7,1,6.3
SIMULATED TRAINING DATA — PROTOTYPE ONLY,43203,EMU Local,3,3.1,48.5,1.9,4.1,10.5,2.0,15,1,Normal,0.7,Clear,0.14,0,0,0,0,0,0,0,0.59,1.1,2,1.7,34.3,48.8,0.0,0.0,0.0,0,31.5,8554.0,22.3,178,35.7,1,3.2
SIMULATED TRAINING DATA — PROTOTYPE ONLY,43207,EMU Local,2,6.3,57.7,1.8,2.05,10.0,1.5,10,1,Normal,1.0,Clear,0.21,0,0,1,1,20,1,106,0.62,1.9,2,8.6,28.6,72.0,0.0,0.0,0.0,0,56.1,6023.0,31.8,122,46.3,2,15.6
SIMULATED TRAINING DATA — PROTOTYPE ONLY,43213,MEMU,1,2.7,47.8,3.0,0.0,2.7,1.0,4,2,Normal,0.1,Clear,0.41,0,0,0,0,0,0,0,0.44,0.5,2,1.6,36.8,72.5,7.5,6.0,2.9,63,92.3,5777.0,9.9,317,12.5,1,4.9
SIMULATED TRAINING DATA — PROTOTYPE ONLY,43213,EMU Local,18,1.4,40.8,2.0,34.849999999999994,64.1,0.5,21,3,Normal,0.1,Clear,0.12,0,0,1,0,30,1,60,0.26,0.5,2,1.4,33.1,89.0,0.0,0.0,0.0,2,52.1,7602.0,33.7,224,41.5,1,6.7
SIMULATED TRAINING DATA — PROTOTYPE ONLY,43505,EMU Local,9,0.7,49.3,2.2,16.4,30.2,0.5,6,0,Normal,0.1,Clear,0.36,0,0,0,0,0,0,0,0.64,1.7,1,1.3,25.3,69.9,0.0,0.0,0.0,0,13.8,5643.0,25.1,214,32.2,1,2.8
SIMULATED TRAINING DATA — PROTOTYPE ONLY,43201,Fast Local,13,4.2,41.5,2.4,24.599999999999998,48.5,1.5,23,4,Normal,0.3,Clear,0.47,0,0,0,0,0,0,0,0.2,1.2,1,4.0,36.0,70.5,0.0,0.0,0.0,0,40.7,7183.0,28.4,208,40.4,1,1.7
SIMULATED TRAINING DATA — PROTOTYPE ONLY,43213,EMU Local,2,10.6,42.4,1.1,2.05,14.3,2.0,8,5,Normal,0.6,Clear,0.35,0,1,0,0,30,1,33,0.85,5.7,4,10.5,33.7,66.6,4.3,3.7,0.0,61,78.0,7796.0,25.5,224,31.1,1,9.8
SIMULATED TRAINING DATA — PROTOTYPE ONLY,66015,EMU Local,7,0.7,37.4,2.1,12.299999999999999,22.8,0.5,23,6,Normal,0.1,Clear,0.39,0,0,1,1,15,1,107,0.39,0.2,1,0.0,31.9,78.3,0.0,0.0,0.0,0,16.7,7443.0,32.2,78,40.1,1,12.3
SIMULATED TRAINING DATA — PROTOTYPE ONLY,43203,EMU Local,16,0.8,54.5,1.4,30.749999999999996,56.1,0.5,18,3,Normal,0.1,Clear,0.42,0,0,1,0,15,1,93,0.88,0.4,3,0.0,28.9,75.1,9.2,4.6,0.0,61,78.4,9504.0,31.2,223,48.9,2,13.0
SIMULATED TRAINING DATA — PROTOTYPE ONLY,43223,EMU Local,21,2.3,3.5,2.0,41.0,76.1,1.5,13,1,Normal,0.5,Clear,0.19,0,1,0,0,20,1,109,0.21,0.1,1,2.7,28.1,77.2,0.0,0.0,0.0,0,54.6,5330.0,23.9,69,39.8,1,8.2
SIMULATED TRAINING DATA — PROTOTYPE ONLY,43425,EMU Local,19,6.6,10.0,1.9,36.9,73.0,0.5,22,2,Normal,0.1,Clear,0.33,0,0,0,1,0,1,19,0.4,1.3,2,5.2,33.5,97.7,10.9,8.8,1.1,63,82.7,9513.0,32.7,272,40.1,1,6.5
SIMULATED TRAINING DATA — PROTOTYPE ONLY,43207,MEMU,15,1.4,57.4,1.8,28.699999999999996,53.1,0.5,4,4,Normal,0.3,Clear,0.22,0,0,0,0,0,0,0,0.22,0.2,1,3.1,25.3,54.1,0.0,0.0,0.0,0,48.9,8128.0,30.9,130,40.2,1,2.4
SIMULATED TRAINING DATA — PROTOTYPE ONLY,43215,EMU Local,11,1.2,39.1,2.5,20.5,38.1,2.0,10,5,Normal,0.0,Clear,0.2,0,0,0,0,0,0,0,0.47,1.6,2,0.0,28.8,39.2,8.2,7.8,3.8,63,92.4,5781.0,21.6,352,27.2,1,3.5
SIMULATED TRAINING DATA — PROTOTYPE ONLY,43201,EMU Local,1,3.9,55.8,2.2,0.0,3.9,1.0,21,6,Normal,0.6,Clear,0.18,0,0,0,0,0,0,0,0.13,0.6,1,4.2,34.3,80.6,0.0,0.0,0.0,0,19.1,5520.0,8.1,25,12.0,0,1.2
SIMULATED TRAINING DATA — PROTOTYPE ONLY,43503,EMU Local,21,3.1,32.9,1.5,41.0,76.9,1.5,5,4,Critical,14.7,Restricted,0.85,1,0,0,0,0,0,0,0.46,3.1,1,1.8,25.9,71.4,0.0,0.0,0.0,0,12.6,9157.0,33.6,148,53.7,2,30.0
SIMULATED TRAINING DATA — PROTOTYPE ONLY,43435,EMU Local,7,0.2,67.1,1.4,12.299999999999999,22.3,0.5,22,2,Normal,0.5,Clear,0.42,0,0,0,0,0,0,0,0.2,1.4,2,0.8,26.1,65.1,0.0,0.0,0.0,0,30.4,5129.0,17.4,343,24.7,0,0.5
SIMULATED TRAINING DATA — PROTOTYPE ONLY,43223,Fast Local,20,0.3,40.0,2.6,38.949999999999996,70.4,0.5,13,1,Normal,0.2,Clear,0.45,0,0,0,1,0,1,86,0.29,0.2,1,0.0,33.6,84.2,0.0,0.0,0.0,0,20.2,7900.0,32.0,252,38.9,1,4.4
SIMULATED TRAINING DATA — PROTOTYPE ONLY,43245,Fast Local,8,4.1,48.7,2.1,14.349999999999998,29.9,1.0,18,6,Warning,2.2,Occupied,0.66,0,0,0,0,0,0,0,0.72,0.9,3,4.8,30.4,74.0,11.7,10.6,1.7,63,71.7,9389.0,30.5,302,42.3,1,7.6
SIMULATED TRAINING DATA — PROTOTYPE ONLY,43425,EMU Local,10,2.5,35.3,1.2,18.45,35.7,1.0,13,5,Normal,0.8,Clear,0.25,0,0,0,0,0,0,0,0.19,0.1,2,3.5,38.2,67.1,0.0,0.0,0.0,0,35.3,9656.0,7.8,52,10.0,0,1.7
SIMULATED TRAINING DATA — PROTOTYPE ONLY,43423,MEMU,5,14.2,28.5,1.9,8.2,29.0,0.5,13,0,Normal,0.6,Clear,0.37,0,0,0,0,0,0,0,0.28,1.1,1,15.3,30.3,82.7,0.0,0.0,0.0,0,35.9,8092.0,14.0,282,18.7,0,2.2
SIMULATED TRAINING DATA — PROTOTYPE ONLY,43211,EMU Local,9,4.5,15.9,2.0,16.4,34.0,1.5,15,2,Normal,0.4,Clear,0.41,0,0,0,0,0,0,0,0.26,1.1,1,3.9,25.3,81.0,0.0,0.0,0.0,0,20.6,9824.0,32.3,245,40.6,1,0.8
SIMULATED TRAINING DATA — PROTOTYPE ONLY,43205,Fast Local,1,0.0,53.8,1.4,0.0,0.0,1.5,11,0,Normal,0.5,Clear,0.2,0,0,0,0,0,0,0,0.24,0.0,1,1.8,36.0,79.8,0.0,0.0,0.0,0,52.5,8299.0,24.2,171,33.4,1,4.2
SIMULATED TRAINING DATA — PROTOTYPE ONLY,43201,EMU Local,2,2.6,47.9,1.7,2.05,6.3,0.5,17,3,Normal,0.0,Clear,0.22,0,0,0,0,0,0,0,0.88,0.6,5,2.7,26.2,56.7,0.0,0.0,0.0,0,26.8,9684.0,15.6,60,23.0,0,2.3
SIMULATED TRAINING DATA — PROTOTYPE ONLY,43215,Fast Local,19,2.1,43.4,2.7,36.9,68.5,0.5,5,4,Normal,1.0,Clear,0.31,0,0,0,0,0,0,0,0.35,0.5,1,2.1,27.5,62.1,0.0,0.0,0.0,0,28.9,9279.0,10.2,354,16.2,0,3.4
SIMULATED TRAINING DATA — PROTOTYPE ONLY,43205,MEMU,14,0.5,24.9,3.6,26.65,48.5,0.5,20,5,Warning,6.7,Occupied,0.6,0,1,0,0,20,1,88,0.85,0.7,4,1.2,30.2,75.5,2.3,1.5,0.0,61,89.7,5197.0,19.3,343,26.8,0,17.6
SIMULATED TRAINING DATA — PROTOTYPE ONLY,43409,EMU Local,20,10.3,63.2,2.3,38.949999999999996,80.4,0.5,9,1,Normal,0.4,Clear,0.38,0,1,0,0,30,1,45,0.79,2.2,3,8.3,32.2,77.7,0.0,0.0,0.0,0,31.5,7027.0,25.7,269,30.9,1,10.7
SIMULATED TRAINING DATA — PROTOTYPE ONLY,43211,EMU Local,10,6.5,43.6,1.3,18.45,39.7,0.5,11,0,Warning,6.2,Occupied,0.85,0,1,0,0,15,1,51,0.51,0.1,1,6.2,33.0,88.9,0.0,0.0,0.0,2,20.8,7013.0,16.6,296,25.5,0,14.2
SIMULATED TRAINING DATA — PROTOTYPE ONLY,43401,Fast Local,9,1.0,52.5,2.0,16.4,30.5,0.5,4,1,Critical,16.9,Restricted,0.84,1,0,0,0,0,0,0,0.25,1.5,1,1.4,35.3,65.1,0.0,0.0,0.0,0,14.3,6627.0,24.8,347,38.4,1,23.7
SIMULATED TRAINING DATA — PROTOTYPE ONLY,43409,Fast Local,10,1.2,42.0,2.2,18.45,34.4,0.5,6,3,Critical,9.5,Restricted,0.99,1,0,0,0,0,0,0,0.2,0.4,2,0.5,21.2,72.0,0.0,0.0,0.0,0,43.3,9994.0,31.8,343,40.2,1,16.6
SIMULATED TRAINING DATA — PROTOTYPE ONLY,43209,EMU Local,6,0.1,25.7,2.6,10.25,18.6,1.5,18,0,Warning,4.4,Occupied,0.65,0,1,1,0,20,1,102,0.75,2.4,5,0.1,27.7,86.1,0.0,0.0,0.0,2,19.6,5740.0,13.9,253,20.1,0,14.2
SIMULATED TRAINING DATA — PROTOTYPE ONLY,43215,MEMU,17,1.4,56.9,2.6,32.8,60.4,0.5,20,1,Normal,0.2,Clear,0.19,0,0,0,0,0,0,0,0.95,2.9,4,3.4,35.7,70.3,9.4,8.6,2.9,63,76.1,6203.0,8.0,326,9.8,1,6.4
SIMULATED TRAINING DATA — PROTOTYPE ONLY,43511,EMU Local,6,3.5,48.8,2.9,10.25,22.0,1.0,10,1,Normal,0.0,Clear,0.12,0,1,1,0,15,1,57,0.89,1.9,3,2.5,27.9,74.0,0.0,0.0,0.0,0,54.7,5477.0,10.9,166,16.5,0,13.4
SIMULATED TRAINING DATA — PROTOTYPE ONLY,43503,EMU Local,4,2.2,39.3,2.1,6.1499999999999995,13.3,1.0,17,6,Normal,0.7,Clear,0.39,0,0,0,0,0,0,0,0.93,2.7,4,3.2,31.3,71.5,0.0,0.0,0.0,0,35.4,7860.0,12.8,46,21.1,0,4.8
SIMULATED TRAINING DATA — PROTOTYPE ONLY,43213,EMU Local,20,13.9,48.5,2.1,38.949999999999996,84.0,1.0,6,3,Warning,3.2,Occupied,0.74,0,0,0,0,0,0,0,0.43,0.1,1,13.1,36.9,78.8,0.0,0.0,0.0,0,39.2,9173.0,9.3,204,13.1,0,5.7
SIMULATED TRAINING DATA — PROTOTYPE ONLY,66069,EMU Local,3,0.2,54.3,1.0,4.1,7.6,2.0,21,2,Normal,1.0,Clear,0.34,0,0,1,0,15,1,25,0.13,0.2,2,0.3,30.8,78.1,0.0,0.0,0.0,0,13.7,6118.0,18.4,230,26.4,0,6.3
SIMULATED TRAINING DATA — PROTOTYPE ONLY,43211,MEMU,19,3.6,51.9,1.5,36.9,70.0,1.0,8,5,Normal,0.0,Clear,0.3,0,0,0,0,0,0,0,0.94,4.1,5,4.2,30.5,52.7,0.0,0.0,0.0,0,43.0,7819.0,15.8,97,26.5,0,4.8
SIMULATED TRAINING DATA — PROTOTYPE ONLY,43239,EMU Local,18,7.8,16.3,1.3,34.849999999999994,70.5,1.5,23,3,Warning,4.7,Occupied,0.91,0,0,0,0,0,0,0,0.48,0.8,2,8.8,30.9,79.8,0.0,0.0,0.0,0,55.7,5979.0,17.7,37,27.7,0,5.7
SIMULATED TRAINING DATA — PROTOTYPE ONLY,43209,MEMU,4,2.6,19.6,1.6,6.1499999999999995,13.7,0.5,18,0,Normal,0.2,Clear,0.15,0,0,0,0,0,0,0,0.72,0.7,5,3.0,36.7,92.1,5.5,4.0,0.0,61,73.3,5313.0,16.9,123,27.9,1,4.5
SIMULATED TRAINING DATA — PROTOTYPE ONLY,43407,EMU Local,8,0.0,53.0,1.4,14.349999999999998,25.8,1.0,9,0,Normal,0.1,Clear,0.3,0,0,0,0,0,0,0,0.67,2.0,1,0.9,25.1,55.4,4.0,1.6,0.0,61,91.8,5605.0,13.2,102,16.8,0,3.5
SIMULATED TRAINING DATA — PROTOTYPE ONLY,43223,EMU Local,17,1.1,31.6,1.4,32.8,60.1,1.0,6,4,Normal,1.1,Clear,0.33,0,0,0,0,0,0,0,0.18,0.4,2,0.9,38.6,76.1,0.0,0.0,0.0,0,26.5,7108.0,26.1,292,37.5,1,4.2
SIMULATED TRAINING DATA — PROTOTYPE ONLY,43511,EMU Local,5,1.6,26.3,2.8,8.2,16.4,2.0,21,1,Normal,0.7,Clear,0.11,0,1,1,0,30,1,115,0.45,1.2,2,1.1,30.6,78.9,4.0,3.3,0.0,61,95.7,6029.0,13.0,279,17.6,1,9.7
SIMULATED TRAINING DATA — PROTOTYPE ONLY,43209,EMU Local,13,13.5,47.6,1.0,24.599999999999998,57.8,0.5,23,5,Normal,0.2,Clear,0.26,0,0,0,0,0,0,0,0.38,4.2,2,14.7,30.1,56.2,0.0,0.0,0.0,0,15.4,5453.0,35.7,355,53.9,2,8.4
SIMULATED TRAINING DATA — PROTOTYPE ONLY,43511,EMU Local,1,9.7,25.8,2.0,0.0,9.7,0.5,6,0,Normal,0.2,Clear,0.41,0,0,0,0,0,0,0,0.5,0.3,1,7.5,28.3,62.9,0.0,0.0,0.0,0,32.1,7063.0,15.5,269,25.0,0,1.6
SIMULATED TRAINING DATA — PROTOTYPE ONLY,43215,EMU Local,13,11.9,34.8,2.6,24.599999999999998,56.2,1.0,11,2,Warning,3.8,Occupied,0.9,0,0,0,0,0,0,0,0.12,0.4,1,11.4,27.0,63.8,0.0,0.0,0.0,0,19.3,8316.0,36.5,257,46.3,2,7.1
SIMULATED TRAINING DATA — PROTOTYPE ONLY,43409,EMU Local,4,7.0,54.8,1.9,6.1499999999999995,18.1,0.5,22,2,Normal,0.9,Clear,0.45,0,0,0,0,0,0,0,0.2,0.0,1,6.7,22.1,74.6,7.5,6.9,1.2,63,93.2,7869.0,11.3,158,17.7,1,3.2
SIMULATED TRAINING DATA — PROTOTYPE ONLY,43223,EMU Local,14,1.7,19.3,2.9,26.65,49.7,1.0,21,3,Normal,0.6,Clear,0.36,0,0,0,0,0,0,0,0.27,1.0,2,1.9,36.4,55.6,6.0,5.0,0.0,61,79.4,7559.0,7.8,45,11.6,1,3.1
SIMULATED TRAINING DATA — PROTOTYPE ONLY,43435,EMU Local,3,9.5,21.5,1.7,4.1,16.9,2.0,18,0,Warning,6.8,Occupied,0.77,0,0,0,0,0,0,0,0.87,0.7,5,10.6,22.6,63.8,11.600000000000001,10.8,3.0,63,97.1,7323.0,15.2,328,19.0,1,12.5
SIMULATED TRAINING DATA — PROTOTYPE ONLY,43409,EMU Local,5,16.0,17.8,3.2,8.2,30.8,1.5,17,5,Normal,0.1,Clear,0.42,0,0,0,0,0,0,0,0.73,4.2,5,16.2,31.3,76.4,0.0,0.0,0.0,0,37.6,7525.0,15.6,199,24.8,0,4.8
SIMULATED TRAINING DATA — PROTOTYPE ONLY,43423,Fast Local,7,1.7,29.1,1.2,12.299999999999999,23.8,0.5,19,5,Normal,1.0,Clear,0.38,0,1,0,0,15,1,114,0.53,0.6,2,1.4,29.7,82.3,0.0,0.0,0.0,0,14.0,9386.0,31.7,163,46.8,2,12.8
SIMULATED TRAINING DATA — PROTOTYPE ONLY,43401,Fast Local,1,1.2,43.2,2.9,0.0,1.2,0.5,6,0,Normal,0.7,Clear,0.4,0,0,1,0,15,1,18,0.17,0.3,1,2.2,32.7,72.4,0.0,0.0,0.0,0,31.4,5155.0,30.5,77,41.4,1,12.1
SIMULATED TRAINING DATA — PROTOTYPE ONLY,43209,EMU Local,12,3.2,32.7,1.6,22.549999999999997,43.8,1.0,18,6,Normal,0.4,Clear,0.38,0,0,0,0,0,0,0,0.34,0.9,2,3.5,23.5,59.4,0.0,0.0,0.0,0,25.7,7335.0,11.1,178,14.0,0,1.8
SIMULATED TRAINING DATA — PROTOTYPE ONLY,43219,EMU Local,11,0.8,64.6,3.0,20.5,37.7,1.0,22,4,Normal,0.4,Clear,0.32,0,0,0,0,0,0,0,0.3,1.0,2,1.0,28.2,68.7,0.0,0.0,0.0,0,53.5,9384.0,35.4,169,46.7,2,6.5
SIMULATED TRAINING DATA — PROTOTYPE ONLY,43409,EMU Local,8,0.1,48.8,1.8,14.349999999999998,25.9,1.0,11,4,Normal,0.4,Clear,0.33,0,0,0,0,0,0,0,0.44,0.5,1,2.0,33.4,74.4,0.0,0.0,0.0,0,49.8,7610.0,16.7,206,24.6,0,1.7
SIMULATED TRAINING DATA — PROTOTYPE ONLY,43401,Fast Local,6,11.7,41.7,2.8,10.25,30.2,1.0,5,4,Normal,0.9,Clear,0.18,0,0,0,0,0,0,0,0.05,0.0,1,12.9,32.2,90.3,0.0,0.0,0.0,2,56.3,6115.0,37.6,198,55.3,2,5.2
SIMULATED TRAINING DATA — PROTOTYPE ONLY,43223,EMU Local,2,10.4,61.0,2.9,2.05,14.1,1.0,20,6,Normal,0.7,Clear,0.43,0,0,0,0,0,0,0,0.36,1.3,2,13.6,28.8,77.1,0.0,0.0,0.0,0,23.9,6179.0,36.9,223,61.5,2,6.5
SIMULATED TRAINING DATA — PROTOTYPE ONLY,43407,EMU Local,19,0.7,22.0,1.8,36.9,67.1,0.5,15,0,Normal,1.0,Clear,0.22,0,0,0,1,0,1,85,0.3,0.6,2,0.0,31.9,97.0,6.6,6.5,1.0,63,74.4,8187.0,14.0,245,18.3,1,6.9
SIMULATED TRAINING DATA — PROTOTYPE ONLY,43227,EMU Local,20,2.1,55.0,2.7,38.949999999999996,72.2,1.0,22,3,Warning,4.2,Occupied,0.69,0,1,1,0,20,1,59,0.46,0.1,2,3.7,38.4,81.9,0.0,0.0,0.0,0,51.1,8958.0,19.9,320,25.8,0,13.7
SIMULATED TRAINING DATA — PROTOTYPE ONLY,43219,EMU Local,20,7.1,38.5,2.1,38.949999999999996,77.2,0.5,14,6,Warning,2.4,Occupied,0.88,0,1,0,0,30,1,61,0.26,0.7,1,8.9,35.9,86.6,0.0,0.0,0.0,2,15.8,9268.0,32.9,99,53.4,2,12.2
SIMULATED TRAINING DATA — PROTOTYPE ONLY,43201,EMU Local,14,4.3,35.2,1.2,26.65,52.3,0.5,21,5,Normal,1.0,Clear,0.38,0,0,0,0,0,0,0,0.3,0.7,2,3.5,35.4,64.2,0.0,0.0,0.0,0,35.0,7538.0,15.0,116,20.7,0,3.5
SIMULATED TRAINING DATA — PROTOTYPE ONLY,43213,MEMU,1,2.0,51.2,2.4,0.0,2.0,1.0,16,3,Normal,0.1,Clear,0.49,0,0,0,0,0,0,0,0.32,0.8,2,1.9,33.7,81.1,0.0,0.0,0.0,0,58.6,9115.0,19.8,190,27.5,0,1.3
SIMULATED TRAINING DATA — PROTOTYPE ONLY,43245,EMU Local,10,5.5,35.8,1.5,18.45,38.7,1.0,17,3,Critical,11.2,Restricted,0.67,1,0,0,0,0,0,0,0.91,0.4,3,5.6,32.2,74.2,0.0,0.0,0.0,0,51.6,6270.0,11.4,359,14.7,0,17.4
SIMULATED TRAINING DATA — PROTOTYPE ONLY,43401,EMU Local,16,9.1,44.7,1.7,30.749999999999996,64.4,1.0,15,6,Normal,0.5,Clear,0.35,0,0,0,0,0,0,0,0.05,0.1,1,8.6,28.8,98.0,0.7,0.5,0.0,2,74.8,7857.0,21.4,238,28.5,0,0.7
SIMULATED TRAINING DATA — PROTOTYPE ONLY,43215,EMU Local,4,10.4,40.5,1.6,6.1499999999999995,21.5,0.5,18,3,Critical,13.2,Restricted,0.7,1,0,0,0,0,0,0,0.77,3.7,5,10.0,31.7,67.8,1.0,0.3,0.0,0,75.8,8945.0,14.0,18,22.9,0,21.6
SIMULATED TRAINING DATA — PROTOTYPE ONLY,43223,EMU Local,11,1.9,46.6,2.3,20.5,38.8,0.5,11,2,Normal,0.0,Clear,0.3,0,0,1,0,20,1,94,0.32,0.2,2,5.9,39.4,93.4,0.0,0.0,0.0,2,45.5,9559.0,8.8,339,10.8,0,6.5
SIMULATED TRAINING DATA — PROTOTYPE ONLY,43221,Fast Local,16,0.8,34.4,1.5,30.749999999999996,56.1,0.5,5,0,Warning,5.5,Occupied,0.72,0,0,0,0,0,0,0,0.32,1.1,1,0.8,35.2,92.6,0.0,0.0,0.0,2,50.0,8922.0,27.8,56,41.5,1,11.1
SIMULATED TRAINING DATA — PROTOTYPE ONLY,43213,EMU Local,20,9.8,55.9,1.4,38.949999999999996,79.9,1.0,11,1,Normal,0.1,Clear,0.24,0,1,0,0,30,1,15,0.26,0.2,1,10.5,30.1,65.1,0.0,0.0,0.0,0,34.7,9343.0,16.8,126,26.8,0,3.7
SIMULATED TRAINING DATA — PROTOTYPE ONLY,43239,MEMU,1,0.4,11.3,1.5,0.0,0.4,0.5,8,0,Normal,0.2,Clear,0.26,0,0,0,0,0,0,0,0.57,0.7,2,0.8,23.1,75.7,0.0,0.0,0.0,0,47.1,9437.0,22.5,140,37.2,1,3.2
SIMULATED TRAINING DATA — PROTOTYPE ONLY,43245,EMU Local,16,5.1,51.6,1.7,30.749999999999996,60.4,1.0,5,3,Critical,9.6,Restricted,0.86,1,0,1,0,20,1,48,0.24,0.4,2,5.2,34.5,54.8,1.6,1.1,0.0,61,73.4,6349.0,23.3,294,35.5,1,24.7
SIMULATED TRAINING DATA — PROTOTYPE ONLY,43409,EMU Local,19,0.6,13.6,2.4,36.9,67.0,1.0,13,2,Critical,13.6,Restricted,0.98,1,0,0,1,0,1,104,0.43,2.2,2,0.0,35.2,93.8,29.4,28.2,2.4,65,85.5,2175.0,24.5,141,30.6,2,27.5
SIMULATED TRAINING DATA — PROTOTYPE ONLY,43435,Fast Local,21,2.0,30.7,2.6,41.0,75.8,0.5,13,2,Normal,1.1,Clear,0.33,0,0,0,0,0,0,0,0.34,0.3,2,3.2,29.3,46.2,0.0,0.0,0.0,0,12.8,9008.0,30.4,306,44.6,1,6.3
SIMULATED TRAINING DATA — PROTOTYPE ONLY,43203,EMU Local,9,2.1,49.8,2.6,16.4,31.6,1.5,7,0,Critical,20.1,Restricted,0.7,1,0,0,0,0,0,0,0.57,0.6,1,2.0,28.8,52.7,0.0,0.0,0.0,0,48.3,9651.0,28.7,323,43.1,1,26.2
SIMULATED TRAINING DATA — PROTOTYPE ONLY,43207,Fast Local,9,0.7,11.8,2.1,16.4,30.2,1.5,7,1,Normal,0.1,Clear,0.31,0,0,0,0,0,0,0,0.29,2.1,2,0.0,23.7,70.1,0.0,0.0,0.0,0,20.6,9058.0,30.1,185,41.4,1,2.1
SIMULATED TRAINING DATA — PROTOTYPE ONLY,43215,EMU Local,9,10.2,44.5,2.1,16.4,39.7,1.5,11,6,Normal,1.0,Clear,0.2,0,1,0,1,20,1,55,0.4,1.9,1,10.4,36.5,60.7,0.0,0.0,0.0,0,18.3,6111.0,31.8,303,50.7,2,12.6
SIMULATED TRAINING DATA — PROTOTYPE ONLY,43505,Fast Local,17,0.0,21.4,2.0,32.8,59.0,1.0,9,6,Normal,0.5,Clear,0.25,0,1,1,0,15,1,65,0.51,1.3,2,0.4,29.8,60.0,0.0,0.0,0.0,0,31.9,9960.0,18.0,259,26.3,0,9.9
SIMULATED TRAINING DATA — PROTOTYPE ONLY,43401,EMU Local,12,9.0,27.5,2.4,22.549999999999997,49.6,0.5,18,3,Normal,0.1,Clear,0.25,0,0,0,0,0,0,0,0.93,1.2,4,10.4,32.5,67.9,0.0,0.0,0.0,0,36.7,8174.0,31.2,89,38.0,1,5.0
SIMULATED TRAINING DATA — PROTOTYPE ONLY,43247,EMU Local,13,8.6,26.8,2.8,24.599999999999998,52.9,0.5,21,2,Warning,5.3,Occupied,0.68,0,0,0,0,0,0,0,0.44,2.4,1,7.0,27.1,83.5,3.9,1.9,0.0,61,72.9,7392.0,16.8,208,28.0,0,7.8
SIMULATED TRAINING DATA — PROTOTYPE ONLY,66069,MEMU,8,1.5,21.9,2.0,14.349999999999998,27.3,1.0,11,3,Normal,0.8,Clear,0.22,0,0,0,0,0,0,0,0.07,0.2,2,1.4,25.7,84.0,0.0,0.0,0.0,0,28.1,9825.0,18.7,232,28.6,0,0.2
SIMULATED TRAINING DATA — PROTOTYPE ONLY,43201,Fast Local,16,4.9,16.1,2.4,30.749999999999996,60.2,0.5,23,3,Normal,0.7,Clear,0.39,0,1,0,0,15,1,52,0.56,0.8,1,4.1,37.5,77.5,0.0,0.0,0.0,0,39.0,9482.0,34.8,99,58.2,2,14.2
SIMULATED TRAINING DATA — PROTOTYPE ONLY,43217,Fast Local,18,1.2,73.1,1.4,34.849999999999994,63.9,1.0,10,5,Normal,0.4,Clear,0.46,0,0,0,0,0,0,0,0.66,0.9,2,0.2,29.9,78.0,0.0,0.0,0.0,0,14.6,7954.0,27.3,328,41.1,1,3.6
SIMULATED TRAINING DATA — PROTOTYPE ONLY,43407,MEMU,1,5.7,39.3,2.6,0.0,5.7,1.0,23,3,Normal,0.1,Clear,0.23,0,0,0,0,0,0,0,0.3,0.6,1,6.0,28.5,72.5,21.3,21.1,1.1,65,83.2,3351.0,13.2,359,20.3,2,6.6
SIMULATED TRAINING DATA — PROTOTYPE ONLY,43401,Fast Local,1,3.3,23.4,2.2,0.0,3.3,0.5,20,4,Normal,0.8,Clear,0.15,0,0,1,0,20,1,107,0.58,6.0,2,2.8,43.1,84.4,0.0,0.0,0.0,0,23.1,7343.0,27.0,146,34.3,1,12.3
SIMULATED TRAINING DATA — PROTOTYPE ONLY,43425,EMU Local,12,1.4,33.6,1.5,22.549999999999997,42.0,1.0,22,5,Normal,0.2,Clear,0.36,0,0,0,0,0,0,0,0.51,1.8,1,2.0,35.4,73.5,25.8,25.0,1.4,65,73.1,3402.0,10.1,336,12.2,2,6.7
SIMULATED TRAINING DATA — PROTOTYPE ONLY,43423,EMU Local,6,2.0,42.5,2.7,10.25,20.4,0.5,5,3,Warning,3.3,Occupied,0.69,0,0,0,0,0,0,0,0.56,2.2,2,0.9,28.6,62.6,0.0,0.0,0.0,0,18.3,8030.0,13.6,263,17.1,0,4.7
SIMULATED TRAINING DATA — PROTOTYPE ONLY,43247,EMU Local,9,4.7,36.3,1.4,16.4,34.2,0.5,15,3,Normal,0.5,Clear,0.31,0,0,0,0,0,0,0,0.05,0.1,1,4.5,34.4,68.7,0.0,0.0,0.0,0,34.7,8519.0,6.9,309,9.0,0,0.0
SIMULATED TRAINING DATA — PROTOTYPE ONLY,43209,EMU Local,5,9.5,23.0,1.0,8.2,24.3,1.5,22,1,Normal,0.2,Clear,0.35,0,0,0,0,0,0,0,0.28,3.7,1,9.8,25.1,74.9,1.9,1.9,0.0,61,76.8,7964.0,27.5,95,40.6,1,3.6
SIMULATED TRAINING DATA — PROTOTYPE ONLY,43403,EMU Local,16,0.6,28.5,2.6,30.749999999999996,56.0,0.5,8,6,Normal,0.1,Clear,0.26,0,0,0,0,0,0,0,0.68,1.2,2,1.1,30.2,82.3,0.0,0.0,0.0,0,46.1,9356.0,36.3,123,48.0,2,8.5
SIMULATED TRAINING DATA — PROTOTYPE ONLY,43249,EMU Local,18,3.4,59.8,2.3,34.849999999999994,66.1,1.0,15,5,Normal,0.1,Clear,0.47,0,0,0,0,0,0,0,0.12,0.0,1,3.6,28.1,75.9,0.0,0.0,0.0,0,58.1,5501.0,35.8,9,51.5,2,5.5
SIMULATED TRAINING DATA — PROTOTYPE ONLY,43211,EMU Local,17,1.2,21.0,1.4,32.8,60.2,0.5,20,6,Normal,0.1,Clear,0.26,0,0,0,0,0,0,0,0.85,4.8,5,1.1,33.2,57.3,0.0,0.0,0.0,0,53.3,9741.0,31.7,320,51.1,2,10.5
SIMULATED TRAINING DATA — PROTOTYPE ONLY,43505,EMU Local,18,6.5,12.0,2.3,34.849999999999994,69.2,1.0,8,5,Normal,0.1,Clear,0.22,0,0,0,0,0,0,0,0.67,1.7,1,5.8,38.1,82.1,0.0,0.0,0.0,0,35.8,5967.0,10.3,237,15.3,0,2.3
SIMULATED TRAINING DATA — PROTOTYPE ONLY,43403,EMU Local,1,0.3,36.2,2.8,0.0,0.3,0.5,5,1,Normal,0.5,Clear,0.45,0,1,0,0,20,1,75,0.36,0.2,1,2.2,24.7,67.6,3.0,1.3,0.0,61,92.7,6404.0,32.9,40,48.7,2,14.7
SIMULATED TRAINING DATA — PROTOTYPE ONLY,43407,EMU Local,19,4.7,13.0,2.3,36.9,71.1,1.0,7,4,Warning,5.3,Occupied,0.63,0,0,0,0,0,0,0,0.33,0.0,2,5.0,38.9,78.3,0.0,0.0,0.0,0,45.5,9205.0,5.1,119,8.5,0,6.9
SIMULATED TRAINING DATA — PROTOTYPE ONLY,43249,EMU Local,8,0.8,28.4,3.6,14.349999999999998,26.6,1.0,9,5,Normal,0.4,Clear,0.15,0,0,0,0,0,0,0,0.91,15.4,4,0.0,34.5,53.1,6.7,3.6,0.0,61,80.6,7066.0,35.2,62,47.8,2,14.8
SIMULATED TRAINING DATA — PROTOTYPE ONLY,43403,MEMU,3,3.6,23.2,1.6,4.1,11.0,1.5,12,4,Warning,3.9,Occupied,0.78,0,0,0,0,0,0,0,0.51,1.9,1,1.2,27.5,78.9,4.300000000000001,2.7,0.0,61,73.1,7983.0,28.2,281,44.8,1,8.4
SIMULATED TRAINING DATA — PROTOTYPE ONLY,43249,MEMU,5,7.2,23.4,1.0,8.2,22.0,0.5,13,3,Normal,0.8,Clear,0.18,0,1,0,0,20,1,116,0.11,0.2,2,8.6,27.6,83.6,0.0,0.0,0.0,0,39.2,7953.0,10.8,215,17.7,0,6.5
SIMULATED TRAINING DATA — PROTOTYPE ONLY,43237,EMU Local,8,5.6,43.0,1.3,14.349999999999998,31.4,1.0,14,2,Normal,1.2,Clear,0.16,0,0,1,0,30,1,23,0.29,0.4,1,4.1,28.6,65.9,0.0,0.0,0.0,0,20.2,5660.0,23.6,178,38.4,1,10.2
SIMULATED TRAINING DATA — PROTOTYPE ONLY,43217,EMU Local,19,5.6,45.9,1.0,36.9,72.0,1.0,5,2,Normal,0.1,Clear,0.31,0,0,0,0,0,0,0,0.68,0.2,2,5.8,28.0,76.8,14.4,13.5,2.7,63,93.3,7005.0,25.7,339,36.4,1,2.4
SIMULATED TRAINING DATA — PROTOTYPE ONLY,43505,EMU Local,18,2.9,29.9,3.4,34.849999999999994,65.6,0.5,12,0,Normal,0.4,Clear,0.12,0,0,0,1,0,1,96,0.17,0.6,2,1.5,28.2,74.4,0.0,0.0,0.0,0,50.8,9554.0,13.8,218,20.4,0,4.1
SIMULATED TRAINING DATA — PROTOTYPE ONLY,43245,EMU Local,18,8.9,40.6,2.1,34.849999999999994,71.6,0.5,23,2,Normal,0.0,Clear,0.35,0,0,1,0,20,1,45,0.45,0.7,2,9.1,24.2,63.5,0.0,0.0,0.0,0,48.4,5291.0,33.1,36,46.8,2,14.8
SIMULATED TRAINING DATA — PROTOTYPE ONLY,43505,EMU Local,21,3.5,29.2,3.3,41.0,77.3,1.0,20,2,Critical,8.3,Restricted,0.7,1,0,0,0,0,0,0,0.67,10.7,2,3.9,30.7,83.4,0.0,0.0,0.0,0,58.9,8520.0,21.9,349,27.1,0,16.3
SIMULATED TRAINING DATA — PROTOTYPE ONLY,43237,EMU Local,1,10.0,48.0,1.9,0.0,10.0,1.0,12,1,Normal,0.5,Clear,0.36,0,0,1,0,20,1,82,0.47,0.2,1,11.0,34.5,69.5,1.4,0.7,0.0,61,89.0,7484.0,23.6,205,39.2,1,10.4
SIMULATED TRAINING DATA — PROTOTYPE ONLY,43401,EMU Local,15,3.2,19.8,1.6,28.699999999999996,54.9,0.5,11,0,Normal,0.3,Clear,0.21,0,0,0,0,0,0,0,0.46,0.5,1,3.1,29.2,67.3,0.0,0.0,0.0,0,33.8,5133.0,34.2,201,53.5,2,7.4
SIMULATED TRAINING DATA — PROTOTYPE ONLY,43221,EMU Local,18,2.8,44.5,1.1,34.849999999999994,65.5,0.5,8,6,Normal,0.7,Clear,0.46,0,0,0,0,0,0,0,0.92,1.7,5,2.7,32.7,79.2,0.6000000000000001,0.4,0.0,0,88.2,7406.0,26.6,109,42.7,1,7.7
SIMULATED TRAINING DATA — PROTOTYPE ONLY,43401,Fast Local,7,1.0,45.6,1.9,12.299999999999999,23.1,1.0,8,0,Normal,0.3,Clear,0.21,0,0,0,0,0,0,0,0.9,5.0,3,0.0,36.0,74.4,6.4,5.5,3.3,63,84.1,6947.0,24.5,177,32.2,1,7.1
SIMULATED TRAINING DATA — PROTOTYPE ONLY,43227,Fast Local,16,3.1,75.0,2.6,30.749999999999996,58.4,0.5,9,1,Normal,0.1,Clear,0.36,0,1,0,0,15,1,49,0.74,3.9,4,2.8,25.5,80.1,12.700000000000001,11.4,2.8,63,80.8,8181.0,9.2,87,13.7,1,15.3
SIMULATED TRAINING DATA — PROTOTYPE ONLY,43403,EMU Local,16,0.6,15.7,2.0,30.749999999999996,56.0,1.0,19,2,Warning,2.8,Occupied,0.9,0,1,1,0,15,1,27,0.9,0.9,3,0.6,28.8,73.9,0.0,0.0,0.0,0,13.9,6016.0,22.9,263,29.2,0,12.5
SIMULATED TRAINING DATA — PROTOTYPE ONLY,43227,EMU Local,15,8.2,75.0,1.1,28.699999999999996,59.9,0.5,4,2,Normal,0.0,Clear,0.26,0,0,0,0,0,0,0,0.06,0.1,2,8.2,25.5,77.0,0.0,0.0,0.0,0,44.6,6804.0,35.2,40,55.7,2,5.1
SIMULATED TRAINING DATA — PROTOTYPE ONLY,43501,EMU Local,6,4.5,53.4,2.5,10.25,23.0,1.0,12,0,Warning,4.0,Occupied,0.92,0,0,0,0,0,0,0,0.09,0.0,2,4.3,25.9,71.2,0.0,0.0,0.0,0,33.6,7980.0,25.0,230,32.7,1,5.7
SIMULATED TRAINING DATA — PROTOTYPE ONLY,43211,EMU Local,9,20.2,69.4,2.6,16.4,49.7,1.0,10,2,Normal,0.2,Clear,0.13,0,0,0,0,0,0,0,0.14,0.2,2,18.9,36.9,64.1,0.0,0.0,0.0,0,13.0,8787.0,14.4,240,21.2,0,0.0
SIMULATED TRAINING DATA — PROTOTYPE ONLY,43237,Fast Local,7,0.4,55.6,1.8,12.299999999999999,22.5,1.0,14,0,Normal,2.7,Clear,0.49,0,0,0,0,0,0,0,0.25,0.2,1,0.0,29.5,63.4,0.0,0.0,0.0,0,55.7,6416.0,32.4,25,45.2,2,10.9
SIMULATED TRAINING DATA — PROTOTYPE ONLY,43407,EMU Local,14,1.1,27.8,1.7,26.65,49.1,1.0,18,2,Normal,0.3,Clear,0.41,0,0,0,0,0,0,0,0.91,8.0,5,2.9,33.4,64.0,0.0,0.0,0.0,0,21.7,8590.0,19.3,71,31.9,1,9.2
SIMULATED TRAINING DATA — PROTOTYPE ONLY,43505,MEMU,11,8.4,51.9,1.1,20.5,45.3,0.5,8,3,Normal,0.3,Clear,0.47,0,0,0,0,0,0,0,0.93,5.4,3,9.1,32.2,65.8,0.0,0.0,0.0,0,57.6,7321.0,7.6,135,10.9,0,4.4
SIMULATED TRAINING DATA — PROTOTYPE ONLY,43409,EMU Local,21,2.0,32.0,2.5,41.0,75.8,0.5,22,1,Normal,0.7,Clear,0.38,0,0,0,0,0,0,0,0.65,0.4,2,4.8,34.3,98.0,0.0,0.0,0.0,2,35.1,7582.0,20.9,193,28.3,0,2.9
SIMULATED TRAINING DATA — PROTOTYPE ONLY,43239,Fast Local,16,2.5,40.7,1.8,30.749999999999996,57.8,0.5,9,5,Normal,0.5,Clear,0.24,0,0,0,0,0,0,0,0.83,2.0,3,3.0,32.1,78.6,8.4,7.3,2.9,63,71.9,7709.0,30.1,193,36.4,1,5.8
SIMULATED TRAINING DATA — PROTOTYPE ONLY,43407,EMU Local,6,7.9,24.4,1.0,10.25,26.4,0.5,17,4,Normal,0.9,Clear,0.15,0,0,1,0,15,1,68,0.63,7.0,2,8.7,31.9,63.5,0.0,0.0,0.0,0,23.2,5867.0,35.3,112,53.4,2,12.6
SIMULATED TRAINING DATA — PROTOTYPE ONLY,43511,MEMU,16,3.0,31.8,1.2,30.749999999999996,58.4,2.0,23,6,Warning,5.2,Occupied,0.63,0,0,0,0,0,0,0,0.16,0.3,1,1.9,25.6,84.2,4.699999999999999,3.3,0.0,61,88.8,6413.0,26.9,244,39.1,1,6.8
SIMULATED TRAINING DATA — PROTOTYPE ONLY,43227,EMU Local,20,0.9,55.5,2.4,38.949999999999996,71.0,1.0,17,3,Normal,1.8,Clear,0.3,0,1,0,0,15,1,63,0.89,1.9,4,2.7,31.6,94.6,0.0,0.0,0.0,2,12.3,8952.0,32.7,87,50.2,2,16.3
SIMULATED TRAINING DATA — PROTOTYPE ONLY,43227,EMU Local,16,8.9,48.6,1.9,30.749999999999996,64.2,0.5,14,2,Warning,3.5,Occupied,0.65,0,0,0,0,0,0,0,0.44,0.6,2,6.7,31.6,65.8,0.0,0.0,0.0,0,53.1,7180.0,29.7,263,44.3,1,7.3
SIMULATED TRAINING DATA — PROTOTYPE ONLY,43223,EMU Local,12,0.1,57.4,1.4,22.549999999999997,40.7,0.5,7,4,Normal,0.3,Clear,0.33,0,0,0,0,0,0,0,0.36,0.9,2,0.9,27.7,66.5,0.0,0.0,0.0,0,13.3,6797.0,11.0,24,17.4,0,0.7
SIMULATED TRAINING DATA — PROTOTYPE ONLY,43227,EMU Local,17,9.0,21.0,2.1,32.8,68.0,0.5,13,5,Warning,6.4,Occupied,0.92,0,0,0,0,0,0,0,0.3,1.0,2,9.1,23.2,50.4,6.9,6.7,4.0,63,72.4,5479.0,37.5,233,47.1,2,11.1
SIMULATED TRAINING DATA — PROTOTYPE ONLY,43435,Fast Local,5,0.2,13.9,1.6,8.2,15.0,0.5,5,3,Normal,1.3,Clear,0.22,0,0,0,0,0,0,0,0.12,0.0,2,2.0,32.5,68.6,0.0,0.0,0.0,0,55.4,5902.0,6.9,259,8.4,0,1.1
SIMULATED TRAINING DATA — PROTOTYPE ONLY,66015,Fast Local,13,4.4,58.5,1.7,24.599999999999998,48.7,0.5,7,5,Normal,0.6,Clear,0.36,0,0,0,0,0,0,0,0.25,0.1,1,4.2,36.4,81.6,4.4,2.7,0.0,61,70.3,7740.0,14.0,227,18.9,0,0.0
SIMULATED TRAINING DATA — PROTOTYPE ONLY,43425,Fast Local,8,0.3,57.4,1.9,14.349999999999998,26.1,0.5,23,1,Critical,21.9,Restricted,0.91,1,1,0,0,30,1,62,0.23,1.2,2,0.3,24.4,68.0,6.3,3.0,0.0,61,93.2,7404.0,30.2,177,49.1,2,34.0
SIMULATED TRAINING DATA — PROTOTYPE ONLY,66015,EMU Local,5,4.9,45.2,3.1,8.2,19.7,0.5,13,4,Normal,0.7,Clear,0.15,0,0,0,0,0,0,0,0.47,6.7,1,2.6,30.8,59.6,0.5,0.1,0.0,0,99.0,9886.0,9.4,180,15.8,0,6.0
SIMULATED TRAINING DATA — PROTOTYPE ONLY,43409,MEMU,12,0.1,48.3,3.1,22.549999999999997,40.7,0.5,4,5,Normal,0.4,Clear,0.3,0,0,0,0,0,0,0,0.27,0.6,1,0.0,22.6,54.1,0.0,0.0,0.0,0,25.8,5903.0,23.7,222,31.2,1,4.1
SIMULATED TRAINING DATA — PROTOTYPE ONLY,43505,EMU Local,9,7.4,55.0,1.0,16.4,36.9,1.0,17,4,Normal,0.1,Clear,0.35,0,0,0,1,0,1,80,0.54,3.7,1,7.8,34.1,75.7,0.0,0.0,0.0,0,16.5,6082.0,25.8,41,35.5,1,8.5
SIMULATED TRAINING DATA — PROTOTYPE ONLY,43237,EMU Local,3,2.5,44.7,2.1,4.1,9.9,1.0,21,1,Normal,0.2,Clear,0.17,0,0,1,0,20,1,39,0.26,1.8,2,3.9,36.2,64.5,0.0,0.0,0.0,0,55.8,8457.0,27.7,45,46.6,2,13.6
SIMULATED TRAINING DATA — PROTOTYPE ONLY,43425,EMU Local,3,0.4,50.1,1.2,4.1,7.8,1.0,15,5,Critical,15.1,Restricted,0.83,1,0,0,0,0,0,0,0.19,0.3,2,0.7,31.1,96.3,6.6,1.6,0.0,61,70.6,6976.0,10.3,29,14.0,0,20.1
SIMULATED TRAINING DATA — PROTOTYPE ONLY,43423,EMU Local,1,4.9,54.2,1.5,0.0,4.9,0.5,22,3,Warning,4.2,Occupied,0.77,0,0,0,0,0,0,0,0.34,0.5,2,4.7,34.0,72.6,2.0,0.9,0.0,61,99.2,6493.0,11.8,309,17.8,0,4.6
SIMULATED TRAINING DATA — PROTOTYPE ONLY,43245,EMU Local,18,2.7,40.6,1.0,34.849999999999994,65.4,1.0,15,4,Warning,6.1,Occupied,0.6,0,0,0,0,0,0,0,0.05,0.2,2,3.1,31.8,62.7,0.0,0.0,0.0,0,18.9,5278.0,9.1,242,12.0,0,5.6
SIMULATED TRAINING DATA — PROTOTYPE ONLY,43505,EMU Local,12,0.8,36.8,1.6,22.549999999999997,41.4,1.0,8,6,Critical,20.6,Restricted,0.72,1,0,0,0,0,0,0,0.88,7.4,4,1.0,27.6,82.6,0.0,0.0,0.0,0,40.9,8245.0,10.7,222,17.4,0,29.1
SIMULATED TRAINING DATA — PROTOTYPE ONLY,43207,EMU Local,9,0.1,47.7,1.4,16.4,29.6,0.5,7,6,Normal,0.1,Clear,0.23,0,0,1,0,15,1,15,0.15,1.0,2,0.9,31.0,96.5,0.0,0.0,0.0,2,25.9,9309.0,32.5,180,50.7,2,11.7
SIMULATED TRAINING DATA — PROTOTYPE ONLY,43237,MEMU,9,2.2,75.0,2.7,16.4,31.7,0.5,16,6,Normal,0.0,Clear,0.19,0,0,0,0,0,0,0,0.19,0.3,1,1.0,31.4,93.7,0.0,0.0,0.0,2,37.9,9902.0,8.8,340,11.3,0,1.0
SIMULATED TRAINING DATA — PROTOTYPE ONLY,43215,EMU Local,18,0.4,29.3,1.6,34.849999999999994,63.1,0.5,21,5,Warning,4.5,Occupied,0.77,0,0,0,0,0,0,0,0.33,0.5,2,0.7,30.9,61.0,0.0,0.0,0.0,0,49.0,7277.0,18.2,303,26.8,0,6.5
SIMULATED TRAINING DATA — PROTOTYPE ONLY,43217,EMU Local,18,0.4,35.5,1.0,34.849999999999994,63.1,0.5,15,1,Normal,0.5,Clear,0.46,0,0,1,0,15,1,60,0.27,1.3,1,0.0,33.0,56.8,0.0,0.0,0.0,0,40.2,8145.0,5.5,276,7.9,0,6.3
SIMULATED TRAINING DATA — PROTOTYPE ONLY,43425,EMU Local,7,1.2,15.7,2.1,12.299999999999999,23.3,0.5,19,6,Normal,0.1,Clear,0.29,0,0,0,0,0,0,0,0.69,0.9,2,2.5,32.0,56.5,0.0,0.0,0.0,0,55.5,5992.0,30.2,203,47.9,2,6.8
SIMULATED TRAINING DATA — PROTOTYPE ONLY,43239,EMU Local,4,4.0,48.5,2.0,6.1499999999999995,15.1,1.0,9,5,Normal,0.8,Clear,0.41,0,0,0,0,0,0,0,0.65,4.3,2,2.7,30.7,80.4,14.0,12.0,1.5,63,97.5,8823.0,36.6,118,57.2,2,9.1
SIMULATED TRAINING DATA — PROTOTYPE ONLY,43205,EMU Local,13,3.0,34.1,1.9,24.599999999999998,47.3,0.5,10,5,Critical,17.2,Restricted,0.75,1,0,0,0,0,0,0,0.7,1.7,2,2.7,28.9,68.5,4.8,3.6,0.0,61,70.6,6568.0,14.9,130,23.0,1,26.7
SIMULATED TRAINING DATA — PROTOTYPE ONLY,43401,EMU Local,17,0.3,21.0,2.5,32.8,59.3,0.5,12,3,Normal,0.2,Clear,0.18,0,0,0,0,0,0,0,0.45,0.5,2,1.0,33.5,63.8,2.7,1.0,0.0,61,98.8,9271.0,15.1,137,23.4,0,0.1
SIMULATED TRAINING DATA — PROTOTYPE ONLY,66069,EMU Local,2,13.8,41.0,2.8,2.05,17.5,0.5,13,2,Warning,3.9,Occupied,0.83,0,0,0,0,0,0,0,0.24,0.3,2,12.2,33.2,81.9,11.200000000000001,9.4,2.6,63,98.7,9202.0,23.9,263,39.4,1,7.2
SIMULATED TRAINING DATA — PROTOTYPE ONLY,43237,EMU Local,14,8.7,64.4,1.9,26.65,56.7,1.0,8,0,Normal,0.1,Clear,0.36,0,0,0,0,0,0,0,0.81,4.3,3,7.7,32.2,61.4,0.0,0.0,0.0,0,54.4,5485.0,9.3,336,14.7,0,5.0
SIMULATED TRAINING DATA — PROTOTYPE ONLY,43219,EMU Local,3,1.2,36.7,2.3,4.1,8.6,1.5,7,2,Normal,0.9,Clear,0.23,0,0,0,0,0,0,0,0.05,0.0,1,3.9,28.2,84.2,5.6,4.0,0.0,61,85.2,8192.0,24.9,110,36.8,1,2.5
SIMULATED TRAINING DATA — PROTOTYPE ONLY,43401,MEMU,5,0.5,38.1,1.9,8.2,15.3,2.0,14,2,Warning,4.7,Occupied,0.69,0,0,0,0,0,0,0,0.39,3.7,2,1.6,27.0,60.0,10.9,7.7,2.8,63,80.7,9181.0,23.2,234,38.1,1,8.4
SIMULATED TRAINING DATA — PROTOTYPE ONLY,43435,EMU Local,14,11.4,63.8,2.4,26.65,59.4,0.5,22,0,Critical,17.0,Restricted,0.95,1,0,0,0,0,0,0,0.22,0.4,1,11.8,34.2,67.8,6.0,5.5,2.4,63,98.7,7626.0,18.2,157,25.0,1,23.6
SIMULATED TRAINING DATA — PROTOTYPE ONLY,43403,EMU Local,3,2.5,41.9,1.2,4.1,9.9,0.5,10,5,Normal,1.1,Clear,0.27,0,1,0,0,15,1,22,0.83,5.4,5,3.3,27.9,88.6,0.0,0.0,0.0,2,15.3,8580.0,28.1,116,46.0,2,15.1
SIMULATED TRAINING DATA — PROTOTYPE ONLY,43505,MEMU,7,1.5,23.9,2.5,12.299999999999999,23.6,1.0,16,2,Normal,0.0,Clear,0.14,0,0,0,0,0,0,0,0.18,1.0,2,0.0,30.1,73.5,0.0,0.0,0.0,0,52.1,6087.0,22.9,230,34.5,1,2.4
SIMULATED TRAINING DATA — PROTOTYPE ONLY,43423,EMU Local,18,2.7,52.3,2.3,34.849999999999994,65.4,0.5,16,2,Normal,0.0,Clear,0.1,0,0,0,0,0,0,0,0.18,1.0,1,3.5,25.3,59.6,0.0,0.0,0.0,0,31.4,8128.0,32.9,130,52.9,2,5.4
SIMULATED TRAINING DATA — PROTOTYPE ONLY,66069,EMU Local,13,5.9,58.9,1.5,24.599999999999998,50.2,1.0,21,1,Warning,2.8,Occupied,0.82,0,0,0,0,0,0,0,0.08,0.3,1,8.2,33.3,90.2,0.0,0.0,0.0,2,41.0,8022.0,29.0,314,45.0,1,5.1
SIMULATED TRAINING DATA — PROTOTYPE ONLY,43219,Fast Local,10,0.7,39.0,3.4,18.45,33.9,2.0,12,1,Normal,0.0,Clear,0.13,0,0,0,0,0,0,0,0.27,0.7,1,0.1,26.5,85.6,0.0,0.0,0.0,2,45.3,6357.0,24.2,13,32.5,1,1.8
SIMULATED TRAINING DATA — PROTOTYPE ONLY,43401,EMU Local,13,5.8,44.0,1.3,24.599999999999998,50.1,1.0,16,3,Normal,0.5,Clear,0.41,0,0,0,0,0,0,0,0.34,0.6,2,8.0,26.3,89.3,0.0,0.0,0.0,2,37.6,9618.0,15.5,143,26.3,0,0.5
SIMULATED TRAINING DATA — PROTOTYPE ONLY,43505,EMU Local,16,5.5,22.3,2.3,30.749999999999996,60.8,0.5,16,4,Normal,0.5,Clear,0.23,0,0,1,0,15,1,49,0.2,0.6,1,4.9,27.5,51.5,0.0,0.0,0.0,0,49.0,7138.0,5.9,132,7.9,0,10.8
SIMULATED TRAINING DATA — PROTOTYPE ONLY,43501,EMU Local,9,3.1,28.9,1.5,16.4,32.6,1.0,8,5,Normal,0.1,Clear,0.37,0,0,0,0,0,0,0,0.73,1.9,3,3.2,33.2,75.6,0.0,0.0,0.0,0,35.0,8527.0,17.3,58,25.5,0,2.7
SIMULATED TRAINING DATA — PROTOTYPE ONLY,43511,EMU Local,2,8.0,37.0,2.4,2.05,11.7,2.0,15,6,Normal,0.1,Clear,0.24,0,0,0,0,0,0,0,0.14,0.2,2,6.4,30.6,63.6,0.0,0.0,0.0,0,30.8,5433.0,30.5,203,40.9,1,1.2
SIMULATED TRAINING DATA — PROTOTYPE ONLY,66069,EMU Local,5,0.6,43.2,3.3,8.2,15.4,1.0,4,3,Warning,5.2,Occupied,0.84,0,1,0,0,30,1,111,0.52,1.2,1,1.1,29.0,64.7,0.0,0.0,0.0,0,47.6,5015.0,34.4,101,49.2,2,16.6
SIMULATED TRAINING DATA — PROTOTYPE ONLY,43205,EMU Local,17,3.6,32.7,2.6,32.8,62.6,0.5,21,1,Warning,5.7,Occupied,0.96,0,0,0,0,0,0,0,0.3,0.5,1,3.8,38.1,79.7,0.0,0.0,0.0,0,20.5,9731.0,33.1,142,49.9,2,8.7
SIMULATED TRAINING DATA — PROTOTYPE ONLY,43409,EMU Local,4,2.4,36.4,2.0,6.1499999999999995,13.5,1.5,20,1,Critical,20.7,Restricted,0.71,1,0,0,0,0,0,0,0.8,3.0,3,2.1,33.6,51.0,0.0,0.0,0.0,0,57.1,8582.0,17.2,225,22.5,0,27.6
SIMULATED TRAINING DATA — PROTOTYPE ONLY,43217,EMU Local,17,2.2,40.1,2.7,32.8,61.2,2.0,13,0,Normal,0.4,Clear,0.29,0,0,0,0,0,0,0,0.06,0.4,1,1.2,23.5,73.9,0.0,0.0,0.0,0,25.0,5760.0,6.0,267,8.8,0,1.6
SIMULATED TRAINING DATA — PROTOTYPE ONLY,43203,EMU Local,9,1.2,27.0,1.7,16.4,30.7,1.5,12,0,Warning,3.0,Occupied,0.65,0,1,0,0,30,1,33,0.35,1.9,1,1.5,28.0,90.4,0.0,0.0,0.0,2,11.9,7752.0,35.9,355,58.0,2,13.7
SIMULATED TRAINING DATA — PROTOTYPE ONLY,43211,EMU Local,20,1.9,38.0,2.4,38.949999999999996,72.0,0.5,23,6,Warning,6.2,Occupied,0.8,0,0,0,1,0,1,110,0.08,0.1,2,1.1,23.6,73.7,4.0,2.8,0.0,61,79.4,5508.0,27.6,334,45.3,2,12.5
SIMULATED TRAINING DATA — PROTOTYPE ONLY,43201,EMU Local,2,0.5,59.3,2.2,2.05,4.2,1.0,11,6,Normal,0.0,Clear,0.27,0,0,0,0,0,0,0,0.25,0.6,2,1.8,29.6,85.1,0.0,0.0,0.0,2,25.1,8891.0,20.8,248,28.0,0,2.1
SIMULATED TRAINING DATA — PROTOTYPE ONLY,43501,EMU Local,18,1.2,33.1,1.4,34.849999999999994,63.9,1.0,18,1,Normal,3.1,Clear,0.48,0,0,0,0,0,0,0,0.59,0.0,2,1.5,35.6,73.4,6.4,5.3,2.8,63,91.9,6863.0,30.7,165,39.2,1,8.3
SIMULATED TRAINING DATA — PROTOTYPE ONLY,43511,EMU Local,21,1.3,28.5,3.1,41.0,75.1,0.5,16,2,Normal,0.7,Clear,0.33,0,0,0,0,0,0,0,0.28,2.0,1,0.7,32.5,61.8,0.0,0.0,0.0,0,49.1,5209.0,8.0,103,10.9,0,1.5
SIMULATED TRAINING DATA — PROTOTYPE ONLY,43223,Fast Local,11,5.1,73.3,2.8,20.5,42.0,1.0,20,6,Normal,0.5,Clear,0.36,0,0,0,0,0,0,0,0.82,0.8,3,6.3,30.6,95.2,0.0,0.0,0.0,2,39.5,5134.0,7.9,54,10.3,0,5.0
SIMULATED TRAINING DATA — PROTOTYPE ONLY,43217,EMU Local,13,0.2,45.4,1.6,24.599999999999998,44.5,1.0,12,3,Warning,6.6,Occupied,0.85,0,0,0,0,0,0,0,0.3,0.6,2,0.0,29.6,69.7,0.0,0.0,0.0,0,39.6,6216.0,28.3,2,44.3,1,8.0
SIMULATED TRAINING DATA — PROTOTYPE ONLY,43227,EMU Local,8,4.2,30.4,2.7,14.349999999999998,30.0,1.5,14,1,Warning,2.4,Occupied,0.85,0,0,0,0,0,0,0,0.17,0.1,1,5.4,32.8,56.9,0.0,0.0,0.0,0,35.8,5938.0,7.2,234,12.1,0,2.0
SIMULATED TRAINING DATA — PROTOTYPE ONLY,43215,EMU Local,1,1.0,51.7,1.4,0.0,1.0,1.5,7,5,Normal,0.1,Clear,0.34,0,0,0,0,0,0,0,0.42,1.7,1,1.1,24.7,55.4,0.0,0.0,0.0,0,42.3,9979.0,6.6,93,9.0,0,2.9
SIMULATED TRAINING DATA — PROTOTYPE ONLY,43205,EMU Local,17,0.3,45.8,2.4,32.8,59.3,0.5,10,1,Normal,0.1,Clear,0.2,0,1,0,0,15,1,41,0.54,1.5,2,0.0,31.0,69.8,0.0,0.0,0.0,0,56.1,9762.0,28.8,115,39.1,1,12.4
SIMULATED TRAINING DATA — PROTOTYPE ONLY,43409,Fast Local,12,1.4,33.4,2.1,22.549999999999997,42.0,0.5,23,0,Normal,0.4,Clear,0.12,0,0,0,0,0,0,0,0.36,0.6,2,2.1,32.2,82.5,0.0,0.0,0.0,0,26.5,9400.0,29.5,356,45.8,2,6.2
SIMULATED TRAINING DATA — PROTOTYPE ONLY,43203,EMU Local,4,1.0,41.3,3.1,6.1499999999999995,12.1,0.5,6,3,Critical,16.7,Restricted,0.92,1,0,0,0,0,0,0,0.48,1.3,1,0.9,26.4,71.9,3.2,3.1,0.0,61,87.2,6919.0,18.6,188,28.7,1,24.2
SIMULATED TRAINING DATA — PROTOTYPE ONLY,43435,Fast Local,21,3.2,37.6,2.3,41.0,77.0,1.5,13,3,Normal,0.0,Clear,0.44,0,0,1,0,30,1,98,0.25,0.2,1,3.9,27.9,54.0,0.0,0.0,0.0,0,49.2,5085.0,17.9,76,25.4,0,6.2
SIMULATED TRAINING DATA — PROTOTYPE ONLY,43403,EMU Local,13,1.8,56.9,1.2,24.599999999999998,46.1,0.5,6,4,Normal,0.4,Clear,0.26,0,0,0,0,0,0,0,0.22,1.2,1,2.1,39.4,73.0,0.0,0.0,0.0,0,20.2,6936.0,19.6,298,26.6,0,2.8
SIMULATED TRAINING DATA — PROTOTYPE ONLY,43251,MEMU,9,13.5,52.2,2.7,16.4,43.0,1.0,4,1,Normal,1.3,Clear,0.32,0,0,0,0,0,0,0,0.28,0.3,2,13.8,33.6,85.1,0.0,0.0,0.0,2,46.7,8829.0,17.2,149,24.8,0,0.0
SIMULATED TRAINING DATA — PROTOTYPE ONLY,43209,EMU Local,7,13.2,9.9,1.8,12.299999999999999,35.3,1.0,17,4,Normal,1.2,Clear,0.22,0,0,0,0,0,0,0,0.53,1.8,1,13.3,24.7,70.5,0.0,0.0,0.0,0,29.1,5512.0,19.7,65,30.6,1,4.8
SIMULATED TRAINING DATA — PROTOTYPE ONLY,43505,Fast Local,5,2.3,70.5,1.8,8.2,17.1,1.5,16,0,Normal,0.0,Clear,0.28,0,0,0,0,0,0,0,0.13,1.0,2,5.8,28.5,89.5,0.0,0.0,0.0,2,52.1,5941.0,11.1,312,15.6,0,0.6
SIMULATED TRAINING DATA — PROTOTYPE ONLY,66015,EMU Local,5,6.3,37.7,2.1,8.2,21.1,0.5,8,4,Warning,3.1,Occupied,0.69,0,0,0,0,0,0,0,0.91,0.1,5,6.9,31.4,62.0,10.3,8.0,3.1,63,82.7,6328.0,24.3,328,39.7,1,7.3
SIMULATED TRAINING DATA — PROTOTYPE ONLY,43213,EMU Local,17,0.1,67.8,1.8,32.8,59.1,1.0,11,2,Normal,0.4,Clear,0.4,0,0,0,0,0,0,0,0.45,0.8,1,0.0,40.7,82.8,0.0,0.0,0.0,0,44.6,5341.0,22.1,240,33.9,1,4.7
SIMULATED TRAINING DATA — PROTOTYPE ONLY,43407,EMU Local,9,3.2,52.7,3.2,16.4,32.7,2.0,15,1,Normal,0.9,Clear,0.3,0,0,0,0,0,0,0,0.75,0.4,5,1.4,35.1,77.8,0.0,0.0,0.0,0,35.5,6784.0,27.0,185,41.2,1,4.1
SIMULATED TRAINING DATA — PROTOTYPE ONLY,43245,EMU Local,6,5.4,45.7,2.6,10.25,23.8,1.0,9,1,Normal,1.5,Clear,0.32,0,0,0,0,0,0,0,0.84,7.0,5,5.9,35.9,78.3,0.0,0.0,0.0,0,47.5,6734.0,11.0,293,17.1,0,6.4
SIMULATED TRAINING DATA — PROTOTYPE ONLY,43423,Fast Local,19,1.0,40.6,1.4,36.9,67.4,0.5,5,3,Normal,1.0,Clear,0.11,0,0,0,0,0,0,0,0.14,0.2,1,0.3,33.1,77.3,0.0,0.0,0.0,0,50.6,7327.0,7.9,17,13.1,0,2.8
SIMULATED TRAINING DATA — PROTOTYPE ONLY,43247,EMU Local,16,0.3,75.0,1.7,30.749999999999996,55.6,0.5,7,6,Critical,18.6,Restricted,0.88,1,0,1,0,20,1,60,0.39,0.3,1,1.6,27.6,68.1,18.5,18.5,1.9,65,82.2,2297.0,31.6,130,43.8,2,32.0
SIMULATED TRAINING DATA — PROTOTYPE ONLY,43423,EMU Local,21,0.7,37.9,1.3,41.0,74.5,1.0,8,4,Normal,0.1,Clear,0.18,0,0,0,0,0,0,0,0.84,3.3,4,1.1,37.9,75.6,0.0,0.0,0.0,0,23.1,6099.0,34.8,102,49.9,2,7.9
SIMULATED TRAINING DATA — PROTOTYPE ONLY,43201,MEMU,2,2.3,31.9,2.7,2.05,6.0,0.5,14,3,Normal,0.0,Clear,0.25,0,0,0,0,0,0,0,0.27,0.7,2,2.8,34.9,66.9,9.7,4.0,0.0,61,75.9,7523.0,10.7,337,13.3,1,3.0
SIMULATED TRAINING DATA — PROTOTYPE ONLY,43251,EMU Local,10,2.8,33.3,2.1,18.45,36.0,1.0,16,5,Critical,16.0,Restricted,0.7,1,0,0,0,0,0,0,0.54,3.2,1,1.7,36.6,75.3,0.0,0.0,0.0,0,12.3,9124.0,18.7,156,25.1,0,23.2
SIMULATED TRAINING DATA — PROTOTYPE ONLY,43203,Fast Local,16,1.9,42.0,1.5,30.749999999999996,57.2,1.0,11,4,Normal,0.5,Clear,0.28,0,0,1,0,15,1,107,0.38,1.9,2,2.6,38.3,75.5,0.0,0.0,0.0,0,57.9,5450.0,28.9,266,39.2,1,10.4
SIMULATED TRAINING DATA — PROTOTYPE ONLY,43403,MEMU,5,2.3,42.0,3.0,8.2,17.1,2.0,8,6,Normal,0.0,Clear,0.19,0,0,0,0,0,0,0,0.58,7.5,2,2.5,37.7,69.2,3.5,2.1,0.0,61,80.5,5500.0,22.3,158,37.8,1,5.2
SIMULATED TRAINING DATA — PROTOTYPE ONLY,43223,EMU Local,15,2.5,57.1,2.4,28.699999999999996,54.2,0.5,9,4,Normal,0.7,Clear,0.44,0,0,0,0,0,0,0,0.82,0.3,5,1.4,31.4,70.3,0.0,0.0,0.0,0,21.0,5384.0,23.7,169,33.3,1,5.6
SIMULATED TRAINING DATA — PROTOTYPE ONLY,66069,Fast Local,13,5.9,53.4,2.2,24.599999999999998,50.2,1.0,18,6,Normal,0.6,Clear,0.27,0,0,0,0,0,0,0,0.88,0.3,4,4.8,32.6,54.9,0.0,0.0,0.0,0,38.3,7466.0,16.3,117,21.1,0,2.6
SIMULATED TRAINING DATA — PROTOTYPE ONLY,43203,EMU Local,13,0.4,53.4,2.2,24.599999999999998,44.7,0.5,19,6,Normal,0.0,Clear,0.34,0,0,0,0,0,0,0,0.64,5.3,1,2.4,32.3,72.6,0.0,0.0,0.0,0,51.4,5907.0,9.0,306,15.0,0,3.2
SIMULATED TRAINING DATA — PROTOTYPE ONLY,43505,EMU Local,13,5.9,38.6,1.3,24.599999999999998,50.2,0.5,14,0,Normal,1.2,Clear,0.35,0,1,0,0,30,1,23,0.09,1.0,2,6.6,35.2,79.1,1.8,1.8,0.0,61,96.2,6853.0,36.7,204,52.1,2,10.4
SIMULATED TRAINING DATA — PROTOTYPE ONLY,43227,EMU Local,15,4.7,52.1,2.4,28.699999999999996,56.4,0.5,10,4,Warning,5.5,Occupied,0.92,0,0,1,0,30,1,18,0.74,1.4,3,4.2,32.8,74.9,11.700000000000001,10.8,3.3,63,72.3,6952.0,29.5,298,39.3,1,12.5
SIMULATED TRAINING DATA — PROTOTYPE ONLY,43245,EMU Local,14,5.4,53.7,1.8,26.65,53.4,1.0,9,3,Warning,3.3,Occupied,0.7,0,0,0,0,0,0,0,0.68,1.4,1,4.7,32.1,73.7,0.0,0.0,0.0,0,17.5,5546.0,15.6,350,25.5,0,4.7
SIMULATED TRAINING DATA — PROTOTYPE ONLY,43403,MEMU,8,5.3,40.8,2.6,14.349999999999998,31.1,1.0,15,5,Normal,1.2,Clear,0.43,0,0,0,0,0,0,0,0.32,0.5,2,5.3,31.1,54.8,0.0,0.0,0.0,0,52.5,9771.0,28.6,253,42.6,1,4.9
SIMULATED TRAINING DATA — PROTOTYPE ONLY,66015,Fast Local,11,2.5,46.2,2.5,20.5,39.4,0.5,7,6,Normal,0.1,Clear,0.43,0,0,0,0,0,0,0,0.17,0.9,1,2.8,30.9,76.6,6.4,0.9,0.0,61,86.3,8086.0,17.9,96,27.2,0,0.0
SIMULATED TRAINING DATA — PROTOTYPE ONLY,43217,EMU Local,18,0.9,53.7,2.1,34.849999999999994,63.6,0.5,17,4,Warning,5.0,Occupied,0.68,0,0,1,0,15,1,85,0.56,2.9,1,0.0,32.7,57.2,0.0,0.0,0.0,0,40.3,8740.0,11.4,111,15.3,0,15.1
SIMULATED TRAINING DATA — PROTOTYPE ONLY,43209,EMU Local,4,3.1,45.2,2.0,6.1499999999999995,14.2,1.0,14,4,Normal,0.1,Clear,0.35,0,0,0,0,0,0,0,0.27,0.2,2,3.0,36.7,63.0,0.0,0.0,0.0,0,10.9,8325.0,27.4,281,42.1,1,1.5
SIMULATED TRAINING DATA — PROTOTYPE ONLY,43403,Fast Local,10,12.7,46.6,3.1,18.45,45.9,1.0,15,1,Normal,0.7,Clear,0.14,0,1,0,0,15,1,110,0.18,0.3,2,10.2,27.7,58.2,0.0,0.0,0.0,0,10.1,7234.0,18.5,154,30.0,0,10.4
SIMULATED TRAINING DATA — PROTOTYPE ONLY,43237,EMU Local,1,3.6,63.1,1.3,0.0,3.6,1.0,5,1,Normal,0.4,Clear,0.14,0,0,0,0,0,0,0,0.32,0.3,1,3.6,31.8,59.6,12.8,12.4,3.6,63,81.6,9742.0,8.8,311,13.3,1,4.0
SIMULATED TRAINING DATA — PROTOTYPE ONLY,43435,EMU Local,5,0.0,45.3,1.8,8.2,14.8,2.0,14,5,Normal,1.3,Clear,0.29,0,0,0,0,0,0,0,0.24,0.0,1,1.7,32.9,73.7,0.0,0.0,0.0,0,12.8,6681.0,16.0,33,25.1,0,2.3
SIMULATED TRAINING DATA — PROTOTYPE ONLY,43213,EMU Local,13,0.2,32.9,2.8,24.599999999999998,44.5,1.5,16,6,Normal,0.1,Clear,0.46,0,0,0,0,0,0,0,0.29,0.1,1,0.0,38.1,55.8,1.3,0.8,0.0,61,80.6,9724.0,17.9,89,24.2,0,0.9
SIMULATED TRAINING DATA — PROTOTYPE ONLY,43219,Fast Local,1,19.8,21.8,3.0,0.0,19.8,0.5,14,1,Normal,0.6,Clear,0.36,0,0,0,0,0,0,0,0.17,0.1,1,19.6,29.8,57.2,0.0,0.0,0.0,0,57.0,8133.0,17.8,57,29.9,0,0.0
SIMULATED TRAINING DATA — PROTOTYPE ONLY,43401,EMU Local,8,0.3,43.7,2.0,14.349999999999998,26.1,0.5,12,2,Normal,2.3,Clear,0.37,0,0,1,0,30,1,40,0.28,0.0,2,0.0,28.4,91.0,0.0,0.0,0.0,2,42.3,7208.0,23.9,228,37.4,1,7.5
SIMULATED TRAINING DATA — PROTOTYPE ONLY,43425,MEMU,3,0.2,37.0,1.7,4.1,7.6,1.0,19,1,Warning,6.4,Occupied,0.85,0,0,0,0,0,0,0,0.87,1.7,5,0.0,37.5,94.4,6.6,6.5,1.2,63,82.6,8384.0,19.4,287,25.5,1,11.4
SIMULATED TRAINING DATA — PROTOTYPE ONLY,43503,MEMU,3,1.7,54.1,1.7,4.1,9.1,1.0,8,2,Normal,0.0,Clear,0.28,0,0,0,0,0,0,0,0.62,0.1,1,1.2,33.5,83.9,0.0,0.0,0.0,0,43.6,9157.0,29.4,261,38.9,1,3.2
SIMULATED TRAINING DATA — PROTOTYPE ONLY,43505,EMU Local,7,13.9,65.7,1.2,12.299999999999999,36.0,0.5,15,5,Normal,0.4,Clear,0.26,0,0,0,0,0,0,0,0.27,1.8,2,12.3,29.8,68.4,0.0,0.0,0.0,0,59.7,9631.0,25.6,168,42.7,1,1.3
SIMULATED TRAINING DATA — PROTOTYPE ONLY,43251,EMU Local,4,1.5,26.6,3.3,6.1499999999999995,12.6,1.0,6,2,Normal,0.1,Clear,0.41,0,0,0,0,0,0,0,0.37,1.6,2,0.3,35.7,85.7,7.0,3.3,0.0,61,81.9,8076.0,22.3,244,31.7,1,4.0
SIMULATED TRAINING DATA — PROTOTYPE ONLY,43403,MEMU,3,2.1,28.7,2.0,4.1,9.5,0.5,19,5,Warning,4.8,Occupied,0.88,0,0,0,0,0,0,0,0.94,5.0,4,2.3,24.0,78.4,0.0,0.0,0.0,0,35.5,8392.0,30.1,16,41.1,1,9.9
SIMULATED TRAINING DATA — PROTOTYPE ONLY,43407,EMU Local,15,4.0,41.6,2.4,28.699999999999996,55.7,1.5,22,3,Normal,0.2,Clear,0.32,0,0,1,0,20,1,87,0.34,1.1,1,4.5,31.3,48.6,0.0,0.0,0.0,0,36.7,9766.0,35.7,86,51.2,2,10.6
SIMULATED TRAINING DATA — PROTOTYPE ONLY,43213,MEMU,8,0.1,30.0,2.4,14.349999999999998,25.9,1.0,20,1,Normal,0.2,Clear,0.46,0,0,0,0,0,0,0,0.66,2.5,1,0.0,32.7,85.9,0.0,0.0,0.0,2,18.0,7571.0,12.4,39,17.3,0,2.2
SIMULATED TRAINING DATA — PROTOTYPE ONLY,43401,Fast Local,3,9.1,38.7,3.0,4.1,16.5,0.5,14,4,Warning,3.3,Occupied,0.97,0,1,0,0,30,1,29,0.12,0.1,1,10.7,33.9,57.0,0.0,0.0,0.0,0,36.7,9384.0,31.1,31,48.4,2,14.1
SIMULATED TRAINING DATA — PROTOTYPE ONLY,43207,EMU Local,7,2.9,34.0,1.8,12.299999999999999,25.0,0.5,22,6,Normal,0.2,Clear,0.44,0,1,0,0,20,1,79,0.33,0.1,2,3.8,28.2,65.8,0.0,0.0,0.0,0,41.5,7694.0,19.2,287,26.6,0,5.4
SIMULATED TRAINING DATA — PROTOTYPE ONLY,43205,MEMU,18,2.5,26.9,1.9,34.849999999999994,65.2,0.5,21,0,Normal,0.7,Clear,0.25,0,0,0,0,0,0,0,0.54,8.6,1,4.9,28.1,75.6,0.0,0.0,0.0,0,34.5,9177.0,23.7,229,29.1,0,6.4
SIMULATED TRAINING DATA — PROTOTYPE ONLY,43501,MEMU,11,7.9,54.4,2.6,20.5,44.8,1.0,12,6,Critical,11.9,Restricted,0.86,1,0,1,0,30,1,32,0.34,0.6,1,7.8,37.7,75.5,0.0,0.0,0.0,0,33.0,7935.0,32.1,156,38.8,1,21.4
SIMULATED TRAINING DATA — PROTOTYPE ONLY,43401,MEMU,11,12.2,43.1,1.0,20.5,49.1,1.0,16,4,Normal,0.0,Clear,0.42,0,0,1,0,15,1,25,0.28,0.1,2,10.9,31.6,76.6,2.1,1.2,0.0,61,92.9,6182.0,23.3,316,39.5,1,9.0
SIMULATED TRAINING DATA — PROTOTYPE ONLY,43203,EMU Local,17,2.2,69.5,3.0,32.8,61.2,1.0,9,1,Normal,0.0,Clear,0.44,0,0,0,0,0,0,0,0.8,0.5,4,2.0,32.1,86.4,0.0,0.0,0.0,2,39.1,5965.0,11.0,3,17.0,0,3.0
SIMULATED TRAINING DATA — PROTOTYPE ONLY,66015,EMU Local,6,0.8,47.4,3.1,10.25,19.2,0.5,6,4,Normal,0.1,Clear,0.47,0,0,1,0,30,1,111,0.47,3.4,1,3.2,28.6,75.2,0.0,0.0,0.0,0,37.4,6588.0,37.3,202,49.2,2,12.3
SIMULATED TRAINING DATA — PROTOTYPE ONLY,43207,EMU Local,8,6.8,61.3,2.2,14.349999999999998,32.6,0.5,15,1,Warning,3.9,Occupied,0.9,0,0,0,0,0,0,0,0.65,0.5,1,5.6,27.8,73.9,0.0,0.0,0.0,0,56.5,6346.0,32.8,50,50.3,2,11.3
SIMULATED TRAINING DATA — PROTOTYPE ONLY,43501,EMU Local,1,2.1,31.1,1.5,0.0,2.1,0.5,12,6,Normal,0.5,Clear,0.2,0,1,0,0,15,1,48,0.44,1.0,1,3.1,29.2,90.4,0.0,0.0,0.0,2,28.4,7014.0,8.5,23,14.0,0,8.6
SIMULATED TRAINING DATA — PROTOTYPE ONLY,43239,EMU Local,10,11.0,30.9,2.6,18.45,44.2,0.5,12,1,Warning,2.0,Occupied,0.95,0,1,0,0,20,1,62,0.26,1.0,2,9.8,36.3,71.0,0.0,0.0,0.0,0,45.0,8483.0,10.6,136,16.6,0,9.7
SIMULATED TRAINING DATA — PROTOTYPE ONLY,43503,MEMU,19,12.0,75.0,2.0,36.9,78.4,0.5,18,4,Warning,5.0,Occupied,0.89,0,0,0,0,0,0,0,0.81,9.6,3,11.6,29.0,70.6,0.0,0.0,0.0,0,49.2,9311.0,16.6,94,25.8,0,9.8
SIMULATED TRAINING DATA — PROTOTYPE ONLY,66015,EMU Local,3,0.5,32.9,2.2,4.1,7.9,0.5,4,2,Normal,0.0,Clear,0.33,0,0,0,0,0,0,0,0.54,0.0,1,0.0,30.6,77.4,13.700000000000001,13.3,4.0,63,94.8,5804.0,20.6,316,31.6,1,3.3
SIMULATED TRAINING DATA — PROTOTYPE ONLY,43403,EMU Local,4,12.5,27.8,2.2,6.1499999999999995,23.6,0.5,21,3,Warning,4.7,Occupied,0.98,0,1,0,0,15,1,90,0.35,0.8,1,11.4,38.0,96.0,0.0,0.0,0.0,2,38.3,7837.0,10.4,29,16.5,0,13.3
SIMULATED TRAINING DATA — PROTOTYPE ONLY,43401,EMU Local,11,1.8,24.4,1.7,20.5,38.7,1.0,18,3,Normal,1.1,Clear,0.37,0,1,0,0,30,1,54,0.89,17.2,4,2.7,40.0,63.7,7.1,6.3,2.9,63,82.0,8309.0,19.8,119,28.6,1,14.9
SIMULATED TRAINING DATA — PROTOTYPE ONLY,43407,MEMU,15,4.2,70.7,2.3,28.699999999999996,55.9,1.5,11,3,Normal,0.6,Clear,0.12,0,0,0,0,0,0,0,0.54,0.2,1,5.9,25.6,51.4,0.0,0.0,0.0,0,50.1,7701.0,19.7,59,25.4,0,2.7
SIMULATED TRAINING DATA — PROTOTYPE ONLY,43217,EMU Local,1,0.1,37.9,1.2,0.0,0.1,0.5,14,3,Normal,0.8,Clear,0.12,0,0,1,0,20,1,114,0.49,0.2,2,1.2,23.0,71.9,0.0,0.0,0.0,0,11.4,5332.0,13.5,224,18.0,0,6.3
SIMULATED TRAINING DATA — PROTOTYPE ONLY,43435,EMU Local,9,8.8,48.1,1.0,16.4,38.3,1.0,20,0,Normal,0.1,Clear,0.24,0,0,0,0,0,0,0,0.65,0.2,2,8.8,28.6,88.8,2.2,0.9,0.0,61,88.4,8199.0,9.9,27,15.2,0,2.3
SIMULATED TRAINING DATA — PROTOTYPE ONLY,43201,EMU Local,11,4.1,44.3,2.3,20.5,41.0,0.5,17,5,Normal,0.1,Clear,0.18,0,0,0,0,0,0,0,0.68,1.7,1,2.3,27.6,79.0,16.2,13.1,3.8,63,81.2,6631.0,10.3,263,13.3,1,4.0
SIMULATED TRAINING DATA — PROTOTYPE ONLY,43435,MEMU,19,4.1,31.1,2.7,36.9,70.5,1.0,22,1,Normal,0.1,Clear,0.39,0,0,1,0,20,1,36,0.3,0.4,2,4.3,33.4,65.8,0.0,0.0,0.0,0,46.5,6186.0,32.4,195,42.5,1,9.4
SIMULATED TRAINING DATA — PROTOTYPE ONLY,43205,EMU Local,13,9.3,37.6,1.8,24.599999999999998,53.6,1.5,8,0,Normal,1.0,Clear,0.48,0,0,1,0,20,1,78,0.93,4.1,4,10.1,31.4,72.1,5.0,4.6,0.0,61,71.7,7223.0,31.2,243,49.8,2,13.7
SIMULATED TRAINING DATA — PROTOTYPE ONLY,43211,EMU Local,16,2.8,54.7,1.8,30.749999999999996,58.1,0.5,5,3,Normal,0.1,Clear,0.36,0,0,0,0,0,0,0,0.14,0.4,1,2.7,31.0,60.2,1.2,0.2,0.0,0,86.9,8569.0,5.7,348,8.3,0,0.0
SIMULATED TRAINING DATA — PROTOTYPE ONLY,43239,Fast Local,4,2.1,23.6,2.5,6.1499999999999995,13.2,0.5,18,3,Warning,6.2,Occupied,0.68,0,0,0,0,0,0,0,0.89,2.7,3,3.7,35.0,50.6,3.6,1.5,0.0,61,99.1,7741.0,12.2,210,14.9,0,7.9
SIMULATED TRAINING DATA — PROTOTYPE ONLY,43251,MEMU,1,8.0,52.1,2.1,0.0,8.0,0.5,22,6,Normal,0.4,Clear,0.1,0,1,1,0,30,1,69,0.23,0.6,2,7.8,23.0,68.6,0.0,0.0,0.0,0,28.9,6265.0,5.9,358,8.7,0,4.9
SIMULATED TRAINING DATA — PROTOTYPE ONLY,43223,Fast Local,20,5.4,63.5,1.8,38.949999999999996,75.5,1.0,19,4,Warning,3.6,Occupied,0.75,0,0,0,0,0,0,0,0.77,13.0,5,4.7,29.0,60.1,7.699999999999999,4.6,0.0,61,81.9,5823.0,9.5,104,12.7,1,12.3
SIMULATED TRAINING DATA — PROTOTYPE ONLY,43207,EMU Local,13,11.9,46.4,2.3,24.599999999999998,56.2,1.0,16,3,Warning,4.4,Occupied,0.82,0,0,0,0,0,0,0,0.12,0.3,2,13.1,31.0,68.2,0.0,0.0,0.0,0,38.0,6742.0,7.6,211,10.3,0,4.7
SIMULATED TRAINING DATA — PROTOTYPE ONLY,43503,EMU Local,1,11.3,62.0,2.1,0.0,11.3,0.5,10,1,Normal,0.5,Clear,0.36,0,0,0,0,0,0,0,0.51,0.1,2,12.3,35.6,54.1,0.0,0.0,0.0,0,49.4,5170.0,30.2,296,38.8,1,3.7
SIMULATED TRAINING DATA — PROTOTYPE ONLY,43207,Fast Local,5,1.9,21.4,1.4,8.2,16.7,0.5,20,6,Normal,0.0,Clear,0.19,0,0,0,0,0,0,0,0.55,0.7,2,3.7,31.3,92.7,0.0,0.0,0.0,2,25.7,9407.0,16.8,311,21.7,0,1.7
SIMULATED TRAINING DATA — PROTOTYPE ONLY,66069,EMU Local,5,2.4,14.5,2.0,8.2,17.2,1.5,22,3,Normal,2.5,Clear,0.44,0,0,0,0,0,0,0,0.29,1.5,2,3.0,33.1,83.4,0.0,0.0,0.0,0,34.8,6458.0,28.1,354,41.0,1,6.1
SIMULATED TRAINING DATA — PROTOTYPE ONLY,43203,MEMU,14,1.2,45.6,2.2,26.65,49.2,0.5,10,3,Warning,4.8,Occupied,0.83,0,0,0,1,0,1,74,0.67,2.3,1,0.2,30.2,65.6,0.0,0.0,0.0,0,18.8,9433.0,22.8,171,32.9,1,11.4
SIMULATED TRAINING DATA — PROTOTYPE ONLY,43227,EMU Local,14,4.3,33.2,1.8,26.65,52.3,0.5,15,0,Normal,0.0,Clear,0.21,0,0,0,0,0,0,0,0.1,0.4,2,1.2,31.3,72.6,0.0,0.0,0.0,0,23.0,8598.0,13.1,264,19.0,0,0.0
SIMULATED TRAINING DATA — PROTOTYPE ONLY,43211,EMU Local,8,1.8,55.2,2.7,14.349999999999998,27.6,1.5,16,1,Normal,0.2,Clear,0.18,0,0,0,0,0,0,0,0.11,1.0,1,0.0,30.3,84.7,0.0,0.0,0.0,0,44.6,9716.0,21.4,287,28.2,0,1.1
SIMULATED TRAINING DATA — PROTOTYPE ONLY,43245,EMU Local,4,6.2,37.3,2.4,6.1499999999999995,17.3,0.5,16,2,Normal,0.9,Clear,0.24,0,0,0,0,0,0,0,0.35,0.7,1,5.5,30.6,75.7,0.0,0.0,0.0,0,58.3,7891.0,12.7,79,19.0,0,1.3
SIMULATED TRAINING DATA — PROTOTYPE ONLY,43425,EMU Local,7,0.5,44.2,1.9,12.299999999999999,22.6,1.5,17,4,Normal,0.1,Clear,0.13,0,0,0,0,0,0,0,0.4,0.0,2,2.1,31.8,67.8,0.0,0.0,0.0,0,40.6,8822.0,16.3,147,25.4,0,1.5
SIMULATED TRAINING DATA — PROTOTYPE ONLY,43203,EMU Local,20,0.5,43.2,2.2,38.949999999999996,70.6,2.0,18,2,Normal,0.3,Clear,0.45,0,1,0,0,20,1,93,0.53,8.6,2,2.0,37.3,77.7,0.0,0.0,0.0,0,41.6,5864.0,34.1,336,57.0,2,14.1
SIMULATED TRAINING DATA — PROTOTYPE ONLY,43227,EMU Local,19,0.9,43.7,1.9,36.9,67.3,0.5,5,5,Normal,0.0,Clear,0.47,0,0,1,0,30,1,98,0.42,0.9,1,0.4,33.2,68.8,0.0,0.0,0.0,0,54.0,8346.0,31.9,186,52.9,2,12.0
SIMULATED TRAINING DATA — PROTOTYPE ONLY,43503,Fast Local,15,0.4,33.9,2.0,28.699999999999996,52.1,1.0,9,0,Normal,0.0,Clear,0.35,0,0,0,0,0,0,0,0.75,0.3,4,1.4,30.7,70.3,0.0,0.0,0.0,0,19.1,7704.0,19.5,194,32.0,1,3.0
SIMULATED TRAINING DATA — PROTOTYPE ONLY,43201,EMU Local,4,3.9,21.5,2.0,6.1499999999999995,15.0,1.0,12,3,Warning,3.9,Occupied,0.66,0,1,0,0,30,1,110,0.33,0.9,2,2.2,33.7,93.0,0.0,0.0,0.0,2,50.7,7372.0,10.5,113,13.6,0,9.4
SIMULATED TRAINING DATA — PROTOTYPE ONLY,43511,EMU Local,19,0.6,38.7,1.0,36.9,67.0,1.5,18,4,Critical,12.9,Restricted,0.86,1,0,0,0,0,0,0,0.98,3.1,5,2.1,32.2,77.1,0.0,0.0,0.0,0,52.9,6142.0,10.3,52,16.9,0,20.1
SIMULATED TRAINING DATA — PROTOTYPE ONLY,43211,MEMU,9,0.7,63.8,2.1,16.4,30.2,0.5,23,5,Normal,0.6,Clear,0.25,0,0,0,0,0,0,0,0.05,0.1,2,0.4,33.8,71.1,2.7,2.6,0.0,61,76.3,8441.0,26.5,133,35.6,1,2.7
SIMULATED TRAINING DATA — PROTOTYPE ONLY,43201,EMU Local,21,0.1,32.9,2.3,41.0,73.9,1.0,19,5,Warning,6.3,Occupied,0.69,0,0,0,0,0,0,0,0.67,7.9,2,0.9,29.9,60.1,3.5,3.0,0.0,61,85.7,7588.0,21.3,218,28.7,0,9.1
SIMULATED TRAINING DATA — PROTOTYPE ONLY,43503,EMU Local,13,6.1,32.8,3.6,24.599999999999998,50.4,2.0,5,1,Critical,11.3,Restricted,0.85,1,0,0,1,0,1,36,0.3,0.4,1,6.7,33.5,78.5,0.0,0.0,0.0,0,56.3,9312.0,22.6,148,31.6,1,21.6
SIMULATED TRAINING DATA — PROTOTYPE ONLY,43217,MEMU,14,6.7,44.4,2.4,26.65,54.7,1.0,6,4,Normal,0.1,Clear,0.42,0,0,0,0,0,0,0,0.36,0.0,1,7.3,33.5,84.4,0.0,0.0,0.0,0,39.6,5464.0,7.5,290,9.0,0,2.1
SIMULATED TRAINING DATA — PROTOTYPE ONLY,43203,EMU Local,14,0.7,24.3,1.7,26.65,48.7,1.5,23,5,Normal,0.3,Clear,0.13,0,0,1,0,20,1,72,0.32,2.8,1,0.0,25.8,85.8,0.0,0.0,0.0,2,21.1,5336.0,17.5,257,27.0,0,7.7
SIMULATED TRAINING DATA — PROTOTYPE ONLY,43201,MEMU,10,5.4,57.1,1.1,18.45,38.6,1.0,11,0,Warning,2.1,Occupied,0.72,0,0,0,0,0,0,0,0.05,0.0,1,4.7,30.0,98.0,0.0,0.0,0.0,2,34.3,5510.0,17.2,256,24.9,0,2.0
SIMULATED TRAINING DATA — PROTOTYPE ONLY,43511,MEMU,16,2.3,25.8,1.5,30.749999999999996,57.6,1.5,11,3,Normal,0.7,Clear,0.26,0,0,1,0,20,1,90,0.15,0.7,2,3.6,30.8,60.2,2.2,2.0,0.0,61,92.6,6587.0,13.9,102,20.7,0,6.7
SIMULATED TRAINING DATA — PROTOTYPE ONLY,43247,Fast Local,5,1.1,37.7,1.8,8.2,15.9,0.5,10,0,Critical,16.0,Restricted,0.61,1,0,0,0,0,0,0,0.78,0.6,4,1.7,30.2,48.0,0.0,0.0,0.0,0,14.0,9042.0,29.9,291,47.1,2,29.3
SIMULATED TRAINING DATA — PROTOTYPE ONLY,43221,EMU Local,6,3.9,75.0,1.8,10.25,22.3,1.0,14,6,Normal,0.3,Clear,0.3,0,1,0,1,30,1,17,0.08,0.5,2,2.6,27.4,84.0,6.800000000000001,5.7,1.7,63,78.3,7807.0,9.4,91,15.3,1,9.3
SIMULATED TRAINING DATA — PROTOTYPE ONLY,43207,EMU Local,2,0.8,24.9,2.0,2.05,4.5,1.0,16,5,Normal,1.3,Clear,0.24,0,0,0,0,0,0,0,0.12,1.0,1,1.3,21.6,57.6,0.0,0.0,0.0,0,41.0,8038.0,31.0,331,37.7,1,2.2
SIMULATED TRAINING DATA — PROTOTYPE ONLY,43227,EMU Local,13,5.7,64.1,1.9,24.599999999999998,50.0,0.5,11,1,Normal,0.3,Clear,0.38,0,0,0,0,0,0,0,0.15,0.1,1,4.4,35.6,58.1,0.0,0.0,0.0,0,49.8,7761.0,7.9,293,13.0,0,0.9
SIMULATED TRAINING DATA — PROTOTYPE ONLY,43211,EMU Local,13,0.2,43.8,2.0,24.599999999999998,44.5,0.5,12,2,Normal,0.9,Clear,0.29,0,0,1,0,15,1,38,0.23,0.1,2,0.0,22.8,78.7,0.0,0.0,0.0,0,56.1,7953.0,10.1,263,15.8,0,10.0
SIMULATED TRAINING DATA — PROTOTYPE ONLY,43425,Fast Local,19,12.8,45.9,1.8,36.9,79.2,1.0,19,3,Normal,0.3,Clear,0.2,0,0,0,0,0,0,0,0.65,5.9,2,12.1,39.4,75.8,0.0,0.0,0.0,0,33.1,5070.0,22.4,85,35.1,1,6.1
SIMULATED TRAINING DATA — PROTOTYPE ONLY,43401,EMU Local,18,0.3,29.9,2.1,34.849999999999994,63.0,0.5,8,3,Normal,0.1,Clear,0.46,0,0,0,1,0,1,16,0.94,4.8,3,0.2,30.6,64.3,0.0,0.0,0.0,0,24.0,8526.0,24.1,67,29.5,0,7.5
SIMULATED TRAINING DATA — PROTOTYPE ONLY,43205,EMU Local,19,3.5,54.0,1.6,36.9,69.9,0.5,17,0,Normal,0.1,Clear,0.15,0,0,0,0,0,0,0,0.55,0.1,2,2.1,28.8,62.1,3.4,3.3,0.0,61,95.4,8951.0,36.9,142,45.1,2,7.4
SIMULATED TRAINING DATA — PROTOTYPE ONLY,43407,MEMU,1,9.3,36.5,1.3,0.0,9.3,0.5,4,0,Normal,0.0,Clear,0.11,0,0,1,0,30,1,37,0.17,0.1,2,10.4,25.3,72.4,0.0,0.0,0.0,0,17.5,9862.0,25.0,56,31.5,1,5.9
SIMULATED TRAINING DATA — PROTOTYPE ONLY,43245,EMU Local,8,0.0,24.8,2.0,14.349999999999998,25.8,2.0,22,0,Normal,0.1,Clear,0.16,0,0,0,0,0,0,0,0.58,1.1,1,0.0,24.9,66.2,8.6,8.5,3.0,63,73.7,8378.0,23.6,342,39.4,1,3.9
SIMULATED TRAINING DATA — PROTOTYPE ONLY,43249,EMU Local,16,2.8,63.8,2.4,30.749999999999996,58.1,0.5,20,5,Warning,6.0,Occupied,0.87,0,0,0,0,0,0,0,0.25,1.7,1,2.8,27.9,73.5,0.0,0.0,0.0,0,49.1,7640.0,11.2,349,16.4,0,6.5
SIMULATED TRAINING DATA — PROTOTYPE ONLY,43409,EMU Local,2,1.7,36.2,1.4,2.05,5.4,1.0,17,3,Normal,0.5,Clear,0.32,0,0,0,0,0,0,0,0.57,0.3,2,2.2,32.3,60.0,0.0,0.0,0.0,0,53.1,7638.0,7.8,126,9.9,0,3.0
SIMULATED TRAINING DATA — PROTOTYPE ONLY,43423,Fast Local,8,3.5,14.1,1.8,14.349999999999998,29.3,0.5,16,0,Warning,4.6,Occupied,0.76,0,0,0,0,0,0,0,0.14,0.6,1,5.7,37.1,61.5,0.0,0.0,0.0,0,50.7,6633.0,31.1,126,37.4,1,8.1
SIMULATED TRAINING DATA — PROTOTYPE ONLY,43511,EMU Local,6,1.0,38.0,2.0,10.25,19.4,1.0,11,6,Warning,5.9,Occupied,0.63,0,0,0,0,0,0,0,0.38,0.1,1,1.7,25.3,53.4,0.0,0.0,0.0,0,54.5,7365.0,30.5,268,40.5,1,10.3
SIMULATED TRAINING DATA — PROTOTYPE ONLY,43215,Fast Local,16,0.3,54.1,2.0,30.749999999999996,55.6,1.0,6,4,Normal,0.2,Clear,0.18,0,0,0,0,0,0,0,0.25,0.6,1,0.0,32.9,76.4,0.0,0.0,0.0,0,23.9,5206.0,19.0,289,31.5,1,3.3
SIMULATED TRAINING DATA — PROTOTYPE ONLY,43505,EMU Local,11,3.9,51.7,2.6,20.5,40.8,1.0,4,5,Normal,0.1,Clear,0.15,0,0,0,0,0,0,0,0.17,0.8,2,2.7,24.1,64.2,0.0,0.0,0.0,0,41.4,9843.0,7.6,239,12.1,0,0.0
SIMULATED TRAINING DATA — PROTOTYPE ONLY,43247,MEMU,17,2.2,32.4,2.7,32.8,61.2,1.0,22,5,Warning,2.6,Occupied,0.99,0,0,0,0,0,0,0,0.24,0.1,1,0.7,27.9,80.7,0.0,0.0,0.0,0,40.6,5460.0,20.9,185,30.0,0,1.9
SIMULATED TRAINING DATA — PROTOTYPE ONLY,43247,MEMU,19,3.9,27.3,2.2,36.9,70.3,1.0,18,4,Warning,6.6,Occupied,0.98,0,0,0,0,0,0,0,0.88,0.7,5,2.7,33.5,45.6,0.0,0.0,0.0,0,12.2,5816.0,18.2,44,26.8,0,9.2
SIMULATED TRAINING DATA — PROTOTYPE ONLY,43423,EMU Local,11,0.9,21.5,2.8,20.5,37.8,1.0,11,4,Normal,0.3,Clear,0.22,0,0,0,0,0,0,0,0.16,0.9,1,0.7,27.4,55.4,0.0,0.0,0.0,0,11.3,7556.0,29.3,275,45.1,2,6.6
SIMULATED TRAINING DATA — PROTOTYPE ONLY,43511,EMU Local,8,1.7,41.7,1.9,14.349999999999998,27.5,0.5,12,5,Normal,2.8,Clear,0.19,0,0,0,0,0,0,0,0.39,0.2,2,3.1,37.7,69.9,0.0,0.0,0.0,0,53.8,7150.0,23.9,69,33.2,1,5.3
SIMULATED TRAINING DATA — PROTOTYPE ONLY,43215,EMU Local,4,3.3,44.3,2.6,6.1499999999999995,14.4,1.0,16,3,Normal,0.2,Clear,0.13,0,0,1,0,20,1,68,0.25,1.0,1,3.1,34.5,63.9,6.3,4.6,0.0,61,92.6,9365.0,9.7,88,13.2,1,8.0
SIMULATED TRAINING DATA — PROTOTYPE ONLY,43211,MEMU,11,3.6,52.6,1.7,20.5,40.5,0.5,15,0,Normal,1.0,Clear,0.11,0,0,0,0,0,0,0,0.3,1.1,2,2.9,33.5,59.0,0.0,0.0,0.0,0,46.5,6527.0,10.9,37,15.8,0,2.0
SIMULATED TRAINING DATA — PROTOTYPE ONLY,43217,EMU Local,8,1.9,39.8,2.3,14.349999999999998,27.7,0.5,12,6,Normal,1.0,Clear,0.14,0,0,0,0,0,0,0,0.27,0.7,1,2.0,29.3,68.6,0.0,0.0,0.0,0,31.5,8596.0,9.9,350,12.5,0,0.9
SIMULATED TRAINING DATA — PROTOTYPE ONLY,43215,EMU Local,9,1.3,39.3,2.5,16.4,30.8,1.5,23,1,Normal,0.1,Clear,0.4,0,0,0,0,0,0,0,0.33,0.3,1,3.3,28.0,68.6,0.0,0.0,0.0,0,12.0,7116.0,16.1,31,19.8,0,0.3
SIMULATED TRAINING DATA — PROTOTYPE ONLY,43211,EMU Local,2,1.3,37.8,2.1,2.05,5.0,1.5,14,0,Critical,13.1,Restricted,0.62,1,0,0,0,0,0,0,0.09,0.2,2,0.4,29.7,82.4,3.1,3.1,0.0,61,73.9,6910.0,14.2,326,19.3,1,18.5
SIMULATED TRAINING DATA — PROTOTYPE ONLY,43207,EMU Local,16,0.8,44.3,1.5,30.749999999999996,56.1,0.5,8,3,Warning,2.1,Occupied,0.88,0,0,0,0,0,0,0,0.83,2.8,5,1.3,32.5,75.2,0.0,0.0,0.0,0,29.5,6052.0,13.5,163,19.9,0,5.6
SIMULATED TRAINING DATA — PROTOTYPE ONLY,43221,EMU Local,6,1.6,40.0,1.1,10.25,20.0,1.5,22,4,Normal,0.3,Clear,0.3,0,0,0,0,0,0,0,0.12,0.9,2,1.2,32.5,85.5,0.0,0.0,0.0,2,46.8,9068.0,19.8,234,28.1,0,0.7
SIMULATED TRAINING DATA — PROTOTYPE ONLY,43203,EMU Local,21,0.9,56.1,2.4,41.0,74.7,1.0,21,3,Normal,0.0,Clear,0.31,0,0,0,0,0,0,0,0.25,1.4,1,1.1,28.2,90.4,8.1,5.5,2.1,63,73.4,5986.0,32.4,358,52.0,2,6.2
SIMULATED TRAINING DATA — PROTOTYPE ONLY,43215,EMU Local,21,4.0,46.7,1.9,41.0,77.8,0.5,14,0,Normal,0.3,Clear,0.27,0,0,0,1,0,1,102,0.5,1.6,2,4.8,28.6,64.4,0.0,0.0,0.0,0,53.5,5049.0,15.3,314,22.3,0,3.2
SIMULATED TRAINING DATA — PROTOTYPE ONLY,43247,Fast Local,19,3.4,43.6,2.0,36.9,69.8,0.5,14,6,Normal,0.5,Clear,0.14,0,0,0,0,0,0,0,0.23,0.2,2,5.0,25.3,85.2,0.0,0.0,0.0,2,35.1,9152.0,14.7,95,23.1,0,0.3
SIMULATED TRAINING DATA — PROTOTYPE ONLY,43407,EMU Local,8,1.9,41.4,3.0,14.349999999999998,27.7,2.0,9,3,Normal,0.7,Clear,0.4,0,0,0,0,0,0,0,0.94,0.8,5,1.8,40.6,82.5,0.0,0.0,0.0,0,47.8,6058.0,20.4,60,29.8,0,3.7
SIMULATED TRAINING DATA — PROTOTYPE ONLY,43511,EMU Local,14,1.6,27.9,1.5,26.65,49.6,1.0,4,1,Normal,1.4,Clear,0.38,0,0,0,0,0,0,0,0.36,2.1,2,3.0,27.9,71.5,0.0,0.0,0.0,0,40.0,5753.0,15.4,139,23.6,0,3.5
SIMULATED TRAINING DATA — PROTOTYPE ONLY,43435,Fast Local,16,1.1,42.0,2.5,30.749999999999996,56.4,0.5,12,3,Normal,1.2,Clear,0.26,0,0,0,0,0,0,0,0.22,0.8,2,1.6,24.8,78.3,1.0,0.2,0.0,0,76.4,5994.0,25.1,167,39.0,1,4.9
SIMULATED TRAINING DATA — PROTOTYPE ONLY,43219,MEMU,12,3.1,32.3,1.7,22.549999999999997,43.7,1.0,10,2,Normal,1.4,Clear,0.25,0,0,0,0,0,0,0,0.66,1.0,2,1.5,21.5,74.3,0.0,0.0,0.0,0,15.5,9691.0,7.2,103,8.8,0,4.0
SIMULATED TRAINING DATA — PROTOTYPE ONLY,43207,Fast Local,5,10.0,47.2,2.0,8.2,24.8,1.0,9,3,Critical,15.0,Restricted,0.87,1,1,0,0,20,1,17,0.86,10.7,5,9.8,28.8,71.3,0.0,0.0,0.0,0,27.7,8359.0,12.5,15,18.6,0,31.5
SIMULATED TRAINING DATA — PROTOTYPE ONLY,43227,EMU Local,19,4.6,38.9,1.4,36.9,71.0,1.0,13,0,Critical,20.2,Restricted,0.88,1,1,0,0,30,1,42,0.1,0.8,2,7.4,33.1,75.1,5.2,2.5,0.0,61,98.2,8452.0,29.8,355,36.4,1,31.2
SIMULATED TRAINING DATA — PROTOTYPE ONLY,43205,EMU Local,18,5.5,67.0,1.7,34.849999999999994,68.2,1.0,8,2,Normal,0.1,Clear,0.34,0,0,1,0,20,1,26,0.78,3.0,4,5.4,31.1,75.9,0.0,0.0,0.0,0,15.6,5762.0,33.6,302,42.2,1,12.1
SIMULATED TRAINING DATA — PROTOTYPE ONLY,43221,EMU Local,9,7.2,23.1,2.3,16.4,36.7,1.0,4,4,Normal,0.1,Clear,0.13,0,1,0,0,30,1,94,0.11,0.2,2,6.8,30.7,84.3,0.0,0.0,0.0,0,54.8,8071.0,18.9,162,27.3,0,4.7
SIMULATED TRAINING DATA — PROTOTYPE ONLY,43207,MEMU,2,1.7,0.0,2.9,2.05,5.4,1.0,18,0,Normal,0.8,Clear,0.25,0,0,0,0,0,0,0,0.8,1.0,3,1.3,34.4,59.5,0.0,0.0,0.0,0,23.3,9308.0,12.8,336,19.4,0,4.1
SIMULATED TRAINING DATA — PROTOTYPE ONLY,43237,EMU Local,20,0.3,46.0,2.4,38.949999999999996,70.4,1.5,8,5,Normal,0.3,Clear,0.46,0,0,0,1,0,1,29,0.61,6.0,1,0.0,33.8,81.1,0.0,0.0,0.0,0,48.9,8401.0,16.7,109,28.0,0,5.9
SIMULATED TRAINING DATA — PROTOTYPE ONLY,43211,EMU Local,12,3.9,32.4,2.3,22.549999999999997,44.5,2.0,23,1,Warning,4.4,Occupied,0.88,0,0,0,0,0,0,0,0.21,0.4,1,2.2,27.9,58.2,7.3,0.6,0.0,61,72.6,5384.0,32.2,122,50.8,2,9.1
SIMULATED TRAINING DATA — PROTOTYPE ONLY,43501,EMU Local,2,0.8,44.4,3.6,2.05,4.5,1.0,9,3,Normal,0.0,Clear,0.23,0,1,0,0,20,1,109,0.71,4.0,4,0.0,32.5,71.0,3.1,2.1,0.0,61,99.2,7166.0,25.4,260,39.1,1,14.5
SIMULATED TRAINING DATA — PROTOTYPE ONLY,43423,EMU Local,10,3.4,23.5,2.4,18.45,36.6,1.5,8,3,Normal,0.8,Clear,0.36,0,0,0,0,0,0,0,0.86,8.5,5,2.5,31.8,75.1,0.0,0.0,0.0,0,46.5,8557.0,15.6,242,25.7,0,6.2
SIMULATED TRAINING DATA — PROTOTYPE ONLY,43247,EMU Local,1,5.4,70.6,1.5,0.0,5.4,1.5,20,0,Normal,0.1,Clear,0.18,0,0,0,0,0,0,0,0.63,1.5,1,5.0,29.1,41.9,0.0,0.0,0.0,0,47.9,5464.0,30.6,162,50.1,2,6.6
SIMULATED TRAINING DATA — PROTOTYPE ONLY,43223,EMU Local,4,6.1,36.2,1.1,6.1499999999999995,17.2,0.5,21,3,Critical,9.0,Restricted,0.76,1,0,0,0,0,0,0,0.6,2.2,1,6.8,37.2,68.5,2.9000000000000004,0.8,0.0,61,87.8,6799.0,18.8,259,28.4,0,15.2
SIMULATED TRAINING DATA — PROTOTYPE ONLY,43221,EMU Local,12,1.4,31.4,2.3,22.549999999999997,42.0,1.5,7,3,Normal,0.3,Clear,0.37,0,0,1,0,15,1,20,0.11,0.0,1,1.0,28.4,77.3,17.4,16.7,1.1,65,90.8,2368.0,9.7,67,12.3,2,14.9
SIMULATED TRAINING DATA — PROTOTYPE ONLY,43503,EMU Local,9,2.9,70.4,1.3,16.4,32.4,0.5,5,4,Normal,0.3,Clear,0.44,0,0,0,1,0,1,78,0.27,1.0,2,3.1,29.2,70.7,3.5,1.2,0.0,61,97.8,9187.0,10.2,345,15.5,0,5.3
SIMULATED TRAINING DATA — PROTOTYPE ONLY,43227,Fast Local,4,3.9,54.6,1.5,6.1499999999999995,15.0,0.5,11,3,Critical,13.6,Restricted,0.76,1,0,0,0,0,0,0,0.31,0.3,1,2.5,29.6,61.0,0.0,0.0,0.0,0,34.5,8189.0,37.5,80,55.5,2,23.4
SIMULATED TRAINING DATA — PROTOTYPE ONLY,66069,MEMU,9,6.8,62.8,2.3,16.4,36.3,1.0,8,3,Normal,1.4,Clear,0.25,0,0,0,0,0,0,0,0.76,3.0,5,4.7,35.2,80.7,0.0,0.0,0.0,0,12.9,9190.0,11.7,87,15.9,0,3.4
SIMULATED TRAINING DATA — PROTOTYPE ONLY,43207,Fast Local,6,5.7,39.4,2.7,10.25,24.2,1.0,7,4,Normal,0.5,Clear,0.41,0,0,0,0,0,0,0,0.23,0.1,2,6.1,35.8,62.5,7.3999999999999995,7.3,1.8,63,75.4,8272.0,34.8,32,42.2,1,1.6
SIMULATED TRAINING DATA — PROTOTYPE ONLY,43403,MEMU,1,17.7,42.7,1.9,0.0,17.7,1.0,17,5,Normal,0.2,Clear,0.46,0,0,0,0,0,0,0,0.76,1.8,5,18.5,36.9,74.5,0.0,0.0,0.0,0,24.5,9661.0,31.2,66,45.6,2,8.1
SIMULATED TRAINING DATA — PROTOTYPE ONLY,43251,EMU Local,10,0.0,33.0,1.4,18.45,33.2,1.0,7,3,Warning,5.5,Occupied,0.62,0,0,0,0,0,0,0,0.47,1.2,2,1.2,34.6,70.7,0.0,0.0,0.0,0,30.7,5068.0,16.7,139,23.7,0,6.7
SIMULATED TRAINING DATA — PROTOTYPE ONLY,43501,EMU Local,14,2.3,31.3,2.0,26.65,50.3,0.5,11,5,Warning,4.1,Occupied,0.78,0,0,0,0,0,0,0,0.05,0.1,1,3.7,31.1,71.0,0.0,0.0,0.0,0,13.4,6748.0,16.7,19,20.1,0,3.9
SIMULATED TRAINING DATA — PROTOTYPE ONLY,43223,EMU Local,18,1.2,48.0,1.9,34.849999999999994,63.9,2.0,6,4,Normal,0.3,Clear,0.45,0,0,1,0,15,1,71,0.43,2.1,2,2.8,35.3,74.0,0.0,0.0,0.0,0,34.0,5323.0,26.1,318,37.9,1,10.3
SIMULATED TRAINING DATA — PROTOTYPE ONLY,43215,EMU Local,6,0.5,36.5,2.2,10.25,19.0,0.5,17,1,Normal,0.5,Clear,0.17,0,0,0,0,0,0,0,0.88,4.3,4,1.3,33.0,64.6,0.0,0.0,0.0,0,39.0,6898.0,18.4,207,25.1,0,4.1
SIMULATED TRAINING DATA — PROTOTYPE ONLY,43211,EMU Local,18,9.7,75.0,1.4,34.849999999999994,72.4,1.5,21,3,Normal,0.2,Clear,0.15,0,1,0,0,20,1,84,0.24,1.0,2,9.0,31.0,82.9,0.0,0.0,0.0,0,58.0,6236.0,9.0,353,11.5,0,5.4
SIMULATED TRAINING DATA — PROTOTYPE ONLY,43503,EMU Local,20,24.8,54.6,1.6,38.949999999999996,94.9,0.5,15,0,Normal,0.7,Clear,0.22,0,1,1,0,20,1,102,0.41,1.4,1,25.1,29.6,62.3,3.6,2.2,0.0,61,89.3,6229.0,36.6,318,44.5,1,11.2
SIMULATED TRAINING DATA — PROTOTYPE ONLY,43221,EMU Local,16,0.8,70.2,2.7,30.749999999999996,56.1,1.0,18,2,Normal,0.1,Clear,0.25,0,0,0,0,0,0,0,0.57,4.7,2,0.4,30.8,82.1,0.0,0.0,0.0,0,50.5,6442.0,17.9,260,24.8,0,2.8
SIMULATED TRAINING DATA — PROTOTYPE ONLY,43201,EMU Local,15,0.2,8.6,2.6,28.699999999999996,51.9,0.5,23,1,Normal,0.4,Clear,0.42,0,0,0,0,0,0,0,0.13,0.4,2,0.0,29.6,67.5,8.1,6.8,1.2,63,75.9,6446.0,13.8,263,17.4,1,3.1
SIMULATED TRAINING DATA — PROTOTYPE ONLY,43245,EMU Local,16,1.3,70.4,2.8,30.749999999999996,56.6,1.0,23,3,Normal,0.5,Clear,0.26,0,0,0,0,0,0,0,0.15,0.2,2,1.8,33.2,48.1,7.0,2.2,0.0,61,73.9,7906.0,7.8,145,12.5,0,0.7
SIMULATED TRAINING DATA — PROTOTYPE ONLY,43213,EMU Local,8,7.2,6.2,1.0,14.349999999999998,33.0,0.5,12,0,Critical,12.1,Restricted,0.62,1,0,0,0,0,0,0,0.14,0.0,1,8.7,30.6,62.6,5.7,4.2,0.0,61,78.4,8246.0,22.8,149,36.3,1,17.9
SIMULATED TRAINING DATA — PROTOTYPE ONLY,43401,MEMU,13,1.4,23.1,1.6,24.599999999999998,45.7,0.5,5,2,Normal,0.9,Clear,0.35,0,0,0,0,0,0,0,0.1,0.3,1,2.3,33.5,87.7,0.0,0.0,0.0,2,58.3,6295.0,19.0,26,27.8,0,0.7
SIMULATED TRAINING DATA — PROTOTYPE ONLY,43501,EMU Local,11,0.2,15.7,2.7,20.5,37.1,0.5,4,4,Normal,0.5,Clear,0.37,0,0,0,0,0,0,0,0.18,0.2,1,0.2,33.5,85.9,0.0,0.0,0.0,2,42.0,5710.0,36.0,142,48.8,2,4.9
SIMULATED TRAINING DATA — PROTOTYPE ONLY,43511,EMU Local,7,0.2,45.6,2.5,12.299999999999999,22.3,1.0,18,3,Normal,0.5,Clear,0.43,0,1,0,0,15,1,42,0.95,1.6,3,0.3,31.5,48.5,0.0,0.0,0.0,0,54.2,7084.0,5.8,40,7.8,0,13.3
SIMULATED TRAINING DATA — PROTOTYPE ONLY,66069,EMU Local,17,2.2,41.7,2.3,32.8,61.2,2.0,18,6,Normal,0.3,Clear,0.26,0,0,0,0,0,0,0,0.66,0.1,1,2.6,29.7,63.1,0.7,0.4,0.0,0,92.3,6486.0,36.5,315,45.3,2,7.5
SIMULATED TRAINING DATA — PROTOTYPE ONLY,43407,EMU Local,18,10.7,53.9,1.9,34.849999999999994,73.4,0.5,11,5,Normal,1.2,Clear,0.13,0,0,1,0,15,1,81,0.28,1.0,1,12.1,27.9,48.7,0.0,0.0,0.0,0,21.9,9596.0,34.2,210,47.0,2,16.5
SIMULATED TRAINING DATA — PROTOTYPE ONLY,43201,EMU Local,19,1.3,40.7,1.7,36.9,67.7,1.0,6,5,Normal,0.6,Clear,0.32,0,0,0,0,0,0,0,0.29,2.2,1,3.5,31.1,73.2,0.0,0.0,0.0,0,28.9,8990.0,19.2,132,31.9,1,4.9
SIMULATED TRAINING DATA — PROTOTYPE ONLY,66015,EMU Local,13,2.2,60.4,2.1,24.599999999999998,46.5,1.0,5,4,Warning,5.2,Occupied,0.73,0,0,0,0,0,0,0,0.12,0.2,2,2.4,32.7,63.9,0.0,0.0,0.0,0,13.9,9425.0,19.2,61,32.5,1,9.3
SIMULATED TRAINING DATA — PROTOTYPE ONLY,43223,EMU Local,15,0.4,28.0,1.8,28.699999999999996,52.1,0.5,7,1,Critical,18.2,Restricted,0.91,1,0,0,0,0,0,0,0.24,1.4,1,0.2,26.0,76.3,0.0,0.0,0.0,0,21.0,5517.0,18.0,77,22.2,0,21.7
SIMULATED TRAINING DATA — PROTOTYPE ONLY,43201,EMU Local,1,2.7,60.7,2.4,0.0,2.7,0.5,21,5,Normal,0.0,Clear,0.41,0,1,0,0,15,1,31,0.22,0.1,1,2.9,24.4,80.1,0.0,0.0,0.0,0,59.0,6915.0,15.2,157,19.6,0,10.5
SIMULATED TRAINING DATA — PROTOTYPE ONLY,43239,Fast Local,16,4.8,41.5,2.1,30.749999999999996,60.1,0.5,15,2,Normal,0.1,Clear,0.26,0,0,0,0,0,0,0,0.1,0.4,1,6.0,31.0,90.1,0.0,0.0,0.0,2,47.1,9244.0,28.5,357,40.4,1,2.7
SIMULATED TRAINING DATA — PROTOTYPE ONLY,43423,Fast Local,5,1.3,75.0,1.5,8.2,16.1,0.5,21,5,Normal,2.5,Clear,0.31,0,0,0,0,0,0,0,0.3,0.1,2,1.9,27.9,92.7,0.0,0.0,0.0,2,46.0,5876.0,28.5,259,45.8,2,7.1
SIMULATED TRAINING DATA — PROTOTYPE ONLY,66015,EMU Local,3,1.4,55.1,2.5,4.1,8.8,0.5,13,6,Warning,6.4,Occupied,0.87,0,0,1,0,15,1,39,0.21,0.2,2,0.8,35.5,95.1,0.0,0.0,0.0,2,36.7,8902.0,13.4,339,19.4,0,15.6
SIMULATED TRAINING DATA — PROTOTYPE ONLY,43501,EMU Local,10,7.4,37.4,2.9,18.45,40.6,0.5,11,6,Normal,1.1,Clear,0.26,0,0,0,0,0,0,0,0.39,0.6,1,7.4,36.7,83.2,0.0,0.0,0.0,0,21.3,9368.0,18.6,31,22.6,0,1.7
SIMULATED TRAINING DATA — PROTOTYPE ONLY,43209,MEMU,19,0.0,41.5,2.9,36.9,66.4,0.5,21,2,Normal,0.1,Clear,0.12,0,0,0,0,0,0,0,0.09,0.1,2,0.0,27.5,70.2,0.0,0.0,0.0,0,16.1,6370.0,10.5,60,15.3,0,1.1
SIMULATED TRAINING DATA — PROTOTYPE ONLY,43203,EMU Local,5,4.0,26.9,2.5,8.2,18.8,1.0,20,5,Critical,8.9,Restricted,0.7,1,0,0,0,0,0,0,0.88,0.6,3,3.2,24.7,50.2,0.0,0.0,0.0,0,36.2,9836.0,32.5,338,48.2,2,21.1
SIMULATED TRAINING DATA — PROTOTYPE ONLY,43221,EMU Local,7,2.0,47.4,2.5,12.299999999999999,24.1,1.0,22,4,Warning,5.7,Occupied,0.72,0,0,0,0,0,0,0,0.05,0.2,1,1.2,33.8,62.5,12.1,9.6,1.7,63,72.9,9182.0,13.7,199,20.1,1,8.9
SIMULATED TRAINING DATA — PROTOTYPE ONLY,43247,EMU Local,14,1.4,37.4,1.4,26.65,49.4,1.0,9,4,Warning,4.5,Occupied,0.72,0,0,0,0,0,0,0,0.9,0.3,4,0.0,32.3,55.7,0.0,0.0,0.0,0,38.1,5841.0,26.7,215,43.9,1,8.8
SIMULATED TRAINING DATA — PROTOTYPE ONLY,43511,Fast Local,3,4.3,52.9,1.7,4.1,11.7,1.0,17,5,Warning,3.2,Occupied,0.97,0,0,1,0,30,1,88,0.9,8.6,5,4.1,33.1,77.5,0.0,0.0,0.0,0,33.0,7870.0,34.5,334,48.4,2,16.7
SIMULATED TRAINING DATA — PROTOTYPE ONLY,43425,EMU Local,13,7.2,21.9,2.0,24.599999999999998,51.5,0.5,8,6,Normal,1.3,Clear,0.28,0,0,0,0,0,0,0,0.32,1.6,1,8.6,34.6,97.0,0.0,0.0,0.0,2,11.2,6149.0,15.8,87,19.8,0,3.6
SIMULATED TRAINING DATA — PROTOTYPE ONLY,43401,EMU Local,13,3.3,37.1,2.5,24.599999999999998,47.6,0.5,11,1,Warning,5.7,Occupied,0.83,0,1,0,0,15,1,55,0.21,0.3,2,4.5,29.8,61.3,0.0,0.0,0.0,0,39.9,7310.0,28.2,159,40.9,1,18.1
SIMULATED TRAINING DATA — PROTOTYPE ONLY,66069,MEMU,10,0.1,24.6,1.7,18.45,33.3,0.5,11,0,Normal,0.9,Clear,0.15,0,0,0,0,0,0,0,0.15,0.5,1,0.1,30.7,54.2,0.0,0.0,0.0,0,36.0,7550.0,26.0,357,34.1,1,3.4
SIMULATED TRAINING DATA — PROTOTYPE ONLY,43511,EMU Local,2,2.5,25.5,1.9,2.05,6.2,1.0,21,6,Critical,13.7,Restricted,0.62,1,0,0,0,0,0,0,0.15,0.7,2,4.6,34.7,59.7,0.0,0.0,0.0,0,24.2,8355.0,20.4,96,24.8,0,18.0
SIMULATED TRAINING DATA — PROTOTYPE ONLY,43503,EMU Local,6,2.5,51.1,2.4,10.25,21.0,1.5,12,5,Normal,0.5,Clear,0.48,0,0,0,0,0,0,0,0.11,0.3,2,2.4,33.3,93.2,2.5,2.5,0.0,61,70.2,8075.0,31.4,182,48.2,2,5.5
SIMULATED TRAINING DATA — PROTOTYPE ONLY,43203,Fast Local,8,3.1,58.9,2.2,14.349999999999998,28.9,0.5,17,6,Normal,0.1,Clear,0.11,0,0,0,0,0,0,0,0.62,2.1,1,2.7,39.7,87.1,0.0,0.0,0.0,2,44.6,6773.0,29.0,111,41.6,1,4.3
SIMULATED TRAINING DATA — PROTOTYPE ONLY,43227,EMU Local,4,4.4,7.0,2.3,6.1499999999999995,15.5,0.5,17,6,Normal,0.7,Clear,0.46,0,0,0,0,0,0,0,0.71,6.2,5,2.0,32.7,84.8,0.0,0.0,0.0,0,58.6,7660.0,28.6,121,37.9,1,6.8
SIMULATED TRAINING DATA — PROTOTYPE ONLY,43209,EMU Local,12,0.1,69.9,1.6,22.549999999999997,40.7,1.0,23,3,Normal,1.9,Clear,0.25,0,0,1,0,30,1,89,0.26,1.9,2,0.3,32.5,55.9,7.5,7.0,1.2,63,74.8,5391.0,26.0,56,31.8,1,10.6
SIMULATED TRAINING DATA — PROTOTYPE ONLY,43409,EMU Local,15,2.8,63.1,1.9,28.699999999999996,54.5,1.0,17,0,Normal,0.4,Clear,0.19,0,1,0,0,30,1,75,0.77,6.6,5,1.7,35.0,83.1,10.3,6.1,3.7,63,78.8,7799.0,12.2,213,17.4,1,10.7
SIMULATED TRAINING DATA — PROTOTYPE ONLY,43227,EMU Local,8,3.5,21.8,1.8,14.349999999999998,29.3,0.5,20,6,Normal,0.2,Clear,0.14,0,1,0,1,15,1,62,0.88,6.7,4,5.2,39.8,72.7,0.0,0.0,0.0,0,56.4,9886.0,35.4,180,45.3,2,17.3
SIMULATED TRAINING DATA — PROTOTYPE ONLY,43435,EMU Local,7,1.7,54.4,2.1,12.299999999999999,23.8,0.5,5,5,Normal,0.4,Clear,0.41,0,0,0,0,0,0,0,0.18,0.7,1,0.2,34.4,82.3,0.0,0.0,0.0,0,32.9,7825.0,16.7,71,24.5,0,0.0
SIMULATED TRAINING DATA — PROTOTYPE ONLY,43205,EMU Local,14,4.4,35.1,1.8,26.65,52.4,1.5,17,6,Normal,0.6,Clear,0.29,0,0,0,0,0,0,0,0.88,2.1,5,5.9,30.4,59.2,0.0,0.0,0.0,0,59.7,9350.0,32.2,46,54.2,2,8.9
SIMULATED TRAINING DATA — PROTOTYPE ONLY,43221,EMU Local,19,1.0,40.5,1.8,36.9,67.4,0.5,15,2,Normal,0.1,Clear,0.43,0,0,0,0,0,0,0,0.42,1.0,1,1.2,28.9,71.7,0.0,0.0,0.0,0,35.1,9347.0,26.4,43,40.0,1,3.8
SIMULATED TRAINING DATA — PROTOTYPE ONLY,43505,MEMU,14,1.5,51.0,2.2,26.65,49.5,1.0,19,3,Normal,0.6,Clear,0.19,0,0,0,0,0,0,0,0.97,5.0,3,0.1,32.1,64.9,0.0,0.0,0.0,0,31.0,9777.0,15.4,79,21.1,0,5.8
SIMULATED TRAINING DATA — PROTOTYPE ONLY,43211,EMU Local,13,13.2,49.2,3.4,24.599999999999998,57.5,1.5,9,1,Normal,0.4,Clear,0.37,0,0,1,0,30,1,104,0.87,7.8,3,11.2,27.1,80.3,19.8,19.5,2.8,65,93.1,2427.0,34.8,192,45.7,2,15.2
SIMULATED TRAINING DATA — PROTOTYPE ONLY,43409,EMU Local,21,1.7,33.4,2.5,41.0,75.5,1.5,21,0,Warning,2.6,Occupied,0.64,0,0,0,0,0,0,0,0.12,0.0,1,2.1,34.1,98.0,2.4000000000000004,1.1,0.0,61,90.9,8208.0,8.1,315,11.1,0,1.9
SIMULATED TRAINING DATA — PROTOTYPE ONLY,43217,EMU Local,1,1.7,33.3,1.0,0.0,1.7,0.5,10,0,Normal,0.2,Clear,0.14,0,0,0,0,0,0,0,0.55,4.0,2,0.6,32.7,56.4,7.0,6.8,3.9,63,97.8,9590.0,24.7,357,37.5,1,4.3
SIMULATED TRAINING DATA — PROTOTYPE ONLY,43505,MEMU,19,3.6,34.2,2.3,36.9,70.0,0.5,5,3,Normal,0.1,Clear,0.15,0,0,1,0,15,1,69,0.25,1.7,1,1.2,33.6,69.5,0.0,0.0,0.0,0,42.0,8950.0,26.6,324,33.0,1,10.5
SIMULATED TRAINING DATA — PROTOTYPE ONLY,43503,EMU Local,1,14.2,59.1,1.8,0.0,14.2,0.5,16,1,Normal,0.5,Clear,0.42,0,1,0,0,20,1,18,0.17,0.1,1,16.6,24.4,84.5,0.0,0.0,0.0,0,36.6,7239.0,28.8,118,36.8,1,9.2
SIMULATED TRAINING DATA — PROTOTYPE ONLY,66069,EMU Local,4,16.3,14.1,1.5,6.1499999999999995,27.4,1.0,11,6,Warning,6.4,Occupied,0.87,0,0,1,0,15,1,63,0.33,1.2,1,17.3,36.9,67.1,0.0,0.0,0.0,0,59.3,6347.0,24.2,256,34.8,1,17.6
SIMULATED TRAINING DATA — PROTOTYPE ONLY,43407,EMU Local,10,3.5,39.6,2.5,18.45,36.7,1.0,15,5,Normal,0.2,Clear,0.17,0,0,0,0,0,0,0,0.43,5.4,1,2.1,27.0,62.1,0.0,0.0,0.0,0,31.7,6730.0,11.1,218,18.6,0,3.1
SIMULATED TRAINING DATA — PROTOTYPE ONLY,43203,EMU Local,3,0.0,65.6,2.1,4.1,7.4,2.0,4,1,Normal,0.2,Clear,0.25,0,0,0,0,0,0,0,0.13,0.9,2,0.0,26.5,73.2,1.0,0.3,0.0,0,83.3,5613.0,25.1,353,41.9,1,3.5
SIMULATED TRAINING DATA — PROTOTYPE ONLY,43247,EMU Local,20,9.2,52.6,3.6,38.949999999999996,79.3,1.0,12,5,Warning,4.3,Occupied,0.98,0,0,0,0,0,0,0,0.57,0.1,2,10.6,23.4,67.2,0.0,0.0,0.0,0,24.1,6050.0,28.7,320,34.5,1,6.8
SIMULATED TRAINING DATA — PROTOTYPE ONLY,43237,MEMU,9,3.4,57.8,2.0,16.4,32.9,1.0,11,0,Warning,4.5,Occupied,0.64,0,0,1,0,15,1,43,0.34,3.1,1,1.8,29.1,93.0,0.0,0.0,0.0,2,50.1,8566.0,33.1,213,49.0,2,17.8
SIMULATED TRAINING DATA — PROTOTYPE ONLY,43505,EMU Local,3,1.8,39.8,2.0,4.1,9.2,0.5,12,6,Warning,3.5,Occupied,1.0,0,0,0,0,0,0,0,0.11,0.1,2,1.9,32.1,75.8,16.0,15.9,3.1,65,76.8,2292.0,29.6,289,39.6,2,9.9
SIMULATED TRAINING DATA — PROTOTYPE ONLY,43247,EMU Local,6,7.1,24.5,2.8,10.25,25.5,0.5,8,5,Normal,0.7,Clear,0.47,0,0,0,0,0,0,0,0.86,0.2,4,7.6,31.1,78.0,0.0,0.0,0.0,0,15.9,9163.0,7.4,272,9.0,0,3.0
SIMULATED TRAINING DATA — PROTOTYPE ONLY,43213,EMU Local,6,2.0,42.8,2.1,10.25,20.4,0.5,16,0,Warning,4.8,Occupied,0.67,0,0,0,0,0,0,0,0.06,0.1,2,1.4,34.3,61.6,0.0,0.0,0.0,0,59.3,6271.0,24.2,24,37.6,1,6.9
SIMULATED TRAINING DATA — PROTOTYPE ONLY,43503,MEMU,12,0.1,31.7,1.5,22.549999999999997,40.7,0.5,17,4,Normal,0.4,Clear,0.35,0,0,0,0,0,0,0,0.86,2.0,4,0.0,36.6,73.6,0.0,0.0,0.0,0,27.6,7038.0,27.7,119,42.8,1,7.0
SIMULATED TRAINING DATA — PROTOTYPE ONLY,43203,EMU Local,1,6.9,75.0,1.6,0.0,6.9,1.0,7,3,Warning,5.0,Occupied,0.8,0,0,0,0,0,0,0,0.51,3.0,2,4.6,36.9,71.2,0.0,0.0,0.0,0,27.9,6498.0,37.1,128,53.6,2,13.6
SIMULATED TRAINING DATA — PROTOTYPE ONLY,43215,EMU Local,16,3.2,39.6,1.9,30.749999999999996,58.6,1.0,20,6,Warning,2.7,Occupied,0.92,0,0,0,0,0,0,0,0.49,0.5,1,3.8,30.5,80.2,0.0,0.0,0.0,0,24.2,6636.0,9.3,150,13.8,0,3.1
SIMULATED TRAINING DATA — PROTOTYPE ONLY,43403,EMU Local,5,1.7,51.6,2.5,8.2,16.5,0.5,12,1,Warning,2.0,Occupied,0.99,0,0,0,0,0,0,0,0.23,0.4,2,4.6,30.9,80.0,0.0,0.0,0.0,0,48.4,9057.0,14.4,56,19.0,0,2.1
SIMULATED TRAINING DATA — PROTOTYPE ONLY,43221,EMU Local,9,1.2,67.5,2.9,16.4,30.7,0.5,23,2,Normal,0.3,Clear,0.15,0,0,0,0,0,0,0,0.43,0.2,2,0.0,31.0,65.2,0.0,0.0,0.0,0,56.9,8610.0,31.6,322,46.5,2,7.5
SIMULATED TRAINING DATA — PROTOTYPE ONLY,43213,EMU Local,10,3.6,25.5,2.6,18.45,36.8,0.5,18,3,Warning,3.8,Occupied,0.61,0,0,0,0,0,0,0,0.82,1.0,4,2.4,29.8,73.5,2.9,2.5,0.0,61,87.0,6934.0,24.6,24,29.7,0,5.9
SIMULATED TRAINING DATA — PROTOTYPE ONLY,66015,EMU Local,13,0.9,7.8,2.4,24.599999999999998,45.2,0.5,23,5,Normal,0.3,Clear,0.39,0,0,0,0,0,0,0,0.29,2.4,2,1.8,39.6,83.7,0.0,0.0,0.0,0,14.7,6798.0,15.3,336,23.5,0,0.9
SIMULATED TRAINING DATA — PROTOTYPE ONLY,43409,EMU Local,15,1.6,49.4,2.8,28.699999999999996,53.3,1.5,7,4,Normal,0.1,Clear,0.12,0,0,0,0,0,0,0,0.2,0.8,1,0.0,32.7,64.6,0.0,0.0,0.0,0,48.6,8355.0,27.6,248,33.4,1,2.8
SIMULATED TRAINING DATA — PROTOTYPE ONLY,43223,EMU Local,12,4.0,52.2,2.5,22.549999999999997,44.6,1.5,5,3,Normal,0.1,Clear,0.32,0,0,0,0,0,0,0,0.39,1.5,2,3.1,33.5,94.9,0.0,0.0,0.0,2,48.9,8453.0,14.4,65,20.1,0,2.0
SIMULATED TRAINING DATA — PROTOTYPE ONLY,43203,EMU Local,5,8.5,35.8,1.6,8.2,23.3,0.5,16,0,Normal,0.8,Clear,0.24,0,0,0,0,0,0,0,0.4,0.4,1,8.8,34.2,57.9,0.0,0.0,0.0,0,42.5,5230.0,11.0,228,14.3,0,1.4
SIMULATED TRAINING DATA — PROTOTYPE ONLY,43201,EMU Local,5,3.0,24.7,2.0,8.2,17.8,1.0,7,3,Normal,0.1,Clear,0.43,0,0,0,0,0,0,0,0.23,0.1,1,2.0,36.4,68.9,21.0,19.5,2.7,65,99.2,3361.0,8.4,236,12.6,2,6.7
SIMULATED TRAINING DATA — PROTOTYPE ONLY,43239,EMU Local,18,5.7,46.6,1.8,34.849999999999994,68.4,0.5,21,6,Normal,0.2,Clear,0.24,0,0,0,0,0,0,0,0.36,2.8,1,6.3,30.6,61.2,0.0,0.0,0.0,0,35.0,7911.0,24.5,234,31.7,1,4.7
SIMULATED TRAINING DATA — PROTOTYPE ONLY,43201,MEMU,12,5.8,41.6,2.9,22.549999999999997,46.4,0.5,19,5,Normal,1.3,Clear,0.36,0,0,1,0,30,1,93,0.62,6.2,2,6.3,33.5,78.1,0.0,0.0,0.0,0,11.6,7940.0,14.0,69,18.9,0,9.7
SIMULATED TRAINING DATA — PROTOTYPE ONLY,43203,Fast Local,3,4.4,46.8,1.5,4.1,11.8,1.0,13,3,Normal,0.5,Clear,0.17,0,0,0,1,0,1,17,0.35,0.1,2,4.5,33.9,72.1,0.0,0.0,0.0,0,22.8,5968.0,26.6,249,43.0,1,9.1
SIMULATED TRAINING DATA — PROTOTYPE ONLY,66069,Fast Local,7,1.1,25.0,1.5,12.299999999999999,23.2,0.5,5,6,Warning,7.0,Occupied,0.69,0,0,0,0,0,0,0,0.19,0.5,1,0.2,25.3,55.9,0.0,0.0,0.0,0,43.6,5330.0,29.0,52,46.5,2,13.5
SIMULATED TRAINING DATA — PROTOTYPE ONLY,43213,Fast Local,17,8.1,46.9,2.2,32.8,67.1,0.5,17,3,Warning,4.6,Occupied,0.94,0,0,1,0,20,1,64,0.62,1.3,1,7.6,29.5,97.0,0.0,0.0,0.0,2,28.1,9899.0,32.1,270,43.2,1,17.1
SIMULATED TRAINING DATA — PROTOTYPE ONLY,43221,EMU Local,19,2.3,54.3,3.3,36.9,68.7,0.5,5,5,Normal,0.2,Clear,0.17,0,0,0,0,0,0,0,0.39,1.8,2,2.4,30.8,65.0,7.4,6.4,2.2,63,96.8,5634.0,20.6,218,26.3,1,4.5
SIMULATED TRAINING DATA — PROTOTYPE ONLY,66069,MEMU,18,0.2,19.4,2.5,34.849999999999994,62.9,0.5,21,2,Critical,17.3,Restricted,0.73,1,0,0,0,0,0,0,0.22,0.3,1,0.5,35.5,48.3,0.0,0.0,0.0,0,15.4,9361.0,10.6,118,14.9,0,22.1
SIMULATED TRAINING DATA — PROTOTYPE ONLY,43251,EMU Local,1,1.1,63.9,2.7,0.0,1.1,0.5,4,4,Normal,0.7,Clear,0.36,0,0,0,0,0,0,0,0.3,1.0,1,2.8,45.5,74.8,0.0,0.0,0.0,0,48.2,6749.0,10.9,135,13.7,0,3.2
SIMULATED TRAINING DATA — PROTOTYPE ONLY,43505,EMU Local,5,5.8,45.8,1.4,8.2,20.6,0.5,16,3,Warning,3.9,Occupied,0.89,0,0,0,0,0,0,0,0.36,0.1,2,6.7,29.8,73.5,0.0,0.0,0.0,0,24.1,9263.0,16.6,302,26.3,0,3.7
SIMULATED TRAINING DATA — PROTOTYPE ONLY,43423,EMU Local,2,0.3,54.8,2.5,2.05,4.0,0.5,9,3,Normal,1.0,Clear,0.37,0,0,0,0,0,0,0,0.86,5.2,4,0.0,29.6,64.4,0.0,0.0,0.0,0,58.2,8128.0,27.1,321,33.7,1,7.5
SIMULATED TRAINING DATA — PROTOTYPE ONLY,43201,EMU Local,1,0.6,22.8,1.4,0.0,0.6,1.0,20,2,Critical,21.4,Restricted,0.98,1,0,0,0,0,0,0,0.79,0.8,5,1.3,33.3,61.9,0.0,0.0,0.0,0,46.9,5247.0,34.9,54,47.2,2,32.0
SIMULATED TRAINING DATA — PROTOTYPE ONLY,43423,MEMU,7,4.7,52.2,2.5,12.299999999999999,26.8,0.5,20,1,Warning,3.5,Occupied,0.88,0,0,1,1,30,1,24,0.8,1.1,4,5.5,24.6,71.7,0.0,0.0,0.0,0,27.7,9558.0,36.0,225,59.1,2,15.1
SIMULATED TRAINING DATA — PROTOTYPE ONLY,43245,EMU Local,11,8.9,17.3,1.2,20.5,45.8,0.5,14,3,Normal,1.8,Clear,0.43,0,0,1,0,30,1,41,0.34,0.6,1,8.1,24.4,59.4,0.0,0.0,0.0,0,27.2,8853.0,13.1,82,17.1,0,5.6
SIMULATED TRAINING DATA — PROTOTYPE ONLY,43227,EMU Local,11,4.0,27.8,1.9,20.5,40.9,0.5,9,6,Normal,0.1,Clear,0.32,0,0,0,0,0,0,0,0.5,0.4,2,4.7,31.0,82.3,0.0,0.0,0.0,0,17.1,7321.0,9.9,192,13.7,0,1.3
SIMULATED TRAINING DATA — PROTOTYPE ONLY,43501,Fast Local,18,1.0,46.0,1.0,34.849999999999994,63.7,1.5,23,5,Normal,1.1,Clear,0.3,0,0,0,0,0,0,0,0.19,1.1,1,0.7,29.3,81.3,1.5,1.0,0.0,61,94.7,7972.0,33.3,141,50.2,2,7.9
SIMULATED TRAINING DATA — PROTOTYPE ONLY,43401,EMU Local,17,0.2,37.9,1.6,32.8,59.2,0.5,6,6,Normal,0.6,Clear,0.48,0,0,0,0,0,0,0,0.47,0.1,1,0.6,36.0,72.9,0.0,0.0,0.0,0,34.7,6642.0,27.7,290,35.0,1,4.6
SIMULATED TRAINING DATA — PROTOTYPE ONLY,43249,EMU Local,2,3.8,42.4,1.2,2.05,7.5,1.5,17,5,Normal,0.0,Clear,0.35,0,0,0,0,0,0,0,0.76,7.2,3,5.0,30.0,58.1,0.0,0.0,0.0,0,51.2,5729.0,18.8,175,30.4,1,6.3
SIMULATED TRAINING DATA — PROTOTYPE ONLY,43213,Fast Local,7,0.2,70.9,2.5,12.299999999999999,22.3,0.5,9,3,Normal,0.3,Clear,0.39,0,0,0,1,0,1,35,0.89,8.3,4,1.4,26.3,58.5,0.0,0.0,0.0,0,23.8,5288.0,8.7,312,14.3,0,6.9
SIMULATED TRAINING DATA — PROTOTYPE ONLY,43501,EMU Local,7,3.8,42.2,2.2,12.299999999999999,25.9,1.5,20,1,Normal,0.4,Clear,0.13,0,0,0,0,0,0,0,0.52,3.2,1,2.8,27.4,76.3,0.0,0.0,0.0,0,27.0,7704.0,17.4,294,27.7,0,3.2
SIMULATED TRAINING DATA — PROTOTYPE ONLY,43213,EMU Local,10,1.0,52.6,1.8,18.45,34.2,0.5,6,5,Normal,1.3,Clear,0.39,0,1,0,1,30,1,31,0.69,7.3,2,0.0,36.3,77.1,0.0,0.0,0.0,0,33.9,5898.0,5.3,303,8.0,0,9.8
SIMULATED TRAINING DATA — PROTOTYPE ONLY,43215,EMU Local,21,9.4,41.0,2.2,41.0,83.2,0.5,20,6,Warning,6.6,Occupied,0.88,0,0,0,0,0,0,0,0.77,3.9,5,11.5,28.6,72.3,0.0,0.0,0.0,0,45.3,6774.0,34.1,36,52.7,2,14.0
SIMULATED TRAINING DATA — PROTOTYPE ONLY,43227,EMU Local,3,2.6,40.6,1.6,4.1,10.0,1.0,22,6,Warning,5.8,Occupied,0.83,0,0,0,0,0,0,0,0.66,1.9,1,4.7,30.1,78.4,0.0,0.0,0.0,0,53.1,6511.0,30.2,359,50.3,2,11.6
SIMULATED TRAINING DATA — PROTOTYPE ONLY,43213,Fast Local,12,1.0,27.3,2.3,22.549999999999997,41.6,1.0,21,3,Normal,0.1,Clear,0.44,0,0,0,0,0,0,0,0.34,1.5,1,1.9,30.3,78.4,0.0,0.0,0.0,0,57.7,6875.0,22.4,111,35.9,1,3.3
SIMULATED TRAINING DATA — PROTOTYPE ONLY,43245,EMU Local,3,7.7,47.5,2.1,4.1,15.1,1.0,8,3,Normal,0.5,Clear,0.38,0,0,0,0,0,0,0,0.76,0.0,4,7.3,29.2,72.3,0.0,0.0,0.0,0,12.4,5850.0,22.8,333,37.9,1,5.5
SIMULATED TRAINING DATA — PROTOTYPE ONLY,43221,EMU Local,11,1.2,75.0,3.5,20.5,38.1,0.5,18,3,Normal,0.1,Clear,0.26,0,1,0,0,30,1,34,0.76,3.1,5,0.8,32.7,73.0,0.0,0.0,0.0,0,52.3,8916.0,9.5,147,15.8,0,8.4
SIMULATED TRAINING DATA — PROTOTYPE ONLY,43203,EMU Local,12,1.5,43.3,3.1,22.549999999999997,42.1,0.5,6,4,Normal,0.0,Clear,0.27,0,0,0,0,0,0,0,0.26,0.0,2,0.3,38.6,52.5,0.0,0.0,0.0,0,16.3,8670.0,35.0,301,52.2,2,5.7
SIMULATED TRAINING DATA — PROTOTYPE ONLY,43203,EMU Local,4,7.2,38.0,2.7,6.1499999999999995,18.3,1.0,11,5,Normal,2.9,Clear,0.18,0,0,0,0,0,0,0,0.22,1.7,1,7.5,33.7,72.4,0.0,0.0,0.0,0,59.1,9094.0,13.0,191,16.9,0,3.4
SIMULATED TRAINING DATA — PROTOTYPE ONLY,66015,Fast Local,16,1.5,59.1,2.3,30.749999999999996,56.8,1.5,10,0,Warning,2.5,Occupied,0.91,0,0,0,0,0,0,0,0.5,4.0,2,1.4,34.8,70.1,0.0,0.0,0.0,0,12.2,7436.0,8.6,314,11.5,0,5.6
SIMULATED TRAINING DATA — PROTOTYPE ONLY,43503,EMU Local,20,2.1,57.3,2.4,38.949999999999996,72.2,2.0,21,4,Warning,2.0,Occupied,0.74,0,1,0,0,30,1,93,0.66,0.3,1,2.0,27.6,62.3,10.1,9.4,4.0,63,90.4,8519.0,31.8,59,53.1,2,13.0
SIMULATED TRAINING DATA — PROTOTYPE ONLY,43423,EMU Local,18,1.7,48.6,2.8,34.849999999999994,64.4,1.0,13,1,Normal,0.6,Clear,0.16,0,0,0,0,0,0,0,0.25,1.0,1,0.3,33.0,79.1,5.2,4.0,0.0,61,81.4,5673.0,26.9,303,41.7,1,4.2
SIMULATED TRAINING DATA — PROTOTYPE ONLY,43407,EMU Local,4,0.5,37.4,2.3,6.1499999999999995,11.6,0.5,13,4,Normal,0.9,Clear,0.27,0,0,0,0,0,0,0,0.18,0.7,2,1.6,37.0,71.2,0.0,0.0,0.0,0,22.4,7951.0,9.9,117,13.4,0,0.0
SIMULATED TRAINING DATA — PROTOTYPE ONLY,43223,EMU Local,6,0.2,59.2,2.3,10.25,18.6,0.5,22,6,Normal,0.0,Clear,0.43,0,0,0,0,0,0,0,0.14,0.3,1,0.7,30.6,75.5,0.0,0.0,0.0,0,52.8,9671.0,5.2,33,8.5,0,0.8
SIMULATED TRAINING DATA — PROTOTYPE ONLY,43201,Fast Local,21,5.2,43.8,1.8,41.0,79.0,1.0,4,4,Critical,13.5,Restricted,0.79,1,0,0,0,0,0,0,0.23,0.0,1,5.7,31.5,48.2,0.0,0.0,0.0,0,51.7,6534.0,30.7,191,51.2,2,24.7
SIMULATED TRAINING DATA — PROTOTYPE ONLY,43207,EMU Local,15,4.1,55.7,1.7,28.699999999999996,55.8,1.0,5,2,Warning,4.4,Occupied,0.88,0,0,0,0,0,0,0,0.22,0.1,2,2.0,34.6,69.9,0.0,0.0,0.0,0,23.2,8064.0,34.0,161,53.5,2,11.7
SIMULATED TRAINING DATA — PROTOTYPE ONLY,43223,EMU Local,1,1.3,29.7,2.0,0.0,1.3,1.5,4,1,Normal,0.0,Clear,0.46,0,1,0,0,30,1,104,0.07,0.3,2,0.0,37.6,79.7,0.0,0.0,0.0,0,35.2,6103.0,26.6,125,34.1,1,4.4
SIMULATED TRAINING DATA — PROTOTYPE ONLY,43201,EMU Local,3,1.4,33.2,1.0,4.1,8.8,1.0,12,1,Normal,0.5,Clear,0.4,0,0,1,0,15,1,26,0.21,0.6,1,0.1,36.2,67.4,1.2000000000000002,0.8,0.0,61,81.3,6493.0,33.0,182,40.8,1,10.0
SIMULATED TRAINING DATA — PROTOTYPE ONLY,43401,MEMU,5,11.6,43.5,2.1,8.2,26.4,1.5,18,1,Normal,0.4,Clear,0.12,0,0,0,0,0,0,0,0.54,0.1,1,12.5,26.4,69.9,0.0,0.0,0.0,0,16.8,9766.0,27.0,86,35.3,1,1.8
SIMULATED TRAINING DATA — PROTOTYPE ONLY,43423,EMU Local,17,17.6,23.5,2.0,32.8,76.6,1.0,21,4,Normal,0.5,Clear,0.13,0,0,0,0,0,0,0,0.27,0.7,2,17.0,32.8,74.8,0.0,0.0,0.0,0,28.0,5446.0,37.4,272,62.0,2,5.0
SIMULATED TRAINING DATA — PROTOTYPE ONLY,43409,Fast Local,14,2.6,36.5,2.6,26.65,50.6,1.0,21,1,Normal,0.4,Clear,0.37,0,0,0,0,0,0,0,0.26,1.7,1,1.4,29.1,71.9,4.9,1.7,0.0,61,91.4,8855.0,37.2,85,51.2,2,7.1
SIMULATED TRAINING DATA — PROTOTYPE ONLY,43401,EMU Local,9,6.5,22.8,2.8,16.4,36.0,1.0,10,5,Normal,0.9,Clear,0.25,0,0,0,0,0,0,0,0.5,3.9,2,7.3,30.2,87.8,0.0,0.0,0.0,2,43.1,9374.0,33.1,72,53.3,2,9.4
SIMULATED TRAINING DATA — PROTOTYPE ONLY,43407,Fast Local,3,5.3,18.8,3.6,4.1,12.7,0.5,17,2,Warning,5.1,Occupied,0.98,0,0,0,0,0,0,0,0.77,3.2,5,4.9,26.3,78.4,0.0,0.0,0.0,0,40.2,7993.0,26.5,82,43.7,1,11.8
SIMULATED TRAINING DATA — PROTOTYPE ONLY,43435,EMU Local,13,1.4,75.0,2.4,24.599999999999998,45.7,1.0,21,3,Normal,1.3,Clear,0.26,0,0,0,0,0,0,0,0.63,2.4,1,1.8,30.4,77.6,15.299999999999999,15.1,3.1,65,99.1,1883.0,7.6,304,9.2,2,7.9
SIMULATED TRAINING DATA — PROTOTYPE ONLY,43211,EMU Local,3,0.2,32.9,2.2,4.1,7.6,2.0,23,4,Critical,17.7,Restricted,0.75,1,0,0,0,0,0,0,0.82,4.2,4,0.0,28.1,75.9,0.0,0.0,0.0,0,48.9,8792.0,31.4,255,52.0,2,32.1
SIMULATED TRAINING DATA — PROTOTYPE ONLY,43251,EMU Local,11,0.6,34.2,1.8,20.5,37.5,0.5,22,3,Normal,0.8,Clear,0.38,0,0,0,0,0,0,0,0.2,0.1,1,0.6,30.9,87.0,0.0,0.0,0.0,2,59.7,6996.0,28.8,298,43.4,1,1.4
SIMULATED TRAINING DATA — PROTOTYPE ONLY,43251,EMU Local,2,7.3,43.2,1.5,2.05,11.0,1.0,8,3,Normal,0.3,Clear,0.12,0,1,0,0,15,1,60,0.81,0.6,4,8.9,33.5,77.2,0.0,0.0,0.0,0,33.0,8837.0,32.9,150,49.3,2,16.4
SIMULATED TRAINING DATA — PROTOTYPE ONLY,43251,Fast Local,15,5.3,26.1,2.6,28.699999999999996,57.0,0.5,12,4,Normal,0.3,Clear,0.23,0,0,0,0,0,0,0,0.18,0.4,1,6.8,32.6,58.9,0.0,0.0,0.0,0,19.7,5641.0,36.5,61,49.6,2,6.0
SIMULATED TRAINING DATA — PROTOTYPE ONLY,43435,MEMU,13,4.4,34.5,2.1,24.599999999999998,48.7,1.0,21,5,Normal,0.9,Clear,0.33,0,0,0,0,0,0,0,0.14,0.3,2,3.4,35.0,84.4,0.0,0.0,0.0,0,31.2,8093.0,37.8,111,47.0,2,6.2
SIMULATED TRAINING DATA — PROTOTYPE ONLY,43407,EMU Local,19,0.6,69.5,2.4,36.9,67.0,1.0,16,4,Warning,6.7,Occupied,0.68,0,1,0,0,20,1,21,0.18,0.1,2,0.3,29.6,62.7,0.0,0.0,0.0,0,31.2,6865.0,8.4,189,13.1,0,12.9
SIMULATED TRAINING DATA — PROTOTYPE ONLY,43249,EMU Local,16,4.1,47.4,2.1,30.749999999999996,59.4,1.5,8,1,Normal,0.4,Clear,0.1,0,0,1,0,30,1,112,0.76,3.0,4,5.1,24.7,78.9,0.0,0.0,0.0,0,48.8,5067.0,5.3,223,7.1,0,6.8
SIMULATED TRAINING DATA — PROTOTYPE ONLY,43213,EMU Local,18,5.9,56.8,2.1,34.849999999999994,68.6,1.0,23,2,Warning,5.0,Occupied,0.88,0,0,0,1,0,1,57,0.12,0.6,2,6.0,37.9,58.1,0.0,0.0,0.0,0,23.3,7656.0,29.0,317,41.7,1,9.5
SIMULATED TRAINING DATA — PROTOTYPE ONLY,43221,MEMU,7,7.9,65.6,2.2,12.299999999999999,30.0,0.5,18,4,Normal,0.7,Clear,0.31,0,0,0,0,0,0,0,0.53,0.6,2,8.3,33.7,52.1,0.0,0.0,0.0,0,36.5,7963.0,34.2,18,45.5,2,6.4
SIMULATED TRAINING DATA — PROTOTYPE ONLY,66069,EMU Local,13,0.1,45.2,2.4,24.599999999999998,44.4,0.5,22,3,Normal,0.4,Clear,0.35,0,0,0,0,0,0,0,0.23,0.3,2,1.8,33.9,68.7,0.0,0.0,0.0,0,30.3,9630.0,23.8,325,34.2,1,3.8
SIMULATED TRAINING DATA — PROTOTYPE ONLY,43245,EMU Local,4,4.6,38.7,2.7,6.1499999999999995,15.7,1.0,23,4,Warning,7.0,Occupied,0.76,0,0,0,0,0,0,0,0.63,0.7,1,4.9,33.7,92.0,0.0,0.0,0.0,2,32.7,9613.0,7.0,171,9.9,0,9.0
SIMULATED TRAINING DATA — PROTOTYPE ONLY,43435,EMU Local,9,0.1,20.5,1.4,16.4,29.6,0.5,14,2,Critical,10.4,Restricted,0.85,1,0,0,0,0,0,0,0.13,0.1,2,0.0,32.5,60.0,0.0,0.0,0.0,0,15.0,8496.0,31.4,86,46.6,2,18.7
SIMULATED TRAINING DATA — PROTOTYPE ONLY,43249,EMU Local,10,4.9,36.3,2.5,18.45,38.1,1.0,12,0,Normal,1.2,Clear,0.35,0,0,0,0,0,0,0,0.54,0.9,1,6.4,35.5,58.9,0.8,0.6,0.0,61,80.1,6892.0,11.1,243,16.8,0,3.2
SIMULATED TRAINING DATA — PROTOTYPE ONLY,43503,EMU Local,9,4.0,39.6,1.3,16.4,33.5,0.5,19,5,Critical,21.8,Restricted,0.97,1,0,0,0,0,0,0,0.53,1.1,2,3.0,28.9,63.5,0.0,0.0,0.0,0,41.7,5146.0,20.9,223,28.9,0,28.0
SIMULATED TRAINING DATA — PROTOTYPE ONLY,43251,EMU Local,7,0.6,29.9,2.5,12.299999999999999,22.7,1.5,14,3,Normal,0.8,Clear,0.44,0,1,0,0,20,1,93,0.55,1.3,2,0.6,34.7,48.8,5.1000000000000005,4.4,0.0,61,87.3,8582.0,17.2,180,26.6,1,12.7
SIMULATED TRAINING DATA — PROTOTYPE ONLY,43245,EMU Local,15,5.8,65.2,2.3,28.699999999999996,57.5,0.5,5,0,Normal,0.0,Clear,0.48,0,0,0,0,0,0,0,0.52,1.2,2,5.1,32.9,87.9,1.5,1.2,0.0,61,90.0,6992.0,21.3,94,31.3,1,5.3
SIMULATED TRAINING DATA — PROTOTYPE ONLY,43209,Fast Local,8,0.3,58.5,2.1,14.349999999999998,26.1,1.5,11,0,Warning,4.2,Occupied,0.6,0,0,0,0,0,0,0,0.47,1.6,2,0.0,32.0,94.5,0.0,0.0,0.0,2,13.5,6543.0,10.1,357,13.3,0,5.1
SIMULATED TRAINING DATA — PROTOTYPE ONLY,43247,EMU Local,19,7.0,56.8,2.1,36.9,73.4,1.0,8,6,Normal,0.2,Clear,0.28,0,0,1,0,20,1,48,0.84,1.2,4,6.9,29.5,69.9,1.4,0.8,0.0,61,92.1,6706.0,27.2,167,34.4,1,9.7
SIMULATED TRAINING DATA — PROTOTYPE ONLY,43201,EMU Local,11,1.2,40.3,2.2,20.5,38.1,0.5,14,2,Normal,0.6,Clear,0.3,0,1,0,1,20,1,23,0.36,0.9,1,1.3,32.5,62.9,0.0,0.0,0.0,0,13.5,5393.0,18.5,287,25.3,0,7.9
SIMULATED TRAINING DATA — PROTOTYPE ONLY,43435,EMU Local,5,4.7,26.5,2.8,8.2,19.5,1.0,14,5,Normal,0.2,Clear,0.21,0,0,0,0,0,0,0,0.17,0.4,2,4.4,30.7,66.3,0.0,0.0,0.0,0,30.7,5952.0,17.7,219,29.3,0,0.0
SIMULATED TRAINING DATA — PROTOTYPE ONLY,43511,MEMU,2,10.3,61.9,2.7,2.05,14.0,1.5,12,4,Normal,0.0,Clear,0.3,0,0,1,1,30,1,90,0.07,0.0,1,11.5,34.9,59.8,5.7,0.3,0.0,0,82.6,8554.0,10.8,1,15.4,0,6.0
SIMULATED TRAINING DATA — PROTOTYPE ONLY,43219,EMU Local,10,1.7,47.0,2.6,18.45,34.9,1.0,14,0,Normal,0.1,Clear,0.16,0,1,0,0,30,1,108,0.1,0.3,1,0.8,29.7,73.2,0.0,0.0,0.0,0,47.0,6747.0,25.5,95,40.0,1,6.7
SIMULATED TRAINING DATA — PROTOTYPE ONLY,43249,EMU Local,16,2.8,53.6,1.3,30.749999999999996,58.1,0.5,8,6,Normal,0.1,Clear,0.37,0,0,0,0,0,0,0,0.89,1.0,3,3.2,27.4,82.6,0.0,0.0,0.0,0,56.5,5266.0,26.8,198,41.9,1,5.4
SIMULATED TRAINING DATA — PROTOTYPE ONLY,43219,EMU Local,13,2.5,51.3,2.4,24.599999999999998,46.8,2.0,12,1,Warning,6.8,Occupied,0.82,0,1,0,1,15,1,69,0.59,0.1,2,1.0,33.8,92.5,0.0,0.0,0.0,2,36.4,6482.0,7.7,284,12.9,0,16.3
SIMULATED TRAINING DATA — PROTOTYPE ONLY,43205,EMU Local,8,0.7,46.7,1.0,14.349999999999998,26.5,0.5,4,4,Normal,0.1,Clear,0.19,0,0,0,0,0,0,0,0.41,1.5,2,3.6,39.9,62.7,0.0,0.0,0.0,0,27.9,9429.0,32.2,54,40.0,1,5.3
SIMULATED TRAINING DATA — PROTOTYPE ONLY,43219,EMU Local,9,3.6,72.0,1.0,16.4,33.1,0.5,13,5,Normal,0.7,Clear,0.18,0,1,0,0,15,1,68,0.13,0.0,1,2.8,32.5,61.3,0.0,0.0,0.0,0,37.9,9480.0,34.3,132,53.4,2,10.8
SIMULATED TRAINING DATA — PROTOTYPE ONLY,43201,MEMU,11,5.4,32.1,2.8,20.5,42.3,1.0,11,3,Warning,6.6,Occupied,0.72,0,0,0,0,0,0,0,0.15,0.3,2,3.5,30.9,79.2,0.0,0.0,0.0,0,17.3,8774.0,37.6,348,60.0,2,9.9
SIMULATED TRAINING DATA — PROTOTYPE ONLY,43505,Fast Local,11,9.9,37.4,1.2,20.5,46.8,0.5,22,4,Normal,0.3,Clear,0.16,0,0,0,0,0,0,0,0.45,1.5,2,9.6,38.7,68.8,0.0,0.0,0.0,0,50.3,5437.0,16.4,228,26.9,0,0.6
SIMULATED TRAINING DATA — PROTOTYPE ONLY,43423,EMU Local,16,7.6,66.6,2.0,30.749999999999996,63.0,1.0,19,2,Normal,1.7,Clear,0.46,0,0,0,1,0,1,113,0.35,8.0,2,7.9,33.3,71.2,0.0,0.0,0.0,0,37.3,9608.0,25.0,1,36.6,1,11.8
SIMULATED TRAINING DATA — PROTOTYPE ONLY,43201,EMU Local,10,2.9,43.2,2.9,18.45,36.1,1.0,16,6,Warning,2.1,Occupied,0.7,0,0,0,0,0,0,0,0.07,0.2,1,4.0,30.9,68.6,0.0,0.0,0.0,0,11.3,9447.0,9.0,245,11.4,0,1.9
SIMULATED TRAINING DATA — PROTOTYPE ONLY,43247,Fast Local,12,5.1,40.1,2.5,22.549999999999997,45.7,1.0,8,2,Warning,5.6,Occupied,0.81,0,0,0,1,0,1,51,0.67,0.9,1,6.4,38.4,75.3,0.0,0.0,0.0,0,34.9,5698.0,18.9,123,23.3,0,10.6
SIMULATED TRAINING DATA — PROTOTYPE ONLY,43209,EMU Local,6,6.5,38.2,2.3,10.25,25.0,0.5,21,3,Normal,0.2,Clear,0.23,0,0,0,0,0,0,0,0.44,1.0,1,7.2,28.5,78.2,0.0,0.0,0.0,0,41.1,7079.0,33.3,41,41.6,1,4.2
SIMULATED TRAINING DATA — PROTOTYPE ONLY,66069,MEMU,12,2.7,52.2,2.1,22.549999999999997,43.3,1.0,12,3,Normal,0.3,Clear,0.23,0,0,1,0,30,1,65,0.11,0.1,2,3.7,30.2,71.9,0.0,0.0,0.0,0,17.4,7577.0,28.8,148,37.6,1,7.4
SIMULATED TRAINING DATA — PROTOTYPE ONLY,43245,EMU Local,10,0.5,38.6,2.2,18.45,33.7,1.0,7,3,Normal,0.3,Clear,0.5,0,0,0,0,0,0,0,0.36,0.7,1,1.8,32.9,63.4,2.8,1.2,0.0,61,74.4,5008.0,22.0,267,27.1,0,0.9
SIMULATED TRAINING DATA — PROTOTYPE ONLY,43249,Fast Local,18,2.3,36.9,1.7,34.849999999999994,65.0,1.0,17,6,Normal,0.4,Clear,0.19,0,0,0,0,0,0,0,0.2,1.4,1,2.6,42.8,84.5,2.2,0.8,0.0,61,75.5,6462.0,32.7,281,44.4,1,4.5
SIMULATED TRAINING DATA — PROTOTYPE ONLY,43237,MEMU,18,7.4,51.9,1.8,34.849999999999994,70.1,1.0,10,6,Normal,0.4,Clear,0.18,0,0,0,0,0,0,0,0.45,0.2,1,6.5,27.8,70.1,0.0,0.0,0.0,0,34.3,6385.0,32.4,132,50.3,2,6.0
SIMULATED TRAINING DATA — PROTOTYPE ONLY,43409,Fast Local,4,3.6,43.4,2.2,6.1499999999999995,14.7,0.5,15,2,Normal,0.1,Clear,0.34,0,0,0,0,0,0,0,0.43,1.1,2,3.7,27.0,89.1,0.0,0.0,0.0,2,33.6,7674.0,35.0,195,53.2,2,7.4
SIMULATED TRAINING DATA — PROTOTYPE ONLY,66015,EMU Local,9,5.2,26.9,2.2,16.4,34.7,1.0,10,5,Normal,0.8,Clear,0.4,0,0,0,0,0,0,0,0.79,2.7,3,4.3,32.4,59.4,7.7,7.5,1.9,63,73.8,5035.0,11.6,40,18.4,1,6.2
SIMULATED TRAINING DATA — PROTOTYPE ONLY,43511,EMU Local,7,0.8,42.5,2.0,12.299999999999999,22.9,1.0,14,6,Normal,0.3,Clear,0.49,0,0,0,0,0,0,0,0.22,0.3,1,2.1,37.5,66.1,0.0,0.0,0.0,0,54.2,7247.0,12.6,267,17.8,0,0.8
SIMULATED TRAINING DATA — PROTOTYPE ONLY,43219,Fast Local,18,13.3,62.9,1.0,34.849999999999994,76.0,1.0,18,5,Normal,0.0,Clear,0.38,0,0,0,0,0,0,0,0.92,4.3,4,14.7,35.1,55.3,0.0,0.0,0.0,0,23.6,6651.0,37.2,63,60.2,2,9.9
SIMULATED TRAINING DATA — PROTOTYPE ONLY,66015,EMU Local,8,2.1,53.5,3.0,14.349999999999998,27.9,1.0,10,6,Warning,2.6,Occupied,0.62,0,1,0,0,20,1,37,0.75,2.9,3,3.6,28.8,80.5,0.0,0.0,0.0,0,47.1,7786.0,21.7,50,32.4,1,15.1
SIMULATED TRAINING DATA — PROTOTYPE ONLY,43203,EMU Local,11,4.2,64.8,2.7,20.5,41.1,0.5,23,4,Normal,0.8,Clear,0.26,0,0,0,0,0,0,0,0.47,1.0,2,2.8,26.9,77.0,9.1,5.8,3.0,63,98.1,6868.0,26.4,352,36.3,1,6.4
SIMULATED TRAINING DATA — PROTOTYPE ONLY,43223,MEMU,7,0.1,31.0,2.0,12.299999999999999,22.2,0.5,20,0,Normal,0.1,Clear,0.34,0,1,0,0,30,1,25,0.16,0.6,1,1.4,28.9,78.7,0.0,0.0,0.0,0,28.4,5871.0,34.9,196,43.0,1,6.9
SIMULATED TRAINING DATA — PROTOTYPE ONLY,66015,MEMU,9,0.5,58.1,2.7,16.4,30.0,1.0,8,0,Normal,0.0,Clear,0.34,0,1,0,0,15,1,68,0.91,5.8,4,0.0,31.9,67.6,0.0,0.0,0.0,0,28.5,8825.0,22.9,228,30.2,1,16.1
SIMULATED TRAINING DATA — PROTOTYPE ONLY,43435,Fast Local,8,6.1,32.3,1.9,14.349999999999998,31.9,0.5,11,1,Normal,0.8,Clear,0.19,0,0,0,0,0,0,0,0.48,1.5,1,6.5,32.8,81.3,0.0,0.0,0.0,0,52.3,5540.0,9.9,157,13.9,0,3.1
SIMULATED TRAINING DATA — PROTOTYPE ONLY,43247,EMU Local,3,13.8,23.5,2.3,4.1,21.2,0.5,13,2,Normal,1.9,Clear,0.37,0,0,0,0,0,0,0,0.28,0.8,1,14.8,30.5,78.7,0.0,0.0,0.0,0,13.7,7828.0,17.7,26,24.1,0,0.8
SIMULATED TRAINING DATA — PROTOTYPE ONLY,43213,MEMU,17,1.5,30.0,1.0,32.8,60.5,1.0,9,3,Normal,0.0,Clear,0.18,0,0,0,0,0,0,0,0.79,2.7,4,0.0,30.4,65.5,0.0,0.0,0.0,0,35.8,5797.0,22.1,93,29.5,0,3.7
SIMULATED TRAINING DATA — PROTOTYPE ONLY,43219,MEMU,2,0.2,44.0,2.3,2.05,3.9,1.0,5,5,Normal,1.4,Clear,0.3,0,0,0,0,0,0,0,0.26,1.0,2,1.2,30.4,95.0,0.0,0.0,0.0,2,31.7,9003.0,20.7,301,26.8,0,2.3
SIMULATED TRAINING DATA — PROTOTYPE ONLY,43403,EMU Local,15,1.8,57.4,1.9,28.699999999999996,53.5,0.5,8,6,Warning,6.0,Occupied,0.79,0,0,0,0,0,0,0,0.87,1.6,3,0.0,33.9,72.4,0.0,0.0,0.0,0,39.8,7360.0,37.8,204,58.8,2,12.1
SIMULATED TRAINING DATA — PROTOTYPE ONLY,43215,EMU Local,14,0.1,46.7,2.2,26.65,48.1,2.0,13,4,Normal,1.4,Clear,0.23,0,0,0,0,0,0,0,0.11,0.7,1,0.0,32.9,74.4,24.599999999999998,24.2,2.7,65,94.0,2063.0,12.6,24,18.2,2,7.1
SIMULATED TRAINING DATA — PROTOTYPE ONLY,43215,EMU Local,18,0.9,39.7,3.1,34.849999999999994,63.6,0.5,6,5,Normal,0.5,Clear,0.35,0,0,0,0,0,0,0,0.85,7.7,4,2.1,34.0,82.6,7.5,5.8,3.2,63,76.1,6302.0,30.2,244,46.8,2,8.6
SIMULATED TRAINING DATA — PROTOTYPE ONLY,43435,EMU Local,16,5.6,26.5,2.1,30.749999999999996,61.0,1.0,16,2,Normal,1.1,Clear,0.13,0,0,0,0,0,0,0,0.05,0.2,2,7.2,32.9,62.9,2.9,2.9,0.0,61,90.1,5414.0,6.0,110,8.8,0,0.0
SIMULATED TRAINING DATA — PROTOTYPE ONLY,43501,Fast Local,20,11.1,52.6,1.8,38.949999999999996,81.2,1.0,19,1,Normal,0.8,Clear,0.1,0,0,0,0,0,0,0,0.63,4.8,2,12.1,24.0,71.8,2.8,2.5,0.0,61,85.6,6756.0,17.1,65,22.6,0,4.4
SIMULATED TRAINING DATA — PROTOTYPE ONLY,43401,EMU Local,4,0.4,56.5,1.8,6.1499999999999995,11.5,0.5,18,5,Normal,0.0,Clear,0.15,0,0,0,0,0,0,0,0.57,2.7,2,0.0,31.5,63.8,0.0,0.0,0.0,0,48.2,7133.0,8.2,330,13.4,0,2.1
SIMULATED TRAINING DATA — PROTOTYPE ONLY,43401,MEMU,20,3.3,46.5,1.3,38.949999999999996,73.4,1.5,5,0,Normal,0.0,Clear,0.17,0,0,0,0,0,0,0,0.49,0.9,1,2.6,28.8,57.4,0.0,0.0,0.0,0,29.9,8785.0,23.7,128,29.0,0,1.7
SIMULATED TRAINING DATA — PROTOTYPE ONLY,43403,Fast Local,6,1.2,26.2,2.3,10.25,19.6,0.5,6,4,Critical,17.2,Restricted,0.82,1,1,0,0,20,1,112,0.07,0.2,1,1.0,37.8,78.5,0.0,0.0,0.0,0,57.1,6355.0,14.4,149,23.3,0,27.4
SIMULATED TRAINING DATA — PROTOTYPE ONLY,43207,EMU Local,6,0.6,54.1,2.4,10.25,19.0,0.5,23,0,Normal,0.1,Clear,0.41,0,0,0,0,0,0,0,0.35,1.0,2,0.7,26.9,40.7,0.0,0.0,0.0,0,26.6,9581.0,25.6,320,40.0,1,0.9
SIMULATED TRAINING DATA — PROTOTYPE ONLY,43217,MEMU,11,1.0,60.4,2.1,20.5,37.9,1.0,21,4,Normal,0.3,Clear,0.28,0,0,0,0,0,0,0,0.31,3.0,2,2.1,23.9,53.6,11.7,11.7,1.4,63,89.7,9608.0,24.4,299,41.0,1,5.1
SIMULATED TRAINING DATA — PROTOTYPE ONLY,43205,EMU Local,17,3.4,65.0,2.7,32.8,62.4,1.0,23,3,Normal,1.5,Clear,0.29,0,1,1,0,20,1,67,0.72,2.6,4,3.3,34.7,81.0,0.0,0.0,0.0,0,51.1,6697.0,22.0,184,29.4,0,12.1
SIMULATED TRAINING DATA — PROTOTYPE ONLY,43403,Fast Local,3,0.3,35.4,2.7,4.1,7.7,2.0,23,4,Warning,4.7,Occupied,0.64,0,0,0,0,0,0,0,0.13,0.3,2,0.0,32.5,53.8,0.0,0.0,0.0,0,44.2,6153.0,32.9,9,41.6,1,6.8
SIMULATED TRAINING DATA — PROTOTYPE ONLY,43435,EMU Local,13,2.3,48.5,2.1,24.599999999999998,46.6,0.5,18,6,Normal,0.3,Clear,0.39,0,0,0,0,0,0,0,0.67,0.3,2,1.9,32.1,64.8,0.0,0.0,0.0,0,47.9,8824.0,19.5,31,29.6,0,3.0
SIMULATED TRAINING DATA — PROTOTYPE ONLY,43221,Fast Local,3,0.6,34.0,2.5,4.1,8.0,0.5,8,3,Normal,0.2,Clear,0.1,0,1,0,0,20,1,39,0.61,2.3,2,2.0,33.1,75.1,0.0,0.0,0.0,0,17.3,7382.0,29.9,76,45.2,2,13.9
SIMULATED TRAINING DATA — PROTOTYPE ONLY,43245,EMU Local,16,1.3,28.2,3.4,30.749999999999996,56.6,0.5,14,2,Warning,2.8,Occupied,0.68,0,0,0,0,0,0,0,0.22,0.6,2,1.4,31.1,78.1,0.0,0.0,0.0,0,15.7,7476.0,19.1,5,30.8,1,4.1
SIMULATED TRAINING DATA — PROTOTYPE ONLY,43221,EMU Local,15,0.8,65.7,1.6,28.699999999999996,52.5,1.0,6,0,Critical,21.1,Restricted,0.63,1,0,0,0,0,0,0,0.21,2.1,2,2.6,29.7,78.1,8.9,8.8,3.3,63,70.7,8952.0,36.6,353,51.9,2,29.5
SIMULATED TRAINING DATA — PROTOTYPE ONLY,43401,MEMU,11,8.6,50.5,2.6,20.5,45.5,1.0,12,4,Normal,0.2,Clear,0.15,0,0,0,0,0,0,0,0.37,0.5,2,9.7,32.2,80.1,0.0,0.0,0.0,0,27.0,7148.0,10.3,136,15.4,0,0.0
SIMULATED TRAINING DATA — PROTOTYPE ONLY,43435,EMU Local,18,4.9,61.4,2.2,34.849999999999994,67.6,2.0,10,4,Normal,1.0,Clear,0.36,0,1,0,0,15,1,114,0.68,3.8,2,4.3,27.3,59.2,0.0,0.0,0.0,0,53.0,7498.0,29.2,83,44.0,1,12.2
SIMULATED TRAINING DATA — PROTOTYPE ONLY,43503,EMU Local,15,8.1,23.6,2.7,28.699999999999996,59.8,1.0,5,1,Normal,0.8,Clear,0.1,0,0,0,0,0,0,0,0.26,0.3,2,7.6,37.4,78.1,0.0,0.0,0.0,0,21.2,8874.0,7.1,8,8.8,0,2.0
SIMULATED TRAINING DATA — PROTOTYPE ONLY,43403,EMU Local,5,1.9,46.3,1.6,8.2,16.7,1.5,18,0,Normal,0.8,Clear,0.12,0,0,1,0,15,1,93,0.73,0.5,3,1.8,28.9,66.3,11.4,10.9,1.2,63,94.7,6149.0,10.3,30,13.2,1,11.8
SIMULATED TRAINING DATA — PROTOTYPE ONLY,66069,MEMU,16,1.5,49.6,2.2,30.749999999999996,56.8,2.0,15,2,Normal,0.7,Clear,0.21,0,1,0,0,20,1,27,0.18,0.0,2,1.3,26.6,39.9,14.700000000000001,14.3,1.2,63,91.1,9613.0,22.5,83,30.7,1,9.2
SIMULATED TRAINING DATA — PROTOTYPE ONLY,43249,EMU Local,16,1.9,29.5,1.7,30.749999999999996,57.2,0.5,19,3,Warning,4.1,Occupied,0.88,0,0,1,0,30,1,56,0.78,6.2,5,3.3,33.1,91.7,0.0,0.0,0.0,2,18.4,8088.0,20.0,37,25.1,0,11.3
SIMULATED TRAINING DATA — PROTOTYPE ONLY,43205,EMU Local,17,0.1,64.3,1.0,32.8,59.1,0.5,19,2,Warning,5.2,Occupied,0.8,0,1,0,0,30,1,29,0.77,1.6,5,0.0,28.2,66.6,0.0,0.0,0.0,0,19.7,8289.0,36.7,122,52.7,2,17.2
SIMULATED TRAINING DATA — PROTOTYPE ONLY,43221,EMU Local,9,5.2,38.3,2.9,16.4,34.7,0.5,19,1,Normal,0.2,Clear,0.28,0,0,0,0,0,0,0,0.72,0.8,3,5.3,36.3,72.0,0.0,0.0,0.0,0,24.4,9793.0,5.0,38,8.4,0,3.0
SIMULATED TRAINING DATA — PROTOTYPE ONLY,43249,EMU Local,3,1.7,48.8,1.8,4.1,9.1,0.5,22,2,Normal,0.1,Clear,0.28,0,0,0,0,0,0,0,0.41,0.7,2,2.1,23.5,62.3,0.0,0.0,0.0,0,51.1,5350.0,24.7,220,35.9,1,3.1
SIMULATED TRAINING DATA — PROTOTYPE ONLY,43247,EMU Local,20,1.5,33.7,1.6,38.949999999999996,71.6,1.0,6,3,Warning,2.3,Occupied,0.63,0,0,0,0,0,0,0,0.46,2.0,1,2.3,24.9,78.3,0.0,0.0,0.0,0,59.9,6163.0,15.5,37,25.7,0,4.1
SIMULATED TRAINING DATA — PROTOTYPE ONLY,43251,EMU Local,13,3.6,24.1,1.8,24.599999999999998,47.9,0.5,23,0,Critical,19.7,Restricted,0.98,1,0,0,0,0,0,0,0.12,0.2,1,4.2,30.0,67.0,0.0,0.0,0.0,0,36.0,8176.0,21.0,295,26.6,0,23.6
SIMULATED TRAINING DATA — PROTOTYPE ONLY,43245,EMU Local,3,2.3,55.7,3.2,4.1,9.7,0.5,7,5,Normal,0.2,Clear,0.45,0,0,0,0,0,0,0,0.21,0.2,2,2.8,32.0,62.9,0.0,0.0,0.0,0,16.1,5639.0,23.3,208,30.8,1,2.8
SIMULATED TRAINING DATA — PROTOTYPE ONLY,43203,EMU Local,7,15.8,47.7,2.9,12.299999999999999,37.9,0.5,4,1,Normal,0.2,Clear,0.33,0,0,0,0,0,0,0,0.11,0.0,1,15.2,28.5,98.0,1.0,0.9,0.0,61,95.6,6993.0,22.8,230,32.9,1,1.5
SIMULATED TRAINING DATA — PROTOTYPE ONLY,43403,EMU Local,6,1.8,45.6,2.0,10.25,20.2,0.5,11,6,Normal,0.5,Clear,0.29,0,0,0,0,0,0,0,0.12,0.4,2,1.3,30.4,38.1,0.0,0.0,0.0,0,16.0,8036.0,36.7,358,53.7,2,5.1
SIMULATED TRAINING DATA — PROTOTYPE ONLY,43239,Fast Local,9,3.8,37.8,2.6,16.4,33.3,0.5,18,4,Normal,0.2,Clear,0.29,0,0,0,1,0,1,92,0.91,11.5,5,4.1,38.4,65.6,0.0,0.0,0.0,0,22.3,5746.0,37.6,98,57.0,2,14.7
SIMULATED TRAINING DATA — PROTOTYPE ONLY,43435,EMU Local,12,1.5,47.3,1.5,22.549999999999997,42.1,0.5,8,4,Normal,0.6,Clear,0.47,0,1,0,0,30,1,32,0.75,2.6,5,1.3,28.7,74.3,0.0,0.0,0.0,0,57.6,6844.0,21.7,171,28.4,0,7.2
SIMULATED TRAINING DATA — PROTOTYPE ONLY,43227,EMU Local,15,18.7,61.0,2.4,28.699999999999996,70.4,0.5,23,0,Normal,0.4,Clear,0.39,0,0,0,0,0,0,0,0.15,1.5,1,17.6,25.1,57.6,2.1,0.6,0.0,61,80.2,7676.0,18.3,254,24.0,0,0.8
SIMULATED TRAINING DATA — PROTOTYPE ONLY,43213,EMU Local,21,2.4,31.7,1.8,41.0,76.2,0.5,15,5,Normal,1.3,Clear,0.16,0,0,0,0,0,0,0,0.23,1.7,1,1.9,30.6,62.9,0.0,0.0,0.0,0,38.5,8717.0,28.8,170,44.8,1,3.8
SIMULATED TRAINING DATA — PROTOTYPE ONLY,43403,EMU Local,20,4.0,50.4,2.4,38.949999999999996,74.1,1.0,23,2,Normal,0.0,Clear,0.27,0,0,0,0,0,0,0,0.34,0.2,1,4.2,27.0,74.9,0.0,0.0,0.0,0,55.2,5231.0,22.1,291,34.2,1,3.3
SIMULATED TRAINING DATA — PROTOTYPE ONLY,43205,MEMU,3,0.5,45.0,1.3,4.1,7.9,0.5,23,6,Normal,0.6,Clear,0.22,0,0,1,0,20,1,67,0.32,2.4,2,1.9,33.8,41.4,0.0,0.0,0.0,0,45.6,5861.0,29.3,20,47.8,2,11.5
SIMULATED TRAINING DATA — PROTOTYPE ONLY,43245,EMU Local,10,5.3,39.2,1.7,18.45,38.5,1.5,7,6,Normal,0.6,Clear,0.49,0,0,0,0,0,0,0,0.28,0.0,1,4.2,33.5,89.7,2.2,1.7,0.0,61,89.4,6789.0,17.6,141,22.6,0,0.0
SIMULATED TRAINING DATA — PROTOTYPE ONLY,43227,EMU Local,1,1.3,17.3,2.2,0.0,1.3,1.0,18,4,Normal,1.5,Clear,0.27,0,0,0,0,0,0,0,0.77,1.9,3,0.0,31.0,74.2,0.0,0.0,0.0,0,22.5,5314.0,20.4,283,32.5,1,6.0
SIMULATED TRAINING DATA — PROTOTYPE ONLY,43205,EMU Local,19,2.4,41.8,2.2,36.9,68.8,0.5,9,1,Normal,0.2,Clear,0.13,0,1,0,0,20,1,102,0.92,2.4,4,3.3,33.0,73.7,0.0,0.0,0.0,0,51.9,7546.0,7.7,273,11.2,0,10.2
SIMULATED TRAINING DATA — PROTOTYPE ONLY,43247,EMU Local,19,8.6,52.1,1.2,36.9,75.0,1.0,8,5,Normal,0.2,Clear,0.26,0,0,0,0,0,0,0,0.91,4.1,5,8.1,27.2,71.7,0.0,0.0,0.0,0,25.2,9180.0,26.7,155,36.3,1,5.6
SIMULATED TRAINING DATA — PROTOTYPE ONLY,43511,EMU Local,13,14.1,46.9,1.5,24.599999999999998,58.4,0.5,14,3,Normal,0.1,Clear,0.23,0,1,0,0,20,1,15,0.28,1.4,1,13.1,35.3,64.9,0.0,0.0,0.0,0,35.4,7917.0,32.1,78,52.8,2,12.7
SIMULATED TRAINING DATA — PROTOTYPE ONLY,43201,EMU Local,12,2.2,20.4,2.4,22.549999999999997,42.8,0.5,17,6,Critical,16.4,Restricted,0.64,1,0,0,0,0,0,0,0.81,0.7,3,2.2,29.2,68.3,0.0,0.0,0.0,0,33.9,9633.0,10.9,206,16.7,0,21.9
SIMULATED TRAINING DATA — PROTOTYPE ONLY,43247,EMU Local,1,7.2,60.7,2.3,0.0,7.2,1.0,14,2,Normal,0.3,Clear,0.19,0,0,0,0,0,0,0,0.26,1.9,1,6.1,38.2,73.2,6.1,6.0,1.3,63,80.8,7686.0,36.4,275,55.2,2,6.8
SIMULATED TRAINING DATA — PROTOTYPE ONLY,43239,Fast Local,19,0.2,66.7,2.5,36.9,66.6,1.5,12,5,Normal,0.9,Clear,0.11,0,0,0,0,0,0,0,0.22,0.2,2,2.8,30.2,65.3,0.0,0.0,0.0,0,50.6,7682.0,37.4,292,56.1,2,7.2
SIMULATED TRAINING DATA — PROTOTYPE ONLY,43223,EMU Local,16,7.5,40.4,2.2,30.749999999999996,62.8,2.0,13,6,Normal,0.2,Clear,0.14,0,0,0,0,0,0,0,0.26,3.0,1,6.6,29.7,67.4,3.8000000000000003,3.6,0.0,61,92.5,9110.0,24.0,219,37.4,1,1.9
SIMULATED TRAINING DATA — PROTOTYPE ONLY,43227,EMU Local,15,4.0,75.0,1.5,28.699999999999996,55.7,1.0,9,3,Normal,0.1,Clear,0.21,0,0,0,0,0,0,0,0.78,11.5,4,4.2,30.7,76.9,0.0,0.0,0.0,0,51.7,9803.0,7.6,240,11.5,0,5.6
SIMULATED TRAINING DATA — PROTOTYPE ONLY,43503,Fast Local,16,2.7,29.6,1.9,30.749999999999996,58.0,0.5,14,5,Normal,0.2,Clear,0.24,0,0,0,0,0,0,0,0.38,1.6,2,3.3,33.8,54.8,0.0,0.0,0.0,0,55.6,9478.0,31.3,70,52.3,2,6.2
SIMULATED TRAINING DATA — PROTOTYPE ONLY,43409,MEMU,11,8.8,22.9,2.4,20.5,45.7,0.5,12,5,Normal,0.1,Clear,0.43,0,0,0,0,0,0,0,0.25,0.9,2,9.9,37.3,78.7,0.0,0.0,0.0,0,53.5,5823.0,20.4,84,28.9,0,1.4
SIMULATED TRAINING DATA — PROTOTYPE ONLY,43223,EMU Local,6,7.5,26.8,1.5,10.25,26.0,1.0,8,2,Warning,4.9,Occupied,0.96,0,0,0,0,0,0,0,0.83,11.3,5,6.2,32.9,98.0,0.6,0.1,0.0,2,71.7,9976.0,33.6,63,56.2,2,17.3
SIMULATED TRAINING DATA — PROTOTYPE ONLY,43505,MEMU,11,1.4,45.7,1.4,20.5,38.3,1.0,13,1,Warning,3.9,Occupied,0.96,0,0,0,0,0,0,0,0.28,0.3,2,1.9,40.0,96.2,0.0,0.0,0.0,2,20.2,6769.0,31.7,189,47.9,2,12.6
SIMULATED TRAINING DATA — PROTOTYPE ONLY,43511,Fast Local,3,6.3,15.3,1.9,4.1,13.7,0.5,23,3,Normal,0.2,Clear,0.41,0,0,0,0,0,0,0,0.05,0.2,2,4.3,28.2,75.5,0.0,0.0,0.0,0,48.4,6668.0,24.3,358,31.5,1,0.0
SIMULATED TRAINING DATA — PROTOTYPE ONLY,43425,EMU Local,15,0.4,37.3,2.3,28.699999999999996,52.1,1.5,17,1,Normal,0.1,Clear,0.45,0,1,0,0,20,1,46,0.65,1.2,1,0.8,30.7,57.0,0.0,0.0,0.0,0,32.3,8595.0,6.2,214,8.4,0,9.4
SIMULATED TRAINING DATA — PROTOTYPE ONLY,43237,EMU Local,1,6.9,75.0,1.0,0.0,6.9,0.5,9,3,Normal,1.2,Clear,0.3,0,0,0,1,0,1,97,0.96,0.6,5,6.8,27.1,88.6,0.0,0.0,0.0,2,50.3,7433.0,24.5,186,36.0,1,8.8
